membership_period_id,member_id,period_year,period_start,period_end,membership_type,list_fee,discount_amount,net_membership_revenue,contribution_margin,renewed_next_period
MP000001,M00001,2023,2023-02-23,2023-12-31,Adult annual,540,0,540,237.6,Yes
MP000002,M00001,2024,2024-01-01,2024-12-31,Adult annual,540,0,540,237.6,Yes
MP000003,M00001,2025,2025-01-01,2025-12-31,Adult annual,540,0,540,237.6,Censored
MP000004,M00002,2024,2024-02-14,2024-12-31,Senior annual,390,0,390,140.4,Yes
MP000005,M00002,2025,2025-01-01,2025-12-31,Senior annual,390,75,315,113.4,Censored
MP000006,M00003,2024,2024-03-31,2024-12-31,Adult annual,540,50,490,215.6,No
MP000007,M00004,2025,2025-01-26,2025-12-31,Family annual,840,0,840,327.6,Censored
MP000008,M00005,2024,2024-05-13,2024-12-31,Monthly flexible,480,50,430,176.3,Yes
MP000009,M00005,2025,2025-01-01,2025-12-31,Monthly flexible,480,0,480,196.8,Censored
MP000010,M00006,2023,2023-08-27,2023-12-31,Adult annual,540,0,540,237.6,No
MP000011,M00007,2022,2022-02-09,2022-12-31,Family annual,840,0,840,327.6,No
MP000012,M00008,2022,2022-01-29,2022-12-31,Adult annual,540,50,490,215.6,No
MP000013,M00009,2024,2024-04-30,2024-12-31,Adult annual,540,75,465,204.6,Yes
MP000014,M00009,2025,2025-01-01,2025-12-31,Adult annual,540,0,540,237.6,Censored
MP000015,M00010,2024,2024-02-08,2024-12-31,Monthly flexible,480,0,480,196.8,No
MP000016,M00011,2022,2022-07-24,2022-12-31,Adult annual,540,25,515,226.6,Yes
MP000017,M00011,2023,2023-01-01,2023-12-31,Adult annual,540,0,540,237.6,Yes
MP000018,M00011,2024,2024-01-01,2024-12-31,Adult annual,540,25,515,226.6,Yes
MP000019,M00011,2025,2025-01-01,2025-12-31,Adult annual,540,0,540,237.6,Censored
MP000020,M00012,2024,2024-08-30,2024-12-31,Adult annual,540,0,540,237.6,Yes
MP000021,M00012,2025,2025-01-01,2025-12-31,Adult annual,540,0,540,237.6,Censored
MP000022,M00013,2023,2023-01-14,2023-12-31,Senior annual,390,0,390,140.4,Yes
MP000023,M00013,2024,2024-01-01,2024-12-31,Senior annual,390,0,390,140.4,Yes
MP000024,M00013,2025,2025-01-01,2025-12-31,Senior annual,390,0,390,140.4,Censored
MP000025,M00014,2024,2024-07-08,2024-12-31,Adult annual,540,25,515,226.6,Yes
MP000026,M00014,2025,2025-01-01,2025-12-31,Adult annual,540,25,515,226.6,Censored
MP000027,M00015,2023,2023-04-17,2023-12-31,Monthly flexible,480,0,480,196.8,No
MP000028,M00016,2022,2022-02-18,2022-12-31,Adult annual,540,0,540,237.6,Yes
MP000029,M00016,2023,2023-01-01,2023-12-31,Adult annual,540,0,540,237.6,Yes
MP000030,M00016,2024,2024-01-01,2024-12-31,Adult annual,540,0,540,237.6,Yes
MP000031,M00016,2025,2025-01-01,2025-12-31,Adult annual,540,0,540,237.6,Censored
MP000032,M00017,2024,2024-11-18,2024-12-31,Adult annual,540,25,515,226.6,Yes
MP000033,M00017,2025,2025-01-01,2025-12-31,Adult annual,540,0,540,237.6,Censored
MP000034,M00018,2024,2024-07-17,2024-12-31,Adult annual,540,0,540,237.6,No
MP000035,M00019,2023,2023-03-18,2023-12-31,Youth annual,300,0,300,93,Yes
MP000036,M00019,2024,2024-01-01,2024-12-31,Youth annual,300,0,300,93,Yes
MP000037,M00019,2025,2025-01-01,2025-12-31,Youth annual,300,0,300,93,Censored
MP000038,M00020,2023,2023-03-26,2023-12-31,Monthly flexible,480,0,480,196.8,Yes
MP000039,M00020,2024,2024-01-01,2024-12-31,Monthly flexible,480,0,480,196.8,No
MP000040,M00021,2023,2023-04-07,2023-12-31,Family annual,840,0,840,327.6,Yes
MP000041,M00021,2024,2024-01-01,2024-12-31,Family annual,840,75,765,298.35,No
MP000042,M00022,2023,2023-06-29,2023-12-31,Monthly flexible,480,0,480,196.8,Yes
MP000043,M00022,2024,2024-01-01,2024-12-31,Monthly flexible,480,0,480,196.8,Yes
MP000044,M00022,2025,2025-01-01,2025-12-31,Monthly flexible,480,0,480,196.8,Censored
MP000045,M00023,2022,2022-09-06,2022-12-31,Senior annual,390,0,390,140.4,Yes
MP000046,M00023,2023,2023-01-01,2023-12-31,Senior annual,390,0,390,140.4,Yes
MP000047,M00023,2024,2024-01-01,2024-12-31,Senior annual,390,0,390,140.4,No
MP000048,M00024,2025,2025-10-30,2025-12-31,Adult annual,540,25,515,226.6,Censored
MP000049,M00025,2025,2025-05-04,2025-12-31,Family annual,840,0,840,327.6,Censored
MP000050,M00026,2025,2025-08-16,2025-12-31,Monthly flexible,480,25,455,186.55,Censored
MP000051,M00027,2025,2025-04-21,2025-12-31,Monthly flexible,480,25,455,186.55,Censored
MP000052,M00028,2024,2024-08-28,2024-12-31,Family annual,840,0,840,327.6,No
MP000053,M00029,2023,2023-09-26,2023-12-31,Youth annual,300,75,225,69.75,No
MP000054,M00030,2022,2022-08-10,2022-12-31,Family annual,840,0,840,327.6,Yes
MP000055,M00030,2023,2023-01-01,2023-12-31,Family annual,840,0,840,327.6,Yes
MP000056,M00030,2024,2024-01-01,2024-12-31,Family annual,840,0,840,327.6,Yes
MP000057,M00030,2025,2025-01-01,2025-12-31,Family annual,840,0,840,327.6,Censored
MP000058,M00031,2023,2023-03-26,2023-12-31,Family annual,840,0,840,327.6,Yes
MP000059,M00031,2024,2024-01-01,2024-12-31,Family annual,840,0,840,327.6,No
MP000060,M00032,2022,2022-04-01,2022-12-31,Youth annual,300,0,300,93,Yes
MP000061,M00032,2023,2023-01-01,2023-12-31,Youth annual,300,50,250,77.5,Yes
MP000062,M00032,2024,2024-01-01,2024-12-31,Youth annual,300,0,300,93,Yes
MP000063,M00032,2025,2025-01-01,2025-12-31,Youth annual,300,0,300,93,Censored
MP000064,M00033,2025,2025-02-05,2025-12-31,Adult annual,540,25,515,226.6,Censored
MP000065,M00034,2023,2023-11-13,2023-12-31,Senior annual,390,0,390,140.4,Yes
MP000066,M00034,2024,2024-01-01,2024-12-31,Senior annual,390,50,340,122.4,Yes
MP000067,M00034,2025,2025-01-01,2025-12-31,Senior annual,390,0,390,140.4,Censored
MP000068,M00035,2023,2023-05-27,2023-12-31,Family annual,840,50,790,308.1,No
MP000069,M00036,2025,2025-02-05,2025-12-31,Family annual,840,0,840,327.6,Censored
MP000070,M00037,2024,2024-02-06,2024-12-31,Family annual,840,0,840,327.6,Yes
MP000071,M00037,2025,2025-01-01,2025-12-31,Family annual,840,0,840,327.6,Censored
MP000072,M00038,2025,2025-01-24,2025-12-31,Adult annual,540,0,540,237.6,Censored
MP000073,M00039,2023,2023-04-24,2023-12-31,Senior annual,390,50,340,122.4,Yes
MP000074,M00039,2024,2024-01-01,2024-12-31,Senior annual,390,0,390,140.4,No
MP000075,M00040,2025,2025-10-21,2025-12-31,Adult annual,540,50,490,215.6,Censored
MP000076,M00041,2024,2024-10-28,2024-12-31,Senior annual,390,0,390,140.4,Yes
MP000077,M00041,2025,2025-01-01,2025-12-31,Senior annual,390,25,365,131.4,Censored
MP000078,M00042,2024,2024-05-01,2024-12-31,Family annual,840,0,840,327.6,Yes
MP000079,M00042,2025,2025-01-01,2025-12-31,Family annual,840,0,840,327.6,Censored
MP000080,M00043,2024,2024-02-06,2024-12-31,Adult annual,540,25,515,226.6,No
MP000081,M00044,2024,2024-11-22,2024-12-31,Monthly flexible,480,0,480,196.8,Yes
MP000082,M00044,2025,2025-01-01,2025-12-31,Monthly flexible,480,0,480,196.8,Censored
MP000083,M00045,2023,2023-02-12,2023-12-31,Senior annual,390,75,315,113.4,No
MP000084,M00046,2025,2025-09-14,2025-12-31,Family annual,840,0,840,327.6,Censored
MP000085,M00047,2023,2023-02-12,2023-12-31,Adult annual,540,0,540,237.6,Yes
MP000086,M00047,2024,2024-01-01,2024-12-31,Adult annual,540,0,540,237.6,No
MP000087,M00048,2024,2024-01-24,2024-12-31,Family annual,840,0,840,327.6,Yes
MP000088,M00048,2025,2025-01-01,2025-12-31,Family annual,840,0,840,327.6,Censored
MP000089,M00049,2023,2023-10-31,2023-12-31,Family annual,840,0,840,327.6,No
MP000090,M00050,2024,2024-03-24,2024-12-31,Monthly flexible,480,0,480,196.8,No
MP000091,M00051,2023,2023-06-12,2023-12-31,Monthly flexible,480,50,430,176.3,Yes
MP000092,M00051,2024,2024-01-01,2024-12-31,Monthly flexible,480,0,480,196.8,Yes
MP000093,M00051,2025,2025-01-01,2025-12-31,Monthly flexible,480,25,455,186.55,Censored
MP000094,M00052,2023,2023-01-28,2023-12-31,Adult annual,540,0,540,237.6,Yes
MP000095,M00052,2024,2024-01-01,2024-12-31,Adult annual,540,0,540,237.6,Yes
MP000096,M00052,2025,2025-01-01,2025-12-31,Adult annual,540,0,540,237.6,Censored
MP000097,M00053,2024,2024-10-14,2024-12-31,Family annual,840,0,840,327.6,Yes
MP000098,M00053,2025,2025-01-01,2025-12-31,Family annual,840,0,840,327.6,Censored
MP000099,M00054,2023,2023-02-06,2023-12-31,Monthly flexible,480,0,480,196.8,No
MP000100,M00055,2023,2023-10-20,2023-12-31,Family annual,840,0,840,327.6,Yes
MP000101,M00055,2024,2024-01-01,2024-12-31,Family annual,840,50,790,308.1,Yes
MP000102,M00055,2025,2025-01-01,2025-12-31,Family annual,840,25,815,317.85,Censored
MP000103,M00056,2023,2023-05-08,2023-12-31,Adult annual,540,0,540,237.6,No
MP000104,M00057,2022,2022-09-22,2022-12-31,Adult annual,540,0,540,237.6,Yes
MP000105,M00057,2023,2023-01-01,2023-12-31,Adult annual,540,0,540,237.6,No
MP000106,M00058,2023,2023-11-25,2023-12-31,Adult annual,540,0,540,237.6,Yes
MP000107,M00058,2024,2024-01-01,2024-12-31,Adult annual,540,0,540,237.6,Yes
MP000108,M00058,2025,2025-01-01,2025-12-31,Adult annual,540,0,540,237.6,Censored
MP000109,M00059,2023,2023-08-27,2023-12-31,Youth annual,300,0,300,93,Yes
MP000110,M00059,2024,2024-01-01,2024-12-31,Youth annual,300,50,250,77.5,Yes
MP000111,M00059,2025,2025-01-01,2025-12-31,Youth annual,300,0,300,93,Censored
MP000112,M00060,2022,2022-09-01,2022-12-31,Youth annual,300,0,300,93,Yes
MP000113,M00060,2023,2023-01-01,2023-12-31,Youth annual,300,0,300,93,No
MP000114,M00061,2023,2023-04-23,2023-12-31,Senior annual,390,25,365,131.4,No
MP000115,M00062,2025,2025-02-20,2025-12-31,Adult annual,540,50,490,215.6,Censored
MP000116,M00063,2024,2024-09-05,2024-12-31,Monthly flexible,480,50,430,176.3,No
MP000117,M00064,2023,2023-04-11,2023-12-31,Senior annual,390,0,390,140.4,Yes
MP000118,M00064,2024,2024-01-01,2024-12-31,Senior annual,390,0,390,140.4,Yes
MP000119,M00064,2025,2025-01-01,2025-12-31,Senior annual,390,50,340,122.4,Censored
MP000120,M00065,2024,2024-06-05,2024-12-31,Family annual,840,50,790,308.1,Yes
MP000121,M00065,2025,2025-01-01,2025-12-31,Family annual,840,0,840,327.6,Censored
MP000122,M00066,2024,2024-04-23,2024-12-31,Monthly flexible,480,0,480,196.8,Yes
MP000123,M00066,2025,2025-01-01,2025-12-31,Monthly flexible,480,50,430,176.3,Censored
MP000124,M00067,2025,2025-09-07,2025-12-31,Adult annual,540,0,540,237.6,Censored
MP000125,M00068,2022,2022-03-15,2022-12-31,Monthly flexible,480,0,480,196.8,No
MP000126,M00069,2025,2025-03-19,2025-12-31,Senior annual,390,75,315,113.4,Censored
MP000127,M00070,2024,2024-01-28,2024-12-31,Senior annual,390,0,390,140.4,No
MP000128,M00071,2024,2024-02-07,2024-12-31,Senior annual,390,0,390,140.4,Yes
MP000129,M00071,2025,2025-01-01,2025-12-31,Senior annual,390,50,340,122.4,Censored
MP000130,M00072,2024,2024-06-03,2024-12-31,Family annual,840,0,840,327.6,Yes
MP000131,M00072,2025,2025-01-01,2025-12-31,Family annual,840,0,840,327.6,Censored
MP000132,M00073,2024,2024-03-18,2024-12-31,Family annual,840,75,765,298.35,Yes
MP000133,M00073,2025,2025-01-01,2025-12-31,Family annual,840,0,840,327.6,Censored
MP000134,M00074,2024,2024-11-20,2024-12-31,Adult annual,540,75,465,204.6,Yes
MP000135,M00074,2025,2025-01-01,2025-12-31,Adult annual,540,0,540,237.6,Censored
MP000136,M00075,2025,2025-08-28,2025-12-31,Youth annual,300,0,300,93,Censored
MP000137,M00076,2025,2025-04-27,2025-12-31,Monthly flexible,480,50,430,176.3,Censored
MP000138,M00077,2024,2024-09-20,2024-12-31,Adult annual,540,0,540,237.6,Yes
MP000139,M00077,2025,2025-01-01,2025-12-31,Adult annual,540,0,540,237.6,Censored
MP000140,M00078,2025,2025-04-06,2025-12-31,Adult annual,540,75,465,204.6,Censored
MP000141,M00079,2023,2023-04-29,2023-12-31,Family annual,840,0,840,327.6,Yes
MP000142,M00079,2024,2024-01-01,2024-12-31,Family annual,840,0,840,327.6,Yes
MP000143,M00079,2025,2025-01-01,2025-12-31,Family annual,840,0,840,327.6,Censored
MP000144,M00080,2025,2025-09-11,2025-12-31,Adult annual,540,0,540,237.6,Censored
MP000145,M00081,2024,2024-03-24,2024-12-31,Monthly flexible,480,0,480,196.8,Yes
MP000146,M00081,2025,2025-01-01,2025-12-31,Monthly flexible,480,0,480,196.8,Censored
MP000147,M00082,2022,2022-08-04,2022-12-31,Youth annual,300,0,300,93,Yes
MP000148,M00082,2023,2023-01-01,2023-12-31,Youth annual,300,0,300,93,Yes
MP000149,M00082,2024,2024-01-01,2024-12-31,Youth annual,300,0,300,93,No
MP000150,M00083,2022,2022-04-22,2022-12-31,Adult annual,540,50,490,215.6,Yes
MP000151,M00083,2023,2023-01-01,2023-12-31,Adult annual,540,0,540,237.6,No
MP000152,M00084,2024,2024-04-22,2024-12-31,Adult annual,540,0,540,237.6,Yes
MP000153,M00084,2025,2025-01-01,2025-12-31,Adult annual,540,50,490,215.6,Censored
MP000154,M00085,2025,2025-03-24,2025-12-31,Family annual,840,0,840,327.6,Censored
MP000155,M00086,2022,2022-03-19,2022-12-31,Monthly flexible,480,25,455,186.55,Yes
MP000156,M00086,2023,2023-01-01,2023-12-31,Monthly flexible,480,50,430,176.3,No
MP000157,M00087,2022,2022-08-18,2022-12-31,Monthly flexible,480,0,480,196.8,Yes
MP000158,M00087,2023,2023-01-01,2023-12-31,Monthly flexible,480,25,455,186.55,No
MP000159,M00088,2023,2023-03-08,2023-12-31,Family annual,840,25,815,317.85,No
MP000160,M00089,2022,2022-10-29,2022-12-31,Senior annual,390,0,390,140.4,Yes
MP000161,M00089,2023,2023-01-01,2023-12-31,Senior annual,390,50,340,122.4,Yes
MP000162,M00089,2024,2024-01-01,2024-12-31,Senior annual,390,75,315,113.4,Yes
MP000163,M00089,2025,2025-01-01,2025-12-31,Senior annual,390,0,390,140.4,Censored
MP000164,M00090,2023,2023-04-24,2023-12-31,Adult annual,540,0,540,237.6,Yes
MP000165,M00090,2024,2024-01-01,2024-12-31,Adult annual,540,0,540,237.6,Yes
MP000166,M00090,2025,2025-01-01,2025-12-31,Adult annual,540,0,540,237.6,Censored
MP000167,M00091,2024,2024-07-15,2024-12-31,Family annual,840,0,840,327.6,Yes
MP000168,M00091,2025,2025-01-01,2025-12-31,Family annual,840,0,840,327.6,Censored
MP000169,M00092,2024,2024-11-09,2024-12-31,Adult annual,540,25,515,226.6,Yes
MP000170,M00092,2025,2025-01-01,2025-12-31,Adult annual,540,0,540,237.6,Censored
MP000171,M00093,2024,2024-02-03,2024-12-31,Family annual,840,25,815,317.85,Yes
MP000172,M00093,2025,2025-01-01,2025-12-31,Family annual,840,0,840,327.6,Censored
MP000173,M00094,2022,2022-06-08,2022-12-31,Monthly flexible,480,0,480,196.8,Yes
MP000174,M00094,2023,2023-01-01,2023-12-31,Monthly flexible,480,25,455,186.55,No
MP000175,M00095,2023,2023-08-23,2023-12-31,Adult annual,540,0,540,237.6,Yes
MP000176,M00095,2024,2024-01-01,2024-12-31,Adult annual,540,25,515,226.6,Yes
MP000177,M00095,2025,2025-01-01,2025-12-31,Adult annual,540,0,540,237.6,Censored
MP000178,M00096,2023,2023-01-23,2023-12-31,Adult annual,540,0,540,237.6,Yes
MP000179,M00096,2024,2024-01-01,2024-12-31,Adult annual,540,0,540,237.6,Yes
MP000180,M00096,2025,2025-01-01,2025-12-31,Adult annual,540,50,490,215.6,Censored
MP000181,M00097,2024,2024-03-11,2024-12-31,Adult annual,540,75,465,204.6,Yes
MP000182,M00097,2025,2025-01-01,2025-12-31,Adult annual,540,25,515,226.6,Censored
MP000183,M00098,2024,2024-05-21,2024-12-31,Senior annual,390,0,390,140.4,Yes
MP000184,M00098,2025,2025-01-01,2025-12-31,Senior annual,390,0,390,140.4,Censored
MP000185,M00099,2022,2022-04-01,2022-12-31,Family annual,840,50,790,308.1,Yes
MP000186,M00099,2023,2023-01-01,2023-12-31,Family annual,840,0,840,327.6,Yes
MP000187,M00099,2024,2024-01-01,2024-12-31,Family annual,840,0,840,327.6,Yes
MP000188,M00099,2025,2025-01-01,2025-12-31,Family annual,840,0,840,327.6,Censored
MP000189,M00100,2024,2024-01-29,2024-12-31,Monthly flexible,480,0,480,196.8,No
MP000190,M00101,2023,2023-09-14,2023-12-31,Family annual,840,0,840,327.6,Yes
MP000191,M00101,2024,2024-01-01,2024-12-31,Family annual,840,50,790,308.1,Yes
MP000192,M00101,2025,2025-01-01,2025-12-31,Family annual,840,0,840,327.6,Censored
MP000193,M00102,2024,2024-05-31,2024-12-31,Family annual,840,0,840,327.6,No
MP000194,M00103,2024,2024-09-07,2024-12-31,Monthly flexible,480,0,480,196.8,No
MP000195,M00104,2023,2023-03-25,2023-12-31,Adult annual,540,0,540,237.6,Yes
MP000196,M00104,2024,2024-01-01,2024-12-31,Adult annual,540,50,490,215.6,Yes
MP000197,M00104,2025,2025-01-01,2025-12-31,Adult annual,540,0,540,237.6,Censored
MP000198,M00105,2022,2022-02-18,2022-12-31,Adult annual,540,0,540,237.6,Yes
MP000199,M00105,2023,2023-01-01,2023-12-31,Adult annual,540,50,490,215.6,Yes
MP000200,M00105,2024,2024-01-01,2024-12-31,Adult annual,540,0,540,237.6,No
MP000201,M00106,2023,2023-08-13,2023-12-31,Youth annual,300,25,275,85.25,Yes
MP000202,M00106,2024,2024-01-01,2024-12-31,Youth annual,300,0,300,93,Yes
MP000203,M00106,2025,2025-01-01,2025-12-31,Youth annual,300,0,300,93,Censored
MP000204,M00107,2022,2022-05-05,2022-12-31,Senior annual,390,0,390,140.4,Yes
MP000205,M00107,2023,2023-01-01,2023-12-31,Senior annual,390,0,390,140.4,Yes
MP000206,M00107,2024,2024-01-01,2024-12-31,Senior annual,390,25,365,131.4,Yes
MP000207,M00107,2025,2025-01-01,2025-12-31,Senior annual,390,0,390,140.4,Censored
MP000208,M00108,2022,2022-07-04,2022-12-31,Adult annual,540,0,540,237.6,Yes
MP000209,M00108,2023,2023-01-01,2023-12-31,Adult annual,540,50,490,215.6,Yes
MP000210,M00108,2024,2024-01-01,2024-12-31,Adult annual,540,0,540,237.6,No
MP000211,M00109,2022,2022-05-27,2022-12-31,Adult annual,540,0,540,237.6,Yes
MP000212,M00109,2023,2023-01-01,2023-12-31,Adult annual,540,0,540,237.6,Yes
MP000213,M00109,2024,2024-01-01,2024-12-31,Adult annual,540,0,540,237.6,Yes
MP000214,M00109,2025,2025-01-01,2025-12-31,Adult annual,540,50,490,215.6,Censored
MP000215,M00110,2022,2022-02-26,2022-12-31,Youth annual,300,0,300,93,Yes
MP000216,M00110,2023,2023-01-01,2023-12-31,Youth annual,300,0,300,93,Yes
MP000217,M00110,2024,2024-01-01,2024-12-31,Youth annual,300,0,300,93,Yes
MP000218,M00110,2025,2025-01-01,2025-12-31,Youth annual,300,0,300,93,Censored
MP000219,M00111,2024,2024-03-21,2024-12-31,Adult annual,540,0,540,237.6,Yes
MP000220,M00111,2025,2025-01-01,2025-12-31,Adult annual,540,0,540,237.6,Censored
MP000221,M00112,2024,2024-02-12,2024-12-31,Youth annual,300,0,300,93,Yes
MP000222,M00112,2025,2025-01-01,2025-12-31,Youth annual,300,0,300,93,Censored
MP000223,M00113,2022,2022-09-30,2022-12-31,Family annual,840,0,840,327.6,Yes
MP000224,M00113,2023,2023-01-01,2023-12-31,Family annual,840,0,840,327.6,Yes
MP000225,M00113,2024,2024-01-01,2024-12-31,Family annual,840,0,840,327.6,Yes
MP000226,M00113,2025,2025-01-01,2025-12-31,Family annual,840,0,840,327.6,Censored
MP000227,M00114,2023,2023-01-22,2023-12-31,Senior annual,390,0,390,140.4,Yes
MP000228,M00114,2024,2024-01-01,2024-12-31,Senior annual,390,0,390,140.4,Yes
MP000229,M00114,2025,2025-01-01,2025-12-31,Senior annual,390,0,390,140.4,Censored
MP000230,M00115,2025,2025-08-18,2025-12-31,Adult annual,540,25,515,226.6,Censored
MP000231,M00116,2024,2024-06-22,2024-12-31,Family annual,840,0,840,327.6,Yes
MP000232,M00116,2025,2025-01-01,2025-12-31,Family annual,840,75,765,298.35,Censored
MP000233,M00117,2023,2023-03-05,2023-12-31,Adult annual,540,0,540,237.6,Yes
MP000234,M00117,2024,2024-01-01,2024-12-31,Adult annual,540,0,540,237.6,No
MP000235,M00118,2023,2023-03-06,2023-12-31,Adult annual,540,0,540,237.6,No
MP000236,M00119,2024,2024-04-22,2024-12-31,Senior annual,390,0,390,140.4,Yes
MP000237,M00119,2025,2025-01-01,2025-12-31,Senior annual,390,25,365,131.4,Censored
MP000238,M00120,2023,2023-02-02,2023-12-31,Adult annual,540,50,490,215.6,Yes
MP000239,M00120,2024,2024-01-01,2024-12-31,Adult annual,540,0,540,237.6,Yes
MP000240,M00120,2025,2025-01-01,2025-12-31,Adult annual,540,0,540,237.6,Censored
MP000241,M00121,2025,2025-11-19,2025-12-31,Youth annual,300,0,300,93,Censored
MP000242,M00122,2025,2025-07-28,2025-12-31,Senior annual,390,0,390,140.4,Censored
MP000243,M00123,2022,2022-09-02,2022-12-31,Monthly flexible,480,0,480,196.8,Yes
MP000244,M00123,2023,2023-01-01,2023-12-31,Monthly flexible,480,25,455,186.55,Yes
MP000245,M00123,2024,2024-01-01,2024-12-31,Monthly flexible,480,0,480,196.8,Yes
MP000246,M00123,2025,2025-01-01,2025-12-31,Monthly flexible,480,0,480,196.8,Censored
MP000247,M00124,2024,2024-11-06,2024-12-31,Senior annual,390,25,365,131.4,Yes
MP000248,M00124,2025,2025-01-01,2025-12-31,Senior annual,390,0,390,140.4,Censored
MP000249,M00125,2022,2022-08-08,2022-12-31,Family annual,840,0,840,327.6,Yes
MP000250,M00125,2023,2023-01-01,2023-12-31,Family annual,840,0,840,327.6,Yes
MP000251,M00125,2024,2024-01-01,2024-12-31,Family annual,840,0,840,327.6,No
MP000252,M00126,2025,2025-07-27,2025-12-31,Senior annual,390,0,390,140.4,Censored
MP000253,M00127,2023,2023-05-04,2023-12-31,Senior annual,390,50,340,122.4,Yes
MP000254,M00127,2024,2024-01-01,2024-12-31,Senior annual,390,0,390,140.4,Yes
MP000255,M00127,2025,2025-01-01,2025-12-31,Senior annual,390,0,390,140.4,Censored
MP000256,M00128,2022,2022-09-22,2022-12-31,Adult annual,540,0,540,237.6,Yes
MP000257,M00128,2023,2023-01-01,2023-12-31,Adult annual,540,50,490,215.6,Yes
MP000258,M00128,2024,2024-01-01,2024-12-31,Adult annual,540,0,540,237.6,Yes
MP000259,M00128,2025,2025-01-01,2025-12-31,Adult annual,540,0,540,237.6,Censored
MP000260,M00129,2023,2023-05-06,2023-12-31,Youth annual,300,50,250,77.5,Yes
MP000261,M00129,2024,2024-01-01,2024-12-31,Youth annual,300,0,300,93,Yes
MP000262,M00129,2025,2025-01-01,2025-12-31,Youth annual,300,25,275,85.25,Censored
MP000263,M00130,2023,2023-08-02,2023-12-31,Monthly flexible,480,50,430,176.3,Yes
MP000264,M00130,2024,2024-01-01,2024-12-31,Monthly flexible,480,0,480,196.8,Yes
MP000265,M00130,2025,2025-01-01,2025-12-31,Monthly flexible,480,50,430,176.3,Censored
MP000266,M00131,2022,2022-09-01,2022-12-31,Adult annual,540,0,540,237.6,Yes
MP000267,M00131,2023,2023-01-01,2023-12-31,Adult annual,540,0,540,237.6,Yes
MP000268,M00131,2024,2024-01-01,2024-12-31,Adult annual,540,0,540,237.6,Yes
MP000269,M00131,2025,2025-01-01,2025-12-31,Adult annual,540,25,515,226.6,Censored
MP000270,M00132,2022,2022-07-10,2022-12-31,Family annual,840,0,840,327.6,Yes
MP000271,M00132,2023,2023-01-01,2023-12-31,Family annual,840,0,840,327.6,Yes
MP000272,M00132,2024,2024-01-01,2024-12-31,Family annual,840,50,790,308.1,Yes
MP000273,M00132,2025,2025-01-01,2025-12-31,Family annual,840,0,840,327.6,Censored
MP000274,M00133,2023,2023-03-06,2023-12-31,Senior annual,390,25,365,131.4,Yes
MP000275,M00133,2024,2024-01-01,2024-12-31,Senior annual,390,0,390,140.4,Yes
MP000276,M00133,2025,2025-01-01,2025-12-31,Senior annual,390,0,390,140.4,Censored
MP000277,M00134,2024,2024-08-03,2024-12-31,Monthly flexible,480,0,480,196.8,Yes
MP000278,M00134,2025,2025-01-01,2025-12-31,Monthly flexible,480,25,455,186.55,Censored
MP000279,M00135,2023,2023-11-10,2023-12-31,Family annual,840,0,840,327.6,No
MP000280,M00136,2024,2024-01-18,2024-12-31,Monthly flexible,480,0,480,196.8,No
MP000281,M00137,2023,2023-01-06,2023-12-31,Adult annual,540,50,490,215.6,Yes
MP000282,M00137,2024,2024-01-01,2024-12-31,Adult annual,540,75,465,204.6,No
MP000283,M00138,2022,2022-09-12,2022-12-31,Youth annual,300,0,300,93,No
MP000284,M00139,2023,2023-11-10,2023-12-31,Monthly flexible,480,0,480,196.8,No
MP000285,M00140,2024,2024-02-02,2024-12-31,Family annual,840,0,840,327.6,Yes
MP000286,M00140,2025,2025-01-01,2025-12-31,Family annual,840,50,790,308.1,Censored
MP000287,M00141,2023,2023-09-03,2023-12-31,Family annual,840,75,765,298.35,Yes
MP000288,M00141,2024,2024-01-01,2024-12-31,Family annual,840,25,815,317.85,Yes
MP000289,M00141,2025,2025-01-01,2025-12-31,Family annual,840,0,840,327.6,Censored
MP000290,M00142,2022,2022-02-28,2022-12-31,Monthly flexible,480,0,480,196.8,Yes
MP000291,M00142,2023,2023-01-01,2023-12-31,Monthly flexible,480,25,455,186.55,No
MP000292,M00143,2022,2022-09-20,2022-12-31,Family annual,840,0,840,327.6,No
MP000293,M00144,2024,2024-09-10,2024-12-31,Adult annual,540,0,540,237.6,No
MP000294,M00145,2022,2022-08-11,2022-12-31,Family annual,840,0,840,327.6,No
MP000295,M00146,2024,2024-07-06,2024-12-31,Senior annual,390,0,390,140.4,Yes
MP000296,M00146,2025,2025-01-01,2025-12-31,Senior annual,390,0,390,140.4,Censored
MP000297,M00147,2024,2024-02-24,2024-12-31,Family annual,840,25,815,317.85,Yes
MP000298,M00147,2025,2025-01-01,2025-12-31,Family annual,840,25,815,317.85,Censored
MP000299,M00148,2022,2022-07-13,2022-12-31,Family annual,840,0,840,327.6,Yes
MP000300,M00148,2023,2023-01-01,2023-12-31,Family annual,840,75,765,298.35,Yes
MP000301,M00148,2024,2024-01-01,2024-12-31,Family annual,840,25,815,317.85,Yes
MP000302,M00148,2025,2025-01-01,2025-12-31,Family annual,840,25,815,317.85,Censored
MP000303,M00149,2024,2024-07-22,2024-12-31,Adult annual,540,50,490,215.6,Yes
MP000304,M00149,2025,2025-01-01,2025-12-31,Adult annual,540,75,465,204.6,Censored
MP000305,M00150,2023,2023-04-15,2023-12-31,Adult annual,540,0,540,237.6,Yes
MP000306,M00150,2024,2024-01-01,2024-12-31,Adult annual,540,0,540,237.6,Yes
MP000307,M00150,2025,2025-01-01,2025-12-31,Adult annual,540,0,540,237.6,Censored
MP000308,M00151,2024,2024-09-15,2024-12-31,Youth annual,300,0,300,93,No
MP000309,M00152,2024,2024-01-27,2024-12-31,Youth annual,300,0,300,93,Yes
MP000310,M00152,2025,2025-01-01,2025-12-31,Youth annual,300,0,300,93,Censored
MP000311,M00153,2025,2025-04-26,2025-12-31,Monthly flexible,480,0,480,196.8,Censored
MP000312,M00154,2022,2022-08-30,2022-12-31,Adult annual,540,0,540,237.6,No
MP000313,M00155,2024,2024-01-13,2024-12-31,Senior annual,390,0,390,140.4,Yes
MP000314,M00155,2025,2025-01-01,2025-12-31,Senior annual,390,0,390,140.4,Censored
MP000315,M00156,2022,2022-10-04,2022-12-31,Monthly flexible,480,50,430,176.3,Yes
MP000316,M00156,2023,2023-01-01,2023-12-31,Monthly flexible,480,25,455,186.55,Yes
MP000317,M00156,2024,2024-01-01,2024-12-31,Monthly flexible,480,0,480,196.8,Yes
MP000318,M00156,2025,2025-01-01,2025-12-31,Monthly flexible,480,50,430,176.3,Censored
MP000319,M00157,2024,2024-04-29,2024-12-31,Senior annual,390,50,340,122.4,Yes
MP000320,M00157,2025,2025-01-01,2025-12-31,Senior annual,390,0,390,140.4,Censored
MP000321,M00158,2022,2022-07-24,2022-12-31,Family annual,840,0,840,327.6,No
MP000322,M00159,2025,2025-08-14,2025-12-31,Youth annual,300,0,300,93,Censored
MP000323,M00160,2024,2024-01-26,2024-12-31,Monthly flexible,480,0,480,196.8,Yes
MP000324,M00160,2025,2025-01-01,2025-12-31,Monthly flexible,480,0,480,196.8,Censored
MP000325,M00161,2024,2024-06-04,2024-12-31,Monthly flexible,480,0,480,196.8,Yes
MP000326,M00161,2025,2025-01-01,2025-12-31,Monthly flexible,480,0,480,196.8,Censored
MP000327,M00162,2022,2022-02-11,2022-12-31,Adult annual,540,50,490,215.6,Yes
MP000328,M00162,2023,2023-01-01,2023-12-31,Adult annual,540,75,465,204.6,Yes
MP000329,M00162,2024,2024-01-01,2024-12-31,Adult annual,540,0,540,237.6,Yes
MP000330,M00162,2025,2025-01-01,2025-12-31,Adult annual,540,0,540,237.6,Censored
MP000331,M00163,2023,2023-10-05,2023-12-31,Adult annual,540,0,540,237.6,Yes
MP000332,M00163,2024,2024-01-01,2024-12-31,Adult annual,540,0,540,237.6,Yes
MP000333,M00163,2025,2025-01-01,2025-12-31,Adult annual,540,50,490,215.6,Censored
MP000334,M00164,2022,2022-01-18,2022-12-31,Family annual,840,0,840,327.6,No
MP000335,M00165,2024,2024-11-15,2024-12-31,Adult annual,540,0,540,237.6,Yes
MP000336,M00165,2025,2025-01-01,2025-12-31,Adult annual,540,50,490,215.6,Censored
MP000337,M00166,2022,2022-02-02,2022-12-31,Monthly flexible,480,0,480,196.8,No
MP000338,M00167,2024,2024-08-24,2024-12-31,Family annual,840,25,815,317.85,Yes
MP000339,M00167,2025,2025-01-01,2025-12-31,Family annual,840,0,840,327.6,Censored
MP000340,M00168,2023,2023-07-13,2023-12-31,Adult annual,540,0,540,237.6,Yes
MP000341,M00168,2024,2024-01-01,2024-12-31,Adult annual,540,0,540,237.6,No
MP000342,M00169,2023,2023-02-23,2023-12-31,Monthly flexible,480,50,430,176.3,Yes
MP000343,M00169,2024,2024-01-01,2024-12-31,Monthly flexible,480,50,430,176.3,Yes
MP000344,M00169,2025,2025-01-01,2025-12-31,Monthly flexible,480,0,480,196.8,Censored
MP000345,M00170,2025,2025-11-19,2025-12-31,Adult annual,540,50,490,215.6,Censored
MP000346,M00171,2023,2023-02-03,2023-12-31,Youth annual,300,0,300,93,Yes
MP000347,M00171,2024,2024-01-01,2024-12-31,Youth annual,300,0,300,93,No
MP000348,M00172,2023,2023-11-11,2023-12-31,Family annual,840,0,840,327.6,No
MP000349,M00173,2023,2023-03-02,2023-12-31,Adult annual,540,50,490,215.6,No
MP000350,M00174,2024,2024-10-19,2024-12-31,Monthly flexible,480,75,405,166.05,Yes
MP000351,M00174,2025,2025-01-01,2025-12-31,Monthly flexible,480,0,480,196.8,Censored
MP000352,M00175,2023,2023-07-05,2023-12-31,Adult annual,540,75,465,204.6,Yes
MP000353,M00175,2024,2024-01-01,2024-12-31,Adult annual,540,0,540,237.6,Yes
MP000354,M00175,2025,2025-01-01,2025-12-31,Adult annual,540,0,540,237.6,Censored
MP000355,M00176,2024,2024-03-13,2024-12-31,Family annual,840,0,840,327.6,Yes
MP000356,M00176,2025,2025-01-01,2025-12-31,Family annual,840,0,840,327.6,Censored
MP000357,M00177,2023,2023-07-13,2023-12-31,Family annual,840,0,840,327.6,No
MP000358,M00178,2025,2025-02-20,2025-12-31,Adult annual,540,0,540,237.6,Censored
MP000359,M00179,2023,2023-08-11,2023-12-31,Youth annual,300,0,300,93,Yes
MP000360,M00179,2024,2024-01-01,2024-12-31,Youth annual,300,0,300,93,Yes
MP000361,M00179,2025,2025-01-01,2025-12-31,Youth annual,300,25,275,85.25,Censored
MP000362,M00180,2024,2024-03-24,2024-12-31,Monthly flexible,480,75,405,166.05,No
MP000363,M00181,2023,2023-10-23,2023-12-31,Family annual,840,0,840,327.6,Yes
MP000364,M00181,2024,2024-01-01,2024-12-31,Family annual,840,0,840,327.6,Yes
MP000365,M00181,2025,2025-01-01,2025-12-31,Family annual,840,0,840,327.6,Censored
MP000366,M00182,2024,2024-06-30,2024-12-31,Adult annual,540,0,540,237.6,No
MP000367,M00183,2024,2024-06-29,2024-12-31,Family annual,840,0,840,327.6,Yes
MP000368,M00183,2025,2025-01-01,2025-12-31,Family annual,840,0,840,327.6,Censored
MP000369,M00184,2024,2024-10-17,2024-12-31,Adult annual,540,50,490,215.6,Yes
MP000370,M00184,2025,2025-01-01,2025-12-31,Adult annual,540,0,540,237.6,Censored
MP000371,M00185,2022,2022-10-09,2022-12-31,Youth annual,300,0,300,93,No
MP000372,M00186,2025,2025-01-27,2025-12-31,Adult annual,540,25,515,226.6,Censored
MP000373,M00187,2025,2025-01-11,2025-12-31,Senior annual,390,0,390,140.4,Censored
MP000374,M00188,2022,2022-05-22,2022-12-31,Senior annual,390,0,390,140.4,No
MP000375,M00189,2022,2022-07-31,2022-12-31,Family annual,840,0,840,327.6,Yes
MP000376,M00189,2023,2023-01-01,2023-12-31,Family annual,840,0,840,327.6,Yes
MP000377,M00189,2024,2024-01-01,2024-12-31,Family annual,840,0,840,327.6,No
MP000378,M00190,2022,2022-11-07,2022-12-31,Senior annual,390,50,340,122.4,Yes
MP000379,M00190,2023,2023-01-01,2023-12-31,Senior annual,390,0,390,140.4,No
MP000380,M00191,2024,2024-04-08,2024-12-31,Family annual,840,0,840,327.6,Yes
MP000381,M00191,2025,2025-01-01,2025-12-31,Family annual,840,25,815,317.85,Censored
MP000382,M00192,2023,2023-02-25,2023-12-31,Senior annual,390,0,390,140.4,Yes
MP000383,M00192,2024,2024-01-01,2024-12-31,Senior annual,390,50,340,122.4,Yes
MP000384,M00192,2025,2025-01-01,2025-12-31,Senior annual,390,75,315,113.4,Censored
MP000385,M00193,2024,2024-03-01,2024-12-31,Senior annual,390,0,390,140.4,No
MP000386,M00194,2022,2022-05-10,2022-12-31,Adult annual,540,25,515,226.6,Yes
MP000387,M00194,2023,2023-01-01,2023-12-31,Adult annual,540,50,490,215.6,Yes
MP000388,M00194,2024,2024-01-01,2024-12-31,Adult annual,540,25,515,226.6,Yes
MP000389,M00194,2025,2025-01-01,2025-12-31,Adult annual,540,25,515,226.6,Censored
MP000390,M00195,2023,2023-07-20,2023-12-31,Family annual,840,0,840,327.6,Yes
MP000391,M00195,2024,2024-01-01,2024-12-31,Family annual,840,0,840,327.6,Yes
MP000392,M00195,2025,2025-01-01,2025-12-31,Family annual,840,0,840,327.6,Censored
MP000393,M00196,2024,2024-06-08,2024-12-31,Adult annual,540,25,515,226.6,Yes
MP000394,M00196,2025,2025-01-01,2025-12-31,Adult annual,540,50,490,215.6,Censored
MP000395,M00197,2022,2022-06-04,2022-12-31,Senior annual,390,0,390,140.4,Yes
MP000396,M00197,2023,2023-01-01,2023-12-31,Senior annual,390,0,390,140.4,No
MP000397,M00198,2024,2024-08-31,2024-12-31,Family annual,840,75,765,298.35,No
MP000398,M00199,2023,2023-09-09,2023-12-31,Monthly flexible,480,0,480,196.8,Yes
MP000399,M00199,2024,2024-01-01,2024-12-31,Monthly flexible,480,0,480,196.8,No
MP000400,M00200,2025,2025-11-05,2025-12-31,Monthly flexible,480,75,405,166.05,Censored
MP000401,M00201,2023,2023-11-23,2023-12-31,Adult annual,540,0,540,237.6,No
MP000402,M00202,2022,2022-09-09,2022-12-31,Monthly flexible,480,75,405,166.05,No
MP000403,M00203,2023,2023-01-06,2023-12-31,Family annual,840,25,815,317.85,Yes
MP000404,M00203,2024,2024-01-01,2024-12-31,Family annual,840,25,815,317.85,Yes
MP000405,M00203,2025,2025-01-01,2025-12-31,Family annual,840,0,840,327.6,Censored
MP000406,M00204,2022,2022-11-04,2022-12-31,Adult annual,540,0,540,237.6,Yes
MP000407,M00204,2023,2023-01-01,2023-12-31,Adult annual,540,50,490,215.6,No
MP000408,M00205,2022,2022-09-06,2022-12-31,Family annual,840,0,840,327.6,Yes
MP000409,M00205,2023,2023-01-01,2023-12-31,Family annual,840,25,815,317.85,Yes
MP000410,M00205,2024,2024-01-01,2024-12-31,Family annual,840,0,840,327.6,Yes
MP000411,M00205,2025,2025-01-01,2025-12-31,Family annual,840,50,790,308.1,Censored
MP000412,M00206,2023,2023-01-28,2023-12-31,Monthly flexible,480,50,430,176.3,Yes
MP000413,M00206,2024,2024-01-01,2024-12-31,Monthly flexible,480,25,455,186.55,No
MP000414,M00207,2022,2022-09-21,2022-12-31,Family annual,840,0,840,327.6,Yes
MP000415,M00207,2023,2023-01-01,2023-12-31,Family annual,840,0,840,327.6,Yes
MP000416,M00207,2024,2024-01-01,2024-12-31,Family annual,840,25,815,317.85,No
MP000417,M00208,2024,2024-06-12,2024-12-31,Adult annual,540,0,540,237.6,Yes
MP000418,M00208,2025,2025-01-01,2025-12-31,Adult annual,540,0,540,237.6,Censored
MP000419,M00209,2024,2024-09-21,2024-12-31,Youth annual,300,50,250,77.5,Yes
MP000420,M00209,2025,2025-01-01,2025-12-31,Youth annual,300,75,225,69.75,Censored
MP000421,M00210,2023,2023-06-25,2023-12-31,Monthly flexible,480,0,480,196.8,Yes
MP000422,M00210,2024,2024-01-01,2024-12-31,Monthly flexible,480,0,480,196.8,No
MP000423,M00211,2025,2025-06-11,2025-12-31,Family annual,840,0,840,327.6,Censored
MP000424,M00212,2024,2024-10-03,2024-12-31,Youth annual,300,50,250,77.5,Yes
MP000425,M00212,2025,2025-01-01,2025-12-31,Youth annual,300,0,300,93,Censored
MP000426,M00213,2023,2023-05-20,2023-12-31,Monthly flexible,480,0,480,196.8,Yes
MP000427,M00213,2024,2024-01-01,2024-12-31,Monthly flexible,480,0,480,196.8,Yes
MP000428,M00213,2025,2025-01-01,2025-12-31,Monthly flexible,480,0,480,196.8,Censored
MP000429,M00214,2024,2024-07-04,2024-12-31,Family annual,840,0,840,327.6,Yes
MP000430,M00214,2025,2025-01-01,2025-12-31,Family annual,840,0,840,327.6,Censored
MP000431,M00215,2024,2024-09-10,2024-12-31,Adult annual,540,50,490,215.6,Yes
MP000432,M00215,2025,2025-01-01,2025-12-31,Adult annual,540,0,540,237.6,Censored
MP000433,M00216,2022,2022-06-23,2022-12-31,Senior annual,390,0,390,140.4,No
MP000434,M00217,2025,2025-11-13,2025-12-31,Adult annual,540,0,540,237.6,Censored
MP000435,M00218,2023,2023-10-16,2023-12-31,Monthly flexible,480,0,480,196.8,No
MP000436,M00219,2022,2022-01-31,2022-12-31,Adult annual,540,0,540,237.6,Yes
MP000437,M00219,2023,2023-01-01,2023-12-31,Adult annual,540,0,540,237.6,Yes
MP000438,M00219,2024,2024-01-01,2024-12-31,Adult annual,540,0,540,237.6,Yes
MP000439,M00219,2025,2025-01-01,2025-12-31,Adult annual,540,0,540,237.6,Censored
MP000440,M00220,2022,2022-08-25,2022-12-31,Youth annual,300,0,300,93,Yes
MP000441,M00220,2023,2023-01-01,2023-12-31,Youth annual,300,0,300,93,Yes
MP000442,M00220,2024,2024-01-01,2024-12-31,Youth annual,300,0,300,93,No
MP000443,M00221,2023,2023-10-16,2023-12-31,Monthly flexible,480,0,480,196.8,Yes
MP000444,M00221,2024,2024-01-01,2024-12-31,Monthly flexible,480,0,480,196.8,Yes
MP000445,M00221,2025,2025-01-01,2025-12-31,Monthly flexible,480,0,480,196.8,Censored
MP000446,M00222,2022,2022-07-01,2022-12-31,Adult annual,540,0,540,237.6,Yes
MP000447,M00222,2023,2023-01-01,2023-12-31,Adult annual,540,50,490,215.6,Yes
MP000448,M00222,2024,2024-01-01,2024-12-31,Adult annual,540,50,490,215.6,Yes
MP000449,M00222,2025,2025-01-01,2025-12-31,Adult annual,540,0,540,237.6,Censored
MP000450,M00223,2023,2023-10-06,2023-12-31,Adult annual,540,75,465,204.6,No
MP000451,M00224,2022,2022-03-25,2022-12-31,Family annual,840,25,815,317.85,Yes
MP000452,M00224,2023,2023-01-01,2023-12-31,Family annual,840,0,840,327.6,Yes
MP000453,M00224,2024,2024-01-01,2024-12-31,Family annual,840,0,840,327.6,Yes
MP000454,M00224,2025,2025-01-01,2025-12-31,Family annual,840,75,765,298.35,Censored
MP000455,M00225,2022,2022-01-09,2022-12-31,Senior annual,390,0,390,140.4,No
MP000456,M00226,2025,2025-03-23,2025-12-31,Adult annual,540,0,540,237.6,Censored
MP000457,M00227,2025,2025-10-14,2025-12-31,Senior annual,390,75,315,113.4,Censored
MP000458,M00228,2022,2022-05-01,2022-12-31,Family annual,840,0,840,327.6,Yes
MP000459,M00228,2023,2023-01-01,2023-12-31,Family annual,840,0,840,327.6,No
MP000460,M00229,2024,2024-06-04,2024-12-31,Adult annual,540,0,540,237.6,Yes
MP000461,M00229,2025,2025-01-01,2025-12-31,Adult annual,540,25,515,226.6,Censored
MP000462,M00230,2022,2022-08-07,2022-12-31,Monthly flexible,480,0,480,196.8,Yes
MP000463,M00230,2023,2023-01-01,2023-12-31,Monthly flexible,480,0,480,196.8,Yes
MP000464,M00230,2024,2024-01-01,2024-12-31,Monthly flexible,480,25,455,186.55,Yes
MP000465,M00230,2025,2025-01-01,2025-12-31,Monthly flexible,480,25,455,186.55,Censored
MP000466,M00231,2024,2024-04-13,2024-12-31,Adult annual,540,25,515,226.6,Yes
MP000467,M00231,2025,2025-01-01,2025-12-31,Adult annual,540,75,465,204.6,Censored
MP000468,M00232,2023,2023-07-22,2023-12-31,Adult annual,540,0,540,237.6,No
MP000469,M00233,2025,2025-08-26,2025-12-31,Senior annual,390,25,365,131.4,Censored
MP000470,M00234,2023,2023-07-13,2023-12-31,Family annual,840,0,840,327.6,Yes
MP000471,M00234,2024,2024-01-01,2024-12-31,Family annual,840,0,840,327.6,Yes
MP000472,M00234,2025,2025-01-01,2025-12-31,Family annual,840,75,765,298.35,Censored
MP000473,M00235,2022,2022-09-12,2022-12-31,Adult annual,540,0,540,237.6,Yes
MP000474,M00235,2023,2023-01-01,2023-12-31,Adult annual,540,0,540,237.6,Yes
MP000475,M00235,2024,2024-01-01,2024-12-31,Adult annual,540,0,540,237.6,Yes
MP000476,M00235,2025,2025-01-01,2025-12-31,Adult annual,540,0,540,237.6,Censored
MP000477,M00236,2022,2022-07-17,2022-12-31,Monthly flexible,480,50,430,176.3,Yes
MP000478,M00236,2023,2023-01-01,2023-12-31,Monthly flexible,480,0,480,196.8,No
MP000479,M00237,2023,2023-08-31,2023-12-31,Family annual,840,0,840,327.6,Yes
MP000480,M00237,2024,2024-01-01,2024-12-31,Family annual,840,50,790,308.1,Yes
MP000481,M00237,2025,2025-01-01,2025-12-31,Family annual,840,0,840,327.6,Censored
MP000482,M00238,2024,2024-07-21,2024-12-31,Family annual,840,0,840,327.6,Yes
MP000483,M00238,2025,2025-01-01,2025-12-31,Family annual,840,0,840,327.6,Censored
MP000484,M00239,2024,2024-08-22,2024-12-31,Family annual,840,0,840,327.6,Yes
MP000485,M00239,2025,2025-01-01,2025-12-31,Family annual,840,75,765,298.35,Censored
MP000486,M00240,2023,2023-03-12,2023-12-31,Monthly flexible,480,0,480,196.8,No
MP000487,M00241,2024,2024-10-07,2024-12-31,Monthly flexible,480,25,455,186.55,No
MP000488,M00242,2024,2024-05-01,2024-12-31,Adult annual,540,50,490,215.6,No
MP000489,M00243,2025,2025-03-30,2025-12-31,Senior annual,390,0,390,140.4,Censored
MP000490,M00244,2022,2022-08-23,2022-12-31,Adult annual,540,0,540,237.6,Yes
MP000491,M00244,2023,2023-01-01,2023-12-31,Adult annual,540,0,540,237.6,Yes
MP000492,M00244,2024,2024-01-01,2024-12-31,Adult annual,540,0,540,237.6,Yes
MP000493,M00244,2025,2025-01-01,2025-12-31,Adult annual,540,0,540,237.6,Censored
MP000494,M00245,2023,2023-02-16,2023-12-31,Youth annual,300,0,300,93,No
MP000495,M00246,2022,2022-09-10,2022-12-31,Family annual,840,25,815,317.85,Yes
MP000496,M00246,2023,2023-01-01,2023-12-31,Family annual,840,25,815,317.85,Yes
MP000497,M00246,2024,2024-01-01,2024-12-31,Family annual,840,25,815,317.85,Yes
MP000498,M00246,2025,2025-01-01,2025-12-31,Family annual,840,50,790,308.1,Censored
MP000499,M00247,2025,2025-10-17,2025-12-31,Senior annual,390,0,390,140.4,Censored
MP000500,M00248,2024,2024-07-26,2024-12-31,Family annual,840,50,790,308.1,Yes
MP000501,M00248,2025,2025-01-01,2025-12-31,Family annual,840,0,840,327.6,Censored
MP000502,M00249,2025,2025-03-10,2025-12-31,Senior annual,390,0,390,140.4,Censored
MP000503,M00250,2024,2024-11-13,2024-12-31,Youth annual,300,25,275,85.25,Yes
MP000504,M00250,2025,2025-01-01,2025-12-31,Youth annual,300,0,300,93,Censored
MP000505,M00251,2024,2024-02-19,2024-12-31,Youth annual,300,0,300,93,No
MP000506,M00252,2024,2024-01-06,2024-12-31,Adult annual,540,0,540,237.6,Yes
MP000507,M00252,2025,2025-01-01,2025-12-31,Adult annual,540,0,540,237.6,Censored
MP000508,M00253,2024,2024-02-21,2024-12-31,Adult annual,540,25,515,226.6,No
MP000509,M00254,2023,2023-02-24,2023-12-31,Youth annual,300,75,225,69.75,Yes
MP000510,M00254,2024,2024-01-01,2024-12-31,Youth annual,300,0,300,93,Yes
MP000511,M00254,2025,2025-01-01,2025-12-31,Youth annual,300,0,300,93,Censored
MP000512,M00255,2022,2022-04-10,2022-12-31,Adult annual,540,0,540,237.6,Yes
MP000513,M00255,2023,2023-01-01,2023-12-31,Adult annual,540,0,540,237.6,Yes
MP000514,M00255,2024,2024-01-01,2024-12-31,Adult annual,540,0,540,237.6,No
MP000515,M00256,2023,2023-08-14,2023-12-31,Family annual,840,25,815,317.85,Yes
MP000516,M00256,2024,2024-01-01,2024-12-31,Family annual,840,0,840,327.6,Yes
MP000517,M00256,2025,2025-01-01,2025-12-31,Family annual,840,0,840,327.6,Censored
MP000518,M00257,2022,2022-03-08,2022-12-31,Adult annual,540,0,540,237.6,No
MP000519,M00258,2025,2025-04-26,2025-12-31,Monthly flexible,480,0,480,196.8,Censored
MP000520,M00259,2023,2023-04-01,2023-12-31,Adult annual,540,0,540,237.6,Yes
MP000521,M00259,2024,2024-01-01,2024-12-31,Adult annual,540,0,540,237.6,Yes
MP000522,M00259,2025,2025-01-01,2025-12-31,Adult annual,540,25,515,226.6,Censored
MP000523,M00260,2024,2024-04-17,2024-12-31,Monthly flexible,480,0,480,196.8,Yes
MP000524,M00260,2025,2025-01-01,2025-12-31,Monthly flexible,480,50,430,176.3,Censored
MP000525,M00261,2024,2024-05-12,2024-12-31,Adult annual,540,0,540,237.6,Yes
MP000526,M00261,2025,2025-01-01,2025-12-31,Adult annual,540,0,540,237.6,Censored
MP000527,M00262,2024,2024-09-12,2024-12-31,Family annual,840,0,840,327.6,No
MP000528,M00263,2023,2023-06-03,2023-12-31,Adult annual,540,0,540,237.6,No
MP000529,M00264,2024,2024-02-14,2024-12-31,Monthly flexible,480,0,480,196.8,Yes
MP000530,M00264,2025,2025-01-01,2025-12-31,Monthly flexible,480,0,480,196.8,Censored
MP000531,M00265,2023,2023-06-30,2023-12-31,Monthly flexible,480,0,480,196.8,No
MP000532,M00266,2023,2023-06-24,2023-12-31,Adult annual,540,0,540,237.6,Yes
MP000533,M00266,2024,2024-01-01,2024-12-31,Adult annual,540,0,540,237.6,No
MP000534,M00267,2025,2025-07-04,2025-12-31,Adult annual,540,50,490,215.6,Censored
MP000535,M00268,2025,2025-10-06,2025-12-31,Family annual,840,0,840,327.6,Censored
MP000536,M00269,2023,2023-03-16,2023-12-31,Family annual,840,0,840,327.6,Yes
MP000537,M00269,2024,2024-01-01,2024-12-31,Family annual,840,0,840,327.6,Yes
MP000538,M00269,2025,2025-01-01,2025-12-31,Family annual,840,25,815,317.85,Censored
MP000539,M00270,2024,2024-08-21,2024-12-31,Adult annual,540,0,540,237.6,Yes
MP000540,M00270,2025,2025-01-01,2025-12-31,Adult annual,540,0,540,237.6,Censored
MP000541,M00271,2025,2025-08-23,2025-12-31,Adult annual,540,50,490,215.6,Censored
MP000542,M00272,2023,2023-03-08,2023-12-31,Monthly flexible,480,50,430,176.3,Yes
MP000543,M00272,2024,2024-01-01,2024-12-31,Monthly flexible,480,25,455,186.55,Yes
MP000544,M00272,2025,2025-01-01,2025-12-31,Monthly flexible,480,0,480,196.8,Censored
MP000545,M00273,2023,2023-08-05,2023-12-31,Family annual,840,0,840,327.6,Yes
MP000546,M00273,2024,2024-01-01,2024-12-31,Family annual,840,0,840,327.6,Yes
MP000547,M00273,2025,2025-01-01,2025-12-31,Family annual,840,25,815,317.85,Censored
MP000548,M00274,2023,2023-10-03,2023-12-31,Adult annual,540,0,540,237.6,Yes
MP000549,M00274,2024,2024-01-01,2024-12-31,Adult annual,540,0,540,237.6,Yes
MP000550,M00274,2025,2025-01-01,2025-12-31,Adult annual,540,0,540,237.6,Censored
MP000551,M00275,2022,2022-03-29,2022-12-31,Family annual,840,0,840,327.6,Yes
MP000552,M00275,2023,2023-01-01,2023-12-31,Family annual,840,50,790,308.1,Yes
MP000553,M00275,2024,2024-01-01,2024-12-31,Family annual,840,0,840,327.6,Yes
MP000554,M00275,2025,2025-01-01,2025-12-31,Family annual,840,0,840,327.6,Censored
MP000555,M00276,2022,2022-10-24,2022-12-31,Family annual,840,25,815,317.85,Yes
MP000556,M00276,2023,2023-01-01,2023-12-31,Family annual,840,0,840,327.6,Yes
MP000557,M00276,2024,2024-01-01,2024-12-31,Family annual,840,0,840,327.6,Yes
MP000558,M00276,2025,2025-01-01,2025-12-31,Family annual,840,0,840,327.6,Censored
MP000559,M00277,2022,2022-10-29,2022-12-31,Senior annual,390,0,390,140.4,Yes
MP000560,M00277,2023,2023-01-01,2023-12-31,Senior annual,390,50,340,122.4,Yes
MP000561,M00277,2024,2024-01-01,2024-12-31,Senior annual,390,0,390,140.4,No
MP000562,M00278,2022,2022-07-06,2022-12-31,Monthly flexible,480,0,480,196.8,No
MP000563,M00279,2023,2023-03-03,2023-12-31,Family annual,840,0,840,327.6,Yes
MP000564,M00279,2024,2024-01-01,2024-12-31,Family annual,840,25,815,317.85,Yes
MP000565,M00279,2025,2025-01-01,2025-12-31,Family annual,840,0,840,327.6,Censored
MP000566,M00280,2024,2024-04-15,2024-12-31,Family annual,840,25,815,317.85,Yes
MP000567,M00280,2025,2025-01-01,2025-12-31,Family annual,840,50,790,308.1,Censored
MP000568,M00281,2023,2023-11-04,2023-12-31,Adult annual,540,0,540,237.6,Yes
MP000569,M00281,2024,2024-01-01,2024-12-31,Adult annual,540,0,540,237.6,Yes
MP000570,M00281,2025,2025-01-01,2025-12-31,Adult annual,540,0,540,237.6,Censored
MP000571,M00282,2023,2023-06-06,2023-12-31,Monthly flexible,480,75,405,166.05,Yes
MP000572,M00282,2024,2024-01-01,2024-12-31,Monthly flexible,480,0,480,196.8,Yes
MP000573,M00282,2025,2025-01-01,2025-12-31,Monthly flexible,480,75,405,166.05,Censored
MP000574,M00283,2025,2025-08-09,2025-12-31,Adult annual,540,0,540,237.6,Censored
MP000575,M00284,2023,2023-08-23,2023-12-31,Senior annual,390,75,315,113.4,Yes
MP000576,M00284,2024,2024-01-01,2024-12-31,Senior annual,390,25,365,131.4,No
MP000577,M00285,2022,2022-09-08,2022-12-31,Adult annual,540,0,540,237.6,Yes
MP000578,M00285,2023,2023-01-01,2023-12-31,Adult annual,540,0,540,237.6,Yes
MP000579,M00285,2024,2024-01-01,2024-12-31,Adult annual,540,0,540,237.6,Yes
MP000580,M00285,2025,2025-01-01,2025-12-31,Adult annual,540,0,540,237.6,Censored
MP000581,M00286,2025,2025-11-24,2025-12-31,Adult annual,540,0,540,237.6,Censored
MP000582,M00287,2024,2024-04-24,2024-12-31,Adult annual,540,0,540,237.6,No
MP000583,M00288,2023,2023-02-16,2023-12-31,Adult annual,540,0,540,237.6,No
MP000584,M00289,2022,2022-02-04,2022-12-31,Monthly flexible,480,25,455,186.55,Yes
MP000585,M00289,2023,2023-01-01,2023-12-31,Monthly flexible,480,25,455,186.55,Yes
MP000586,M00289,2024,2024-01-01,2024-12-31,Monthly flexible,480,0,480,196.8,Yes
MP000587,M00289,2025,2025-01-01,2025-12-31,Monthly flexible,480,0,480,196.8,Censored
MP000588,M00290,2022,2022-08-07,2022-12-31,Senior annual,390,0,390,140.4,Yes
MP000589,M00290,2023,2023-01-01,2023-12-31,Senior annual,390,0,390,140.4,Yes
MP000590,M00290,2024,2024-01-01,2024-12-31,Senior annual,390,0,390,140.4,Yes
MP000591,M00290,2025,2025-01-01,2025-12-31,Senior annual,390,0,390,140.4,Censored
MP000592,M00291,2022,2022-11-19,2022-12-31,Adult annual,540,25,515,226.6,No
MP000593,M00292,2023,2023-10-01,2023-12-31,Youth annual,300,0,300,93,Yes
MP000594,M00292,2024,2024-01-01,2024-12-31,Youth annual,300,0,300,93,Yes
MP000595,M00292,2025,2025-01-01,2025-12-31,Youth annual,300,50,250,77.5,Censored
MP000596,M00293,2025,2025-10-07,2025-12-31,Senior annual,390,0,390,140.4,Censored
MP000597,M00294,2024,2024-05-17,2024-12-31,Family annual,840,0,840,327.6,Yes
MP000598,M00294,2025,2025-01-01,2025-12-31,Family annual,840,25,815,317.85,Censored
MP000599,M00295,2023,2023-04-11,2023-12-31,Monthly flexible,480,75,405,166.05,Yes
MP000600,M00295,2024,2024-01-01,2024-12-31,Monthly flexible,480,0,480,196.8,No
MP000601,M00296,2023,2023-07-31,2023-12-31,Youth annual,300,75,225,69.75,Yes
MP000602,M00296,2024,2024-01-01,2024-12-31,Youth annual,300,0,300,93,Yes
MP000603,M00296,2025,2025-01-01,2025-12-31,Youth annual,300,0,300,93,Censored
MP000604,M00297,2023,2023-03-16,2023-12-31,Senior annual,390,25,365,131.4,No
MP000605,M00298,2025,2025-10-01,2025-12-31,Adult annual,540,0,540,237.6,Censored
MP000606,M00299,2024,2024-02-20,2024-12-31,Adult annual,540,50,490,215.6,No
MP000607,M00300,2022,2022-02-10,2022-12-31,Adult annual,540,0,540,237.6,Yes
MP000608,M00300,2023,2023-01-01,2023-12-31,Adult annual,540,0,540,237.6,Yes
MP000609,M00300,2024,2024-01-01,2024-12-31,Adult annual,540,25,515,226.6,Yes
MP000610,M00300,2025,2025-01-01,2025-12-31,Adult annual,540,0,540,237.6,Censored
MP000611,M00301,2024,2024-08-11,2024-12-31,Adult annual,540,0,540,237.6,Yes
MP000612,M00301,2025,2025-01-01,2025-12-31,Adult annual,540,0,540,237.6,Censored
MP000613,M00302,2023,2023-01-21,2023-12-31,Adult annual,540,0,540,237.6,Yes
MP000614,M00302,2024,2024-01-01,2024-12-31,Adult annual,540,0,540,237.6,Yes
MP000615,M00302,2025,2025-01-01,2025-12-31,Adult annual,540,25,515,226.6,Censored
MP000616,M00303,2025,2025-05-06,2025-12-31,Senior annual,390,0,390,140.4,Censored
MP000617,M00304,2025,2025-11-15,2025-12-31,Family annual,840,0,840,327.6,Censored
MP000618,M00305,2024,2024-01-19,2024-12-31,Youth annual,300,0,300,93,No
MP000619,M00306,2024,2024-11-17,2024-12-31,Youth annual,300,50,250,77.5,Yes
MP000620,M00306,2025,2025-01-01,2025-12-31,Youth annual,300,0,300,93,Censored
MP000621,M00307,2023,2023-07-16,2023-12-31,Family annual,840,0,840,327.6,Yes
MP000622,M00307,2024,2024-01-01,2024-12-31,Family annual,840,0,840,327.6,Yes
MP000623,M00307,2025,2025-01-01,2025-12-31,Family annual,840,0,840,327.6,Censored
MP000624,M00308,2023,2023-05-18,2023-12-31,Adult annual,540,75,465,204.6,No
MP000625,M00309,2025,2025-06-29,2025-12-31,Family annual,840,25,815,317.85,Censored
MP000626,M00310,2023,2023-05-15,2023-12-31,Monthly flexible,480,50,430,176.3,Yes
MP000627,M00310,2024,2024-01-01,2024-12-31,Monthly flexible,480,0,480,196.8,No
MP000628,M00311,2024,2024-03-29,2024-12-31,Adult annual,540,25,515,226.6,Yes
MP000629,M00311,2025,2025-01-01,2025-12-31,Adult annual,540,25,515,226.6,Censored
MP000630,M00312,2022,2022-01-25,2022-12-31,Family annual,840,0,840,327.6,Yes
MP000631,M00312,2023,2023-01-01,2023-12-31,Family annual,840,25,815,317.85,Yes
MP000632,M00312,2024,2024-01-01,2024-12-31,Family annual,840,50,790,308.1,Yes
MP000633,M00312,2025,2025-01-01,2025-12-31,Family annual,840,25,815,317.85,Censored
MP000634,M00313,2022,2022-09-30,2022-12-31,Monthly flexible,480,0,480,196.8,Yes
MP000635,M00313,2023,2023-01-01,2023-12-31,Monthly flexible,480,0,480,196.8,Yes
MP000636,M00313,2024,2024-01-01,2024-12-31,Monthly flexible,480,0,480,196.8,Yes
MP000637,M00313,2025,2025-01-01,2025-12-31,Monthly flexible,480,0,480,196.8,Censored
MP000638,M00314,2023,2023-03-02,2023-12-31,Monthly flexible,480,25,455,186.55,Yes
MP000639,M00314,2024,2024-01-01,2024-12-31,Monthly flexible,480,0,480,196.8,No
MP000640,M00315,2022,2022-02-12,2022-12-31,Adult annual,540,25,515,226.6,Yes
MP000641,M00315,2023,2023-01-01,2023-12-31,Adult annual,540,25,515,226.6,Yes
MP000642,M00315,2024,2024-01-01,2024-12-31,Adult annual,540,75,465,204.6,Yes
MP000643,M00315,2025,2025-01-01,2025-12-31,Adult annual,540,0,540,237.6,Censored
MP000644,M00316,2023,2023-10-09,2023-12-31,Family annual,840,0,840,327.6,Yes
MP000645,M00316,2024,2024-01-01,2024-12-31,Family annual,840,0,840,327.6,No
MP000646,M00317,2024,2024-05-21,2024-12-31,Youth annual,300,50,250,77.5,Yes
MP000647,M00317,2025,2025-01-01,2025-12-31,Youth annual,300,0,300,93,Censored
MP000648,M00318,2022,2022-08-22,2022-12-31,Adult annual,540,0,540,237.6,Yes
MP000649,M00318,2023,2023-01-01,2023-12-31,Adult annual,540,0,540,237.6,Yes
MP000650,M00318,2024,2024-01-01,2024-12-31,Adult annual,540,0,540,237.6,Yes
MP000651,M00318,2025,2025-01-01,2025-12-31,Adult annual,540,0,540,237.6,Censored
MP000652,M00319,2022,2022-01-28,2022-12-31,Adult annual,540,50,490,215.6,Yes
MP000653,M00319,2023,2023-01-01,2023-12-31,Adult annual,540,0,540,237.6,Yes
MP000654,M00319,2024,2024-01-01,2024-12-31,Adult annual,540,0,540,237.6,Yes
MP000655,M00319,2025,2025-01-01,2025-12-31,Adult annual,540,0,540,237.6,Censored
MP000656,M00320,2025,2025-05-22,2025-12-31,Family annual,840,25,815,317.85,Censored
MP000657,M00321,2023,2023-10-04,2023-12-31,Adult annual,540,0,540,237.6,Yes
MP000658,M00321,2024,2024-01-01,2024-12-31,Adult annual,540,75,465,204.6,Yes
MP000659,M00321,2025,2025-01-01,2025-12-31,Adult annual,540,0,540,237.6,Censored
MP000660,M00322,2023,2023-03-06,2023-12-31,Monthly flexible,480,25,455,186.55,Yes
MP000661,M00322,2024,2024-01-01,2024-12-31,Monthly flexible,480,25,455,186.55,No
MP000662,M00323,2022,2022-05-01,2022-12-31,Monthly flexible,480,75,405,166.05,Yes
MP000663,M00323,2023,2023-01-01,2023-12-31,Monthly flexible,480,0,480,196.8,No
MP000664,M00324,2022,2022-02-12,2022-12-31,Monthly flexible,480,0,480,196.8,Yes
MP000665,M00324,2023,2023-01-01,2023-12-31,Monthly flexible,480,0,480,196.8,Yes
MP000666,M00324,2024,2024-01-01,2024-12-31,Monthly flexible,480,0,480,196.8,Yes
MP000667,M00324,2025,2025-01-01,2025-12-31,Monthly flexible,480,25,455,186.55,Censored
MP000668,M00325,2024,2024-05-08,2024-12-31,Senior annual,390,25,365,131.4,Yes
MP000669,M00325,2025,2025-01-01,2025-12-31,Senior annual,390,50,340,122.4,Censored
MP000670,M00326,2023,2023-07-20,2023-12-31,Monthly flexible,480,50,430,176.3,No
MP000671,M00327,2024,2024-01-19,2024-12-31,Adult annual,540,50,490,215.6,Yes
MP000672,M00327,2025,2025-01-01,2025-12-31,Adult annual,540,75,465,204.6,Censored
MP000673,M00328,2023,2023-08-12,2023-12-31,Family annual,840,0,840,327.6,Yes
MP000674,M00328,2024,2024-01-01,2024-12-31,Family annual,840,50,790,308.1,No
MP000675,M00329,2024,2024-11-12,2024-12-31,Youth annual,300,0,300,93,No
MP000676,M00330,2022,2022-08-02,2022-12-31,Monthly flexible,480,0,480,196.8,Yes
MP000677,M00330,2023,2023-01-01,2023-12-31,Monthly flexible,480,0,480,196.8,Yes
MP000678,M00330,2024,2024-01-01,2024-12-31,Monthly flexible,480,50,430,176.3,Yes
MP000679,M00330,2025,2025-01-01,2025-12-31,Monthly flexible,480,0,480,196.8,Censored
MP000680,M00331,2022,2022-06-18,2022-12-31,Family annual,840,0,840,327.6,Yes
MP000681,M00331,2023,2023-01-01,2023-12-31,Family annual,840,0,840,327.6,Yes
MP000682,M00331,2024,2024-01-01,2024-12-31,Family annual,840,25,815,317.85,Yes
MP000683,M00331,2025,2025-01-01,2025-12-31,Family annual,840,0,840,327.6,Censored
MP000684,M00332,2025,2025-09-16,2025-12-31,Senior annual,390,75,315,113.4,Censored
MP000685,M00333,2023,2023-04-24,2023-12-31,Family annual,840,0,840,327.6,Yes
MP000686,M00333,2024,2024-01-01,2024-12-31,Family annual,840,25,815,317.85,Yes
MP000687,M00333,2025,2025-01-01,2025-12-31,Family annual,840,0,840,327.6,Censored
MP000688,M00334,2023,2023-10-17,2023-12-31,Adult annual,540,75,465,204.6,Yes
MP000689,M00334,2024,2024-01-01,2024-12-31,Adult annual,540,0,540,237.6,Yes
MP000690,M00334,2025,2025-01-01,2025-12-31,Adult annual,540,0,540,237.6,Censored
MP000691,M00335,2023,2023-02-01,2023-12-31,Family annual,840,0,840,327.6,Yes
MP000692,M00335,2024,2024-01-01,2024-12-31,Family annual,840,0,840,327.6,Yes
MP000693,M00335,2025,2025-01-01,2025-12-31,Family annual,840,50,790,308.1,Censored
MP000694,M00336,2024,2024-02-12,2024-12-31,Monthly flexible,480,0,480,196.8,No
MP000695,M00337,2025,2025-01-28,2025-12-31,Adult annual,540,50,490,215.6,Censored
MP000696,M00338,2023,2023-06-22,2023-12-31,Adult annual,540,25,515,226.6,Yes
MP000697,M00338,2024,2024-01-01,2024-12-31,Adult annual,540,0,540,237.6,Yes
MP000698,M00338,2025,2025-01-01,2025-12-31,Adult annual,540,0,540,237.6,Censored
MP000699,M00339,2023,2023-09-21,2023-12-31,Senior annual,390,0,390,140.4,No
MP000700,M00340,2022,2022-08-07,2022-12-31,Adult annual,540,0,540,237.6,Yes
MP000701,M00340,2023,2023-01-01,2023-12-31,Adult annual,540,25,515,226.6,Yes
MP000702,M00340,2024,2024-01-01,2024-12-31,Adult annual,540,0,540,237.6,Yes
MP000703,M00340,2025,2025-01-01,2025-12-31,Adult annual,540,0,540,237.6,Censored
MP000704,M00341,2023,2023-09-20,2023-12-31,Adult annual,540,0,540,237.6,No
MP000705,M00342,2022,2022-07-07,2022-12-31,Youth annual,300,0,300,93,Yes
MP000706,M00342,2023,2023-01-01,2023-12-31,Youth annual,300,0,300,93,Yes
MP000707,M00342,2024,2024-01-01,2024-12-31,Youth annual,300,0,300,93,Yes
MP000708,M00342,2025,2025-01-01,2025-12-31,Youth annual,300,0,300,93,Censored
MP000709,M00343,2024,2024-09-29,2024-12-31,Family annual,840,0,840,327.6,Yes
MP000710,M00343,2025,2025-01-01,2025-12-31,Family annual,840,25,815,317.85,Censored
MP000711,M00344,2025,2025-04-25,2025-12-31,Family annual,840,50,790,308.1,Censored
MP000712,M00345,2022,2022-06-12,2022-12-31,Monthly flexible,480,75,405,166.05,Yes
MP000713,M00345,2023,2023-01-01,2023-12-31,Monthly flexible,480,0,480,196.8,No
MP000714,M00346,2024,2024-05-05,2024-12-31,Family annual,840,0,840,327.6,Yes
MP000715,M00346,2025,2025-01-01,2025-12-31,Family annual,840,0,840,327.6,Censored
MP000716,M00347,2022,2022-07-13,2022-12-31,Monthly flexible,480,75,405,166.05,No
MP000717,M00348,2023,2023-11-21,2023-12-31,Family annual,840,0,840,327.6,Yes
MP000718,M00348,2024,2024-01-01,2024-12-31,Family annual,840,0,840,327.6,Yes
MP000719,M00348,2025,2025-01-01,2025-12-31,Family annual,840,0,840,327.6,Censored
MP000720,M00349,2025,2025-02-16,2025-12-31,Senior annual,390,25,365,131.4,Censored
MP000721,M00350,2024,2024-08-04,2024-12-31,Senior annual,390,0,390,140.4,No
MP000722,M00351,2024,2024-01-20,2024-12-31,Family annual,840,25,815,317.85,Yes
MP000723,M00351,2025,2025-01-01,2025-12-31,Family annual,840,0,840,327.6,Censored
MP000724,M00352,2024,2024-03-02,2024-12-31,Senior annual,390,0,390,140.4,No
MP000725,M00353,2023,2023-04-26,2023-12-31,Senior annual,390,0,390,140.4,Yes
MP000726,M00353,2024,2024-01-01,2024-12-31,Senior annual,390,25,365,131.4,Yes
MP000727,M00353,2025,2025-01-01,2025-12-31,Senior annual,390,0,390,140.4,Censored
MP000728,M00354,2025,2025-08-15,2025-12-31,Adult annual,540,0,540,237.6,Censored
MP000729,M00355,2024,2024-09-21,2024-12-31,Family annual,840,0,840,327.6,Yes
MP000730,M00355,2025,2025-01-01,2025-12-31,Family annual,840,0,840,327.6,Censored
MP000731,M00356,2025,2025-01-11,2025-12-31,Adult annual,540,0,540,237.6,Censored
MP000732,M00357,2022,2022-10-09,2022-12-31,Monthly flexible,480,0,480,196.8,Yes
MP000733,M00357,2023,2023-01-01,2023-12-31,Monthly flexible,480,25,455,186.55,No
MP000734,M00358,2022,2022-05-25,2022-12-31,Senior annual,390,75,315,113.4,Yes
MP000735,M00358,2023,2023-01-01,2023-12-31,Senior annual,390,0,390,140.4,Yes
MP000736,M00358,2024,2024-01-01,2024-12-31,Senior annual,390,0,390,140.4,Yes
MP000737,M00358,2025,2025-01-01,2025-12-31,Senior annual,390,50,340,122.4,Censored
MP000738,M00359,2022,2022-05-10,2022-12-31,Adult annual,540,25,515,226.6,No
MP000739,M00360,2024,2024-02-06,2024-12-31,Senior annual,390,75,315,113.4,Yes
MP000740,M00360,2025,2025-01-01,2025-12-31,Senior annual,390,0,390,140.4,Censored
MP000741,M00361,2024,2024-06-16,2024-12-31,Adult annual,540,0,540,237.6,Yes
MP000742,M00361,2025,2025-01-01,2025-12-31,Adult annual,540,0,540,237.6,Censored
MP000743,M00362,2023,2023-10-25,2023-12-31,Adult annual,540,0,540,237.6,Yes
MP000744,M00362,2024,2024-01-01,2024-12-31,Adult annual,540,0,540,237.6,Yes
MP000745,M00362,2025,2025-01-01,2025-12-31,Adult annual,540,25,515,226.6,Censored
MP000746,M00363,2023,2023-04-16,2023-12-31,Senior annual,390,0,390,140.4,Yes
MP000747,M00363,2024,2024-01-01,2024-12-31,Senior annual,390,0,390,140.4,Yes
MP000748,M00363,2025,2025-01-01,2025-12-31,Senior annual,390,0,390,140.4,Censored
MP000749,M00364,2023,2023-07-08,2023-12-31,Senior annual,390,0,390,140.4,Yes
MP000750,M00364,2024,2024-01-01,2024-12-31,Senior annual,390,0,390,140.4,Yes
MP000751,M00364,2025,2025-01-01,2025-12-31,Senior annual,390,0,390,140.4,Censored
MP000752,M00365,2023,2023-05-16,2023-12-31,Family annual,840,0,840,327.6,Yes
MP000753,M00365,2024,2024-01-01,2024-12-31,Family annual,840,25,815,317.85,Yes
MP000754,M00365,2025,2025-01-01,2025-12-31,Family annual,840,75,765,298.35,Censored
MP000755,M00366,2025,2025-11-24,2025-12-31,Senior annual,390,0,390,140.4,Censored
MP000756,M00367,2023,2023-09-19,2023-12-31,Adult annual,540,50,490,215.6,Yes
MP000757,M00367,2024,2024-01-01,2024-12-31,Adult annual,540,0,540,237.6,Yes
MP000758,M00367,2025,2025-01-01,2025-12-31,Adult annual,540,0,540,237.6,Censored
MP000759,M00368,2023,2023-11-18,2023-12-31,Monthly flexible,480,0,480,196.8,No
MP000760,M00369,2024,2024-05-01,2024-12-31,Adult annual,540,0,540,237.6,Yes
MP000761,M00369,2025,2025-01-01,2025-12-31,Adult annual,540,0,540,237.6,Censored
MP000762,M00370,2022,2022-01-24,2022-12-31,Monthly flexible,480,50,430,176.3,Yes
MP000763,M00370,2023,2023-01-01,2023-12-31,Monthly flexible,480,75,405,166.05,No
MP000764,M00371,2022,2022-04-05,2022-12-31,Monthly flexible,480,50,430,176.3,Yes
MP000765,M00371,2023,2023-01-01,2023-12-31,Monthly flexible,480,0,480,196.8,Yes
MP000766,M00371,2024,2024-01-01,2024-12-31,Monthly flexible,480,0,480,196.8,Yes
MP000767,M00371,2025,2025-01-01,2025-12-31,Monthly flexible,480,25,455,186.55,Censored
MP000768,M00372,2025,2025-05-29,2025-12-31,Youth annual,300,0,300,93,Censored
MP000769,M00373,2022,2022-05-26,2022-12-31,Family annual,840,25,815,317.85,Yes
MP000770,M00373,2023,2023-01-01,2023-12-31,Family annual,840,0,840,327.6,Yes
MP000771,M00373,2024,2024-01-01,2024-12-31,Family annual,840,25,815,317.85,Yes
MP000772,M00373,2025,2025-01-01,2025-12-31,Family annual,840,50,790,308.1,Censored
MP000773,M00374,2023,2023-04-07,2023-12-31,Youth annual,300,0,300,93,Yes
MP000774,M00374,2024,2024-01-01,2024-12-31,Youth annual,300,0,300,93,Yes
MP000775,M00374,2025,2025-01-01,2025-12-31,Youth annual,300,0,300,93,Censored
MP000776,M00375,2023,2023-03-13,2023-12-31,Family annual,840,0,840,327.6,Yes
MP000777,M00375,2024,2024-01-01,2024-12-31,Family annual,840,0,840,327.6,Yes
MP000778,M00375,2025,2025-01-01,2025-12-31,Family annual,840,75,765,298.35,Censored
MP000779,M00376,2024,2024-03-28,2024-12-31,Adult annual,540,0,540,237.6,Yes
MP000780,M00376,2025,2025-01-01,2025-12-31,Adult annual,540,25,515,226.6,Censored
MP000781,M00377,2024,2024-07-23,2024-12-31,Monthly flexible,480,0,480,196.8,Yes
MP000782,M00377,2025,2025-01-01,2025-12-31,Monthly flexible,480,0,480,196.8,Censored
MP000783,M00378,2022,2022-01-21,2022-12-31,Adult annual,540,0,540,237.6,Yes
MP000784,M00378,2023,2023-01-01,2023-12-31,Adult annual,540,0,540,237.6,No
MP000785,M00379,2024,2024-07-29,2024-12-31,Monthly flexible,480,0,480,196.8,Yes
MP000786,M00379,2025,2025-01-01,2025-12-31,Monthly flexible,480,0,480,196.8,Censored
MP000787,M00380,2022,2022-06-24,2022-12-31,Senior annual,390,25,365,131.4,No
MP000788,M00381,2024,2024-08-12,2024-12-31,Monthly flexible,480,0,480,196.8,Yes
MP000789,M00381,2025,2025-01-01,2025-12-31,Monthly flexible,480,25,455,186.55,Censored
MP000790,M00382,2025,2025-05-22,2025-12-31,Monthly flexible,480,0,480,196.8,Censored
MP000791,M00383,2023,2023-10-31,2023-12-31,Monthly flexible,480,0,480,196.8,Yes
MP000792,M00383,2024,2024-01-01,2024-12-31,Monthly flexible,480,25,455,186.55,No
MP000793,M00384,2024,2024-01-14,2024-12-31,Family annual,840,0,840,327.6,Yes
MP000794,M00384,2025,2025-01-01,2025-12-31,Family annual,840,0,840,327.6,Censored
MP000795,M00385,2023,2023-11-23,2023-12-31,Family annual,840,0,840,327.6,Yes
MP000796,M00385,2024,2024-01-01,2024-12-31,Family annual,840,75,765,298.35,Yes
MP000797,M00385,2025,2025-01-01,2025-12-31,Family annual,840,0,840,327.6,Censored
MP000798,M00386,2025,2025-05-28,2025-12-31,Adult annual,540,0,540,237.6,Censored
MP000799,M00387,2024,2024-04-15,2024-12-31,Youth annual,300,0,300,93,No
MP000800,M00388,2023,2023-10-02,2023-12-31,Youth annual,300,0,300,93,Yes
MP000801,M00388,2024,2024-01-01,2024-12-31,Youth annual,300,0,300,93,Yes
MP000802,M00388,2025,2025-01-01,2025-12-31,Youth annual,300,0,300,93,Censored
MP000803,M00389,2022,2022-07-27,2022-12-31,Monthly flexible,480,0,480,196.8,Yes
MP000804,M00389,2023,2023-01-01,2023-12-31,Monthly flexible,480,50,430,176.3,Yes
MP000805,M00389,2024,2024-01-01,2024-12-31,Monthly flexible,480,0,480,196.8,Yes
MP000806,M00389,2025,2025-01-01,2025-12-31,Monthly flexible,480,0,480,196.8,Censored
MP000807,M00390,2024,2024-10-06,2024-12-31,Youth annual,300,0,300,93,Yes
MP000808,M00390,2025,2025-01-01,2025-12-31,Youth annual,300,50,250,77.5,Censored
MP000809,M00391,2025,2025-11-02,2025-12-31,Senior annual,390,0,390,140.4,Censored
MP000810,M00392,2023,2023-03-21,2023-12-31,Monthly flexible,480,0,480,196.8,Yes
MP000811,M00392,2024,2024-01-01,2024-12-31,Monthly flexible,480,0,480,196.8,Yes
MP000812,M00392,2025,2025-01-01,2025-12-31,Monthly flexible,480,50,430,176.3,Censored
MP000813,M00393,2023,2023-08-12,2023-12-31,Adult annual,540,0,540,237.6,No
MP000814,M00394,2024,2024-07-04,2024-12-31,Monthly flexible,480,0,480,196.8,No
MP000815,M00395,2023,2023-10-16,2023-12-31,Adult annual,540,0,540,237.6,No
MP000816,M00396,2025,2025-04-12,2025-12-31,Monthly flexible,480,0,480,196.8,Censored
MP000817,M00397,2024,2024-08-19,2024-12-31,Adult annual,540,25,515,226.6,Yes
MP000818,M00397,2025,2025-01-01,2025-12-31,Adult annual,540,50,490,215.6,Censored
MP000819,M00398,2025,2025-01-31,2025-12-31,Youth annual,300,0,300,93,Censored
MP000820,M00399,2023,2023-01-20,2023-12-31,Family annual,840,0,840,327.6,Yes
MP000821,M00399,2024,2024-01-01,2024-12-31,Family annual,840,25,815,317.85,No
MP000822,M00400,2023,2023-01-22,2023-12-31,Adult annual,540,25,515,226.6,Yes
MP000823,M00400,2024,2024-01-01,2024-12-31,Adult annual,540,0,540,237.6,Yes
MP000824,M00400,2025,2025-01-01,2025-12-31,Adult annual,540,0,540,237.6,Censored
MP000825,M00401,2022,2022-06-26,2022-12-31,Adult annual,540,0,540,237.6,Yes
MP000826,M00401,2023,2023-01-01,2023-12-31,Adult annual,540,25,515,226.6,Yes
MP000827,M00401,2024,2024-01-01,2024-12-31,Adult annual,540,50,490,215.6,Yes
MP000828,M00401,2025,2025-01-01,2025-12-31,Adult annual,540,25,515,226.6,Censored
MP000829,M00402,2023,2023-03-20,2023-12-31,Senior annual,390,0,390,140.4,No
MP000830,M00403,2024,2024-10-01,2024-12-31,Monthly flexible,480,0,480,196.8,Yes
MP000831,M00403,2025,2025-01-01,2025-12-31,Monthly flexible,480,0,480,196.8,Censored
MP000832,M00404,2025,2025-01-22,2025-12-31,Adult annual,540,0,540,237.6,Censored
MP000833,M00405,2024,2024-01-21,2024-12-31,Monthly flexible,480,0,480,196.8,Yes
MP000834,M00405,2025,2025-01-01,2025-12-31,Monthly flexible,480,0,480,196.8,Censored
MP000835,M00406,2025,2025-10-06,2025-12-31,Family annual,840,0,840,327.6,Censored
MP000836,M00407,2025,2025-07-13,2025-12-31,Adult annual,540,0,540,237.6,Censored
MP000837,M00408,2022,2022-07-15,2022-12-31,Monthly flexible,480,0,480,196.8,Yes
MP000838,M00408,2023,2023-01-01,2023-12-31,Monthly flexible,480,50,430,176.3,Yes
MP000839,M00408,2024,2024-01-01,2024-12-31,Monthly flexible,480,0,480,196.8,Yes
MP000840,M00408,2025,2025-01-01,2025-12-31,Monthly flexible,480,0,480,196.8,Censored
MP000841,M00409,2024,2024-01-21,2024-12-31,Monthly flexible,480,0,480,196.8,Yes
MP000842,M00409,2025,2025-01-01,2025-12-31,Monthly flexible,480,0,480,196.8,Censored
MP000843,M00410,2023,2023-06-08,2023-12-31,Adult annual,540,0,540,237.6,Yes
MP000844,M00410,2024,2024-01-01,2024-12-31,Adult annual,540,0,540,237.6,No
MP000845,M00411,2023,2023-10-02,2023-12-31,Family annual,840,0,840,327.6,No
MP000846,M00412,2023,2023-08-23,2023-12-31,Senior annual,390,75,315,113.4,No
MP000847,M00413,2023,2023-03-12,2023-12-31,Monthly flexible,480,25,455,186.55,Yes
MP000848,M00413,2024,2024-01-01,2024-12-31,Monthly flexible,480,0,480,196.8,Yes
MP000849,M00413,2025,2025-01-01,2025-12-31,Monthly flexible,480,25,455,186.55,Censored
MP000850,M00414,2022,2022-11-07,2022-12-31,Family annual,840,0,840,327.6,No
MP000851,M00415,2025,2025-03-22,2025-12-31,Family annual,840,0,840,327.6,Censored
MP000852,M00416,2022,2022-10-26,2022-12-31,Monthly flexible,480,0,480,196.8,No
MP000853,M00417,2025,2025-11-02,2025-12-31,Youth annual,300,0,300,93,Censored
MP000854,M00418,2022,2022-04-01,2022-12-31,Family annual,840,0,840,327.6,Yes
MP000855,M00418,2023,2023-01-01,2023-12-31,Family annual,840,0,840,327.6,Yes
MP000856,M00418,2024,2024-01-01,2024-12-31,Family annual,840,0,840,327.6,No
MP000857,M00419,2024,2024-04-20,2024-12-31,Family annual,840,0,840,327.6,Yes
MP000858,M00419,2025,2025-01-01,2025-12-31,Family annual,840,25,815,317.85,Censored
MP000859,M00420,2023,2023-11-11,2023-12-31,Monthly flexible,480,0,480,196.8,Yes
MP000860,M00420,2024,2024-01-01,2024-12-31,Monthly flexible,480,25,455,186.55,Yes
MP000861,M00420,2025,2025-01-01,2025-12-31,Monthly flexible,480,0,480,196.8,Censored
MP000862,M00421,2023,2023-01-17,2023-12-31,Family annual,840,0,840,327.6,Yes
MP000863,M00421,2024,2024-01-01,2024-12-31,Family annual,840,0,840,327.6,Yes
MP000864,M00421,2025,2025-01-01,2025-12-31,Family annual,840,0,840,327.6,Censored
MP000865,M00422,2023,2023-04-09,2023-12-31,Family annual,840,0,840,327.6,Yes
MP000866,M00422,2024,2024-01-01,2024-12-31,Family annual,840,0,840,327.6,Yes
MP000867,M00422,2025,2025-01-01,2025-12-31,Family annual,840,50,790,308.1,Censored
MP000868,M00423,2023,2023-07-20,2023-12-31,Adult annual,540,0,540,237.6,Yes
MP000869,M00423,2024,2024-01-01,2024-12-31,Adult annual,540,0,540,237.6,Yes
MP000870,M00423,2025,2025-01-01,2025-12-31,Adult annual,540,0,540,237.6,Censored
MP000871,M00424,2024,2024-10-29,2024-12-31,Monthly flexible,480,0,480,196.8,Yes
MP000872,M00424,2025,2025-01-01,2025-12-31,Monthly flexible,480,0,480,196.8,Censored
MP000873,M00425,2025,2025-03-03,2025-12-31,Youth annual,300,75,225,69.75,Censored
MP000874,M00426,2025,2025-11-12,2025-12-31,Senior annual,390,0,390,140.4,Censored
MP000875,M00427,2023,2023-03-09,2023-12-31,Family annual,840,0,840,327.6,Yes
MP000876,M00427,2024,2024-01-01,2024-12-31,Family annual,840,0,840,327.6,Yes
MP000877,M00427,2025,2025-01-01,2025-12-31,Family annual,840,0,840,327.6,Censored
MP000878,M00428,2023,2023-09-24,2023-12-31,Adult annual,540,75,465,204.6,No
MP000879,M00429,2022,2022-07-11,2022-12-31,Family annual,840,0,840,327.6,Yes
MP000880,M00429,2023,2023-01-01,2023-12-31,Family annual,840,75,765,298.35,Yes
MP000881,M00429,2024,2024-01-01,2024-12-31,Family annual,840,0,840,327.6,Yes
MP000882,M00429,2025,2025-01-01,2025-12-31,Family annual,840,0,840,327.6,Censored
MP000883,M00430,2022,2022-01-23,2022-12-31,Family annual,840,0,840,327.6,Yes
MP000884,M00430,2023,2023-01-01,2023-12-31,Family annual,840,0,840,327.6,No
MP000885,M00431,2025,2025-04-23,2025-12-31,Adult annual,540,75,465,204.6,Censored
MP000886,M00432,2022,2022-05-06,2022-12-31,Adult annual,540,0,540,237.6,Yes
MP000887,M00432,2023,2023-01-01,2023-12-31,Adult annual,540,0,540,237.6,Yes
MP000888,M00432,2024,2024-01-01,2024-12-31,Adult annual,540,0,540,237.6,Yes
MP000889,M00432,2025,2025-01-01,2025-12-31,Adult annual,540,25,515,226.6,Censored
MP000890,M00433,2023,2023-04-14,2023-12-31,Youth annual,300,50,250,77.5,Yes
MP000891,M00433,2024,2024-01-01,2024-12-31,Youth annual,300,0,300,93,Yes
MP000892,M00433,2025,2025-01-01,2025-12-31,Youth annual,300,0,300,93,Censored
MP000893,M00434,2024,2024-08-21,2024-12-31,Senior annual,390,25,365,131.4,No
MP000894,M00435,2024,2024-06-19,2024-12-31,Family annual,840,50,790,308.1,Yes
MP000895,M00435,2025,2025-01-01,2025-12-31,Family annual,840,0,840,327.6,Censored
MP000896,M00436,2023,2023-09-11,2023-12-31,Adult annual,540,75,465,204.6,Yes
MP000897,M00436,2024,2024-01-01,2024-12-31,Adult annual,540,0,540,237.6,Yes
MP000898,M00436,2025,2025-01-01,2025-12-31,Adult annual,540,0,540,237.6,Censored
MP000899,M00437,2022,2022-09-06,2022-12-31,Adult annual,540,50,490,215.6,Yes
MP000900,M00437,2023,2023-01-01,2023-12-31,Adult annual,540,0,540,237.6,Yes
MP000901,M00437,2024,2024-01-01,2024-12-31,Adult annual,540,0,540,237.6,Yes
MP000902,M00437,2025,2025-01-01,2025-12-31,Adult annual,540,25,515,226.6,Censored
MP000903,M00438,2023,2023-03-07,2023-12-31,Monthly flexible,480,50,430,176.3,Yes
MP000904,M00438,2024,2024-01-01,2024-12-31,Monthly flexible,480,50,430,176.3,Yes
MP000905,M00438,2025,2025-01-01,2025-12-31,Monthly flexible,480,50,430,176.3,Censored
MP000906,M00439,2023,2023-05-04,2023-12-31,Monthly flexible,480,75,405,166.05,Yes
MP000907,M00439,2024,2024-01-01,2024-12-31,Monthly flexible,480,0,480,196.8,Yes
MP000908,M00439,2025,2025-01-01,2025-12-31,Monthly flexible,480,0,480,196.8,Censored
MP000909,M00440,2023,2023-06-05,2023-12-31,Monthly flexible,480,50,430,176.3,No
MP000910,M00441,2023,2023-08-10,2023-12-31,Youth annual,300,0,300,93,Yes
MP000911,M00441,2024,2024-01-01,2024-12-31,Youth annual,300,0,300,93,Yes
MP000912,M00441,2025,2025-01-01,2025-12-31,Youth annual,300,0,300,93,Censored
MP000913,M00442,2024,2024-07-07,2024-12-31,Senior annual,390,50,340,122.4,Yes
MP000914,M00442,2025,2025-01-01,2025-12-31,Senior annual,390,0,390,140.4,Censored
MP000915,M00443,2022,2022-05-28,2022-12-31,Adult annual,540,0,540,237.6,Yes
MP000916,M00443,2023,2023-01-01,2023-12-31,Adult annual,540,50,490,215.6,Yes
MP000917,M00443,2024,2024-01-01,2024-12-31,Adult annual,540,0,540,237.6,Yes
MP000918,M00443,2025,2025-01-01,2025-12-31,Adult annual,540,0,540,237.6,Censored
MP000919,M00444,2024,2024-04-27,2024-12-31,Adult annual,540,0,540,237.6,Yes
MP000920,M00444,2025,2025-01-01,2025-12-31,Adult annual,540,0,540,237.6,Censored
MP000921,M00445,2025,2025-02-15,2025-12-31,Family annual,840,25,815,317.85,Censored
MP000922,M00446,2022,2022-05-23,2022-12-31,Monthly flexible,480,0,480,196.8,Yes
MP000923,M00446,2023,2023-01-01,2023-12-31,Monthly flexible,480,0,480,196.8,No
MP000924,M00447,2024,2024-01-25,2024-12-31,Adult annual,540,0,540,237.6,Yes
MP000925,M00447,2025,2025-01-01,2025-12-31,Adult annual,540,0,540,237.6,Censored
MP000926,M00448,2025,2025-09-13,2025-12-31,Family annual,840,0,840,327.6,Censored
MP000927,M00449,2023,2023-05-03,2023-12-31,Adult annual,540,0,540,237.6,Yes
MP000928,M00449,2024,2024-01-01,2024-12-31,Adult annual,540,25,515,226.6,Yes
MP000929,M00449,2025,2025-01-01,2025-12-31,Adult annual,540,75,465,204.6,Censored
MP000930,M00450,2024,2024-06-14,2024-12-31,Senior annual,390,0,390,140.4,Yes
MP000931,M00450,2025,2025-01-01,2025-12-31,Senior annual,390,75,315,113.4,Censored
MP000932,M00451,2023,2023-02-11,2023-12-31,Family annual,840,0,840,327.6,Yes
MP000933,M00451,2024,2024-01-01,2024-12-31,Family annual,840,0,840,327.6,No
MP000934,M00452,2023,2023-03-12,2023-12-31,Senior annual,390,50,340,122.4,Yes
MP000935,M00452,2024,2024-01-01,2024-12-31,Senior annual,390,0,390,140.4,No
MP000936,M00453,2022,2022-06-07,2022-12-31,Youth annual,300,75,225,69.75,No
MP000937,M00454,2023,2023-09-27,2023-12-31,Monthly flexible,480,0,480,196.8,No
MP000938,M00455,2022,2022-05-05,2022-12-31,Adult annual,540,0,540,237.6,Yes
MP000939,M00455,2023,2023-01-01,2023-12-31,Adult annual,540,0,540,237.6,Yes
MP000940,M00455,2024,2024-01-01,2024-12-31,Adult annual,540,0,540,237.6,Yes
MP000941,M00455,2025,2025-01-01,2025-12-31,Adult annual,540,0,540,237.6,Censored
MP000942,M00456,2023,2023-05-11,2023-12-31,Adult annual,540,0,540,237.6,Yes
MP000943,M00456,2024,2024-01-01,2024-12-31,Adult annual,540,0,540,237.6,Yes
MP000944,M00456,2025,2025-01-01,2025-12-31,Adult annual,540,0,540,237.6,Censored
MP000945,M00457,2022,2022-03-23,2022-12-31,Monthly flexible,480,0,480,196.8,No
MP000946,M00458,2024,2024-03-19,2024-12-31,Senior annual,390,25,365,131.4,Yes
MP000947,M00458,2025,2025-01-01,2025-12-31,Senior annual,390,0,390,140.4,Censored
MP000948,M00459,2023,2023-04-07,2023-12-31,Monthly flexible,480,0,480,196.8,Yes
MP000949,M00459,2024,2024-01-01,2024-12-31,Monthly flexible,480,0,480,196.8,Yes
MP000950,M00459,2025,2025-01-01,2025-12-31,Monthly flexible,480,25,455,186.55,Censored
MP000951,M00460,2023,2023-06-17,2023-12-31,Monthly flexible,480,0,480,196.8,Yes
MP000952,M00460,2024,2024-01-01,2024-12-31,Monthly flexible,480,0,480,196.8,Yes
MP000953,M00460,2025,2025-01-01,2025-12-31,Monthly flexible,480,0,480,196.8,Censored
MP000954,M00461,2025,2025-10-19,2025-12-31,Adult annual,540,0,540,237.6,Censored
MP000955,M00462,2023,2023-03-06,2023-12-31,Adult annual,540,0,540,237.6,Yes
MP000956,M00462,2024,2024-01-01,2024-12-31,Adult annual,540,25,515,226.6,No
MP000957,M00463,2022,2022-01-19,2022-12-31,Adult annual,540,0,540,237.6,Yes
MP000958,M00463,2023,2023-01-01,2023-12-31,Adult annual,540,0,540,237.6,Yes
MP000959,M00463,2024,2024-01-01,2024-12-31,Adult annual,540,0,540,237.6,Yes
MP000960,M00463,2025,2025-01-01,2025-12-31,Adult annual,540,25,515,226.6,Censored
MP000961,M00464,2023,2023-06-13,2023-12-31,Senior annual,390,0,390,140.4,Yes
MP000962,M00464,2024,2024-01-01,2024-12-31,Senior annual,390,0,390,140.4,Yes
MP000963,M00464,2025,2025-01-01,2025-12-31,Senior annual,390,0,390,140.4,Censored
MP000964,M00465,2025,2025-06-11,2025-12-31,Senior annual,390,50,340,122.4,Censored
MP000965,M00466,2025,2025-06-07,2025-12-31,Adult annual,540,0,540,237.6,Censored
MP000966,M00467,2024,2024-11-03,2024-12-31,Family annual,840,50,790,308.1,Yes
MP000967,M00467,2025,2025-01-01,2025-12-31,Family annual,840,0,840,327.6,Censored
MP000968,M00468,2025,2025-09-08,2025-12-31,Youth annual,300,25,275,85.25,Censored
MP000969,M00469,2024,2024-02-02,2024-12-31,Senior annual,390,0,390,140.4,Yes
MP000970,M00469,2025,2025-01-01,2025-12-31,Senior annual,390,0,390,140.4,Censored
MP000971,M00470,2023,2023-02-26,2023-12-31,Adult annual,540,0,540,237.6,No
MP000972,M00471,2022,2022-04-13,2022-12-31,Family annual,840,0,840,327.6,Yes
MP000973,M00471,2023,2023-01-01,2023-12-31,Family annual,840,0,840,327.6,Yes
MP000974,M00471,2024,2024-01-01,2024-12-31,Family annual,840,0,840,327.6,Yes
MP000975,M00471,2025,2025-01-01,2025-12-31,Family annual,840,0,840,327.6,Censored
MP000976,M00472,2025,2025-01-19,2025-12-31,Family annual,840,0,840,327.6,Censored
MP000977,M00473,2023,2023-10-14,2023-12-31,Senior annual,390,25,365,131.4,Yes
MP000978,M00473,2024,2024-01-01,2024-12-31,Senior annual,390,50,340,122.4,Yes
MP000979,M00473,2025,2025-01-01,2025-12-31,Senior annual,390,0,390,140.4,Censored
MP000980,M00474,2024,2024-07-01,2024-12-31,Adult annual,540,0,540,237.6,Yes
MP000981,M00474,2025,2025-01-01,2025-12-31,Adult annual,540,0,540,237.6,Censored
MP000982,M00475,2022,2022-07-23,2022-12-31,Monthly flexible,480,25,455,186.55,Yes
MP000983,M00475,2023,2023-01-01,2023-12-31,Monthly flexible,480,75,405,166.05,Yes
MP000984,M00475,2024,2024-01-01,2024-12-31,Monthly flexible,480,0,480,196.8,No
MP000985,M00476,2024,2024-04-05,2024-12-31,Adult annual,540,0,540,237.6,Yes
MP000986,M00476,2025,2025-01-01,2025-12-31,Adult annual,540,25,515,226.6,Censored
MP000987,M00477,2023,2023-08-29,2023-12-31,Monthly flexible,480,0,480,196.8,Yes
MP000988,M00477,2024,2024-01-01,2024-12-31,Monthly flexible,480,25,455,186.55,Yes
MP000989,M00477,2025,2025-01-01,2025-12-31,Monthly flexible,480,50,430,176.3,Censored
MP000990,M00478,2024,2024-06-02,2024-12-31,Monthly flexible,480,0,480,196.8,Yes
MP000991,M00478,2025,2025-01-01,2025-12-31,Monthly flexible,480,0,480,196.8,Censored
MP000992,M00479,2022,2022-03-03,2022-12-31,Adult annual,540,0,540,237.6,Yes
MP000993,M00479,2023,2023-01-01,2023-12-31,Adult annual,540,0,540,237.6,No
MP000994,M00480,2022,2022-04-05,2022-12-31,Adult annual,540,0,540,237.6,Yes
MP000995,M00480,2023,2023-01-01,2023-12-31,Adult annual,540,50,490,215.6,Yes
MP000996,M00480,2024,2024-01-01,2024-12-31,Adult annual,540,0,540,237.6,Yes
MP000997,M00480,2025,2025-01-01,2025-12-31,Adult annual,540,0,540,237.6,Censored
MP000998,M00481,2022,2022-11-18,2022-12-31,Youth annual,300,0,300,93,Yes
MP000999,M00481,2023,2023-01-01,2023-12-31,Youth annual,300,0,300,93,Yes
MP001000,M00481,2024,2024-01-01,2024-12-31,Youth annual,300,0,300,93,Yes
MP001001,M00481,2025,2025-01-01,2025-12-31,Youth annual,300,75,225,69.75,Censored
MP001002,M00482,2024,2024-03-26,2024-12-31,Adult annual,540,0,540,237.6,Yes
MP001003,M00482,2025,2025-01-01,2025-12-31,Adult annual,540,75,465,204.6,Censored
MP001004,M00483,2025,2025-06-15,2025-12-31,Family annual,840,25,815,317.85,Censored
MP001005,M00484,2024,2024-06-25,2024-12-31,Adult annual,540,0,540,237.6,Yes
MP001006,M00484,2025,2025-01-01,2025-12-31,Adult annual,540,0,540,237.6,Censored
MP001007,M00485,2024,2024-06-11,2024-12-31,Youth annual,300,0,300,93,No
MP001008,M00486,2024,2024-04-29,2024-12-31,Family annual,840,0,840,327.6,Yes
MP001009,M00486,2025,2025-01-01,2025-12-31,Family annual,840,0,840,327.6,Censored
MP001010,M00487,2024,2024-08-04,2024-12-31,Senior annual,390,0,390,140.4,Yes
MP001011,M00487,2025,2025-01-01,2025-12-31,Senior annual,390,0,390,140.4,Censored
MP001012,M00488,2022,2022-08-19,2022-12-31,Adult annual,540,25,515,226.6,No
MP001013,M00489,2025,2025-10-25,2025-12-31,Adult annual,540,0,540,237.6,Censored
MP001014,M00490,2024,2024-07-26,2024-12-31,Family annual,840,0,840,327.6,Yes
MP001015,M00490,2025,2025-01-01,2025-12-31,Family annual,840,0,840,327.6,Censored
MP001016,M00491,2024,2024-02-13,2024-12-31,Adult annual,540,0,540,237.6,Yes
MP001017,M00491,2025,2025-01-01,2025-12-31,Adult annual,540,0,540,237.6,Censored
MP001018,M00492,2024,2024-04-09,2024-12-31,Family annual,840,50,790,308.1,No
MP001019,M00493,2025,2025-05-27,2025-12-31,Adult annual,540,0,540,237.6,Censored
MP001020,M00494,2024,2024-06-10,2024-12-31,Family annual,840,0,840,327.6,Yes
MP001021,M00494,2025,2025-01-01,2025-12-31,Family annual,840,0,840,327.6,Censored
MP001022,M00495,2022,2022-04-25,2022-12-31,Family annual,840,25,815,317.85,Yes
MP001023,M00495,2023,2023-01-01,2023-12-31,Family annual,840,0,840,327.6,Yes
MP001024,M00495,2024,2024-01-01,2024-12-31,Family annual,840,0,840,327.6,Yes
MP001025,M00495,2025,2025-01-01,2025-12-31,Family annual,840,25,815,317.85,Censored
MP001026,M00496,2025,2025-06-19,2025-12-31,Monthly flexible,480,0,480,196.8,Censored
MP001027,M00497,2023,2023-06-20,2023-12-31,Monthly flexible,480,0,480,196.8,Yes
MP001028,M00497,2024,2024-01-01,2024-12-31,Monthly flexible,480,0,480,196.8,No
MP001029,M00498,2024,2024-08-06,2024-12-31,Family annual,840,0,840,327.6,Yes
MP001030,M00498,2025,2025-01-01,2025-12-31,Family annual,840,0,840,327.6,Censored
MP001031,M00499,2024,2024-06-10,2024-12-31,Adult annual,540,0,540,237.6,No
MP001032,M00500,2023,2023-02-04,2023-12-31,Monthly flexible,480,75,405,166.05,Yes
MP001033,M00500,2024,2024-01-01,2024-12-31,Monthly flexible,480,25,455,186.55,Yes
MP001034,M00500,2025,2025-01-01,2025-12-31,Monthly flexible,480,0,480,196.8,Censored
MP001035,M00501,2023,2023-08-21,2023-12-31,Family annual,840,0,840,327.6,Yes
MP001036,M00501,2024,2024-01-01,2024-12-31,Family annual,840,0,840,327.6,Yes
MP001037,M00501,2025,2025-01-01,2025-12-31,Family annual,840,25,815,317.85,Censored
MP001038,M00502,2024,2024-09-22,2024-12-31,Adult annual,540,0,540,237.6,No
MP001039,M00503,2025,2025-05-07,2025-12-31,Family annual,840,25,815,317.85,Censored
MP001040,M00504,2023,2023-01-20,2023-12-31,Adult annual,540,25,515,226.6,Yes
MP001041,M00504,2024,2024-01-01,2024-12-31,Adult annual,540,75,465,204.6,Yes
MP001042,M00504,2025,2025-01-01,2025-12-31,Adult annual,540,0,540,237.6,Censored
MP001043,M00505,2022,2022-04-03,2022-12-31,Senior annual,390,75,315,113.4,Yes
MP001044,M00505,2023,2023-01-01,2023-12-31,Senior annual,390,25,365,131.4,Yes
MP001045,M00505,2024,2024-01-01,2024-12-31,Senior annual,390,0,390,140.4,Yes
MP001046,M00505,2025,2025-01-01,2025-12-31,Senior annual,390,0,390,140.4,Censored
MP001047,M00506,2023,2023-07-14,2023-12-31,Adult annual,540,0,540,237.6,Yes
MP001048,M00506,2024,2024-01-01,2024-12-31,Adult annual,540,50,490,215.6,Yes
MP001049,M00506,2025,2025-01-01,2025-12-31,Adult annual,540,0,540,237.6,Censored
MP001050,M00507,2024,2024-06-08,2024-12-31,Monthly flexible,480,25,455,186.55,Yes
MP001051,M00507,2025,2025-01-01,2025-12-31,Monthly flexible,480,25,455,186.55,Censored
MP001052,M00508,2024,2024-10-16,2024-12-31,Adult annual,540,0,540,237.6,Yes
MP001053,M00508,2025,2025-01-01,2025-12-31,Adult annual,540,0,540,237.6,Censored
MP001054,M00509,2023,2023-10-27,2023-12-31,Family annual,840,0,840,327.6,Yes
MP001055,M00509,2024,2024-01-01,2024-12-31,Family annual,840,0,840,327.6,Yes
MP001056,M00509,2025,2025-01-01,2025-12-31,Family annual,840,0,840,327.6,Censored
MP001057,M00510,2025,2025-11-19,2025-12-31,Monthly flexible,480,0,480,196.8,Censored
MP001058,M00511,2024,2024-11-02,2024-12-31,Adult annual,540,0,540,237.6,Yes
MP001059,M00511,2025,2025-01-01,2025-12-31,Adult annual,540,0,540,237.6,Censored
MP001060,M00512,2023,2023-10-07,2023-12-31,Adult annual,540,50,490,215.6,Yes
MP001061,M00512,2024,2024-01-01,2024-12-31,Adult annual,540,25,515,226.6,Yes
MP001062,M00512,2025,2025-01-01,2025-12-31,Adult annual,540,50,490,215.6,Censored
MP001063,M00513,2023,2023-04-11,2023-12-31,Adult annual,540,25,515,226.6,Yes
MP001064,M00513,2024,2024-01-01,2024-12-31,Adult annual,540,50,490,215.6,Yes
MP001065,M00513,2025,2025-01-01,2025-12-31,Adult annual,540,50,490,215.6,Censored
MP001066,M00514,2022,2022-05-28,2022-12-31,Adult annual,540,0,540,237.6,No
MP001067,M00515,2024,2024-06-25,2024-12-31,Adult annual,540,0,540,237.6,No
MP001068,M00516,2024,2024-08-15,2024-12-31,Adult annual,540,0,540,237.6,Yes
MP001069,M00516,2025,2025-01-01,2025-12-31,Adult annual,540,0,540,237.6,Censored
MP001070,M00517,2023,2023-10-22,2023-12-31,Monthly flexible,480,25,455,186.55,Yes
MP001071,M00517,2024,2024-01-01,2024-12-31,Monthly flexible,480,0,480,196.8,No
MP001072,M00518,2024,2024-07-18,2024-12-31,Monthly flexible,480,0,480,196.8,Yes
MP001073,M00518,2025,2025-01-01,2025-12-31,Monthly flexible,480,0,480,196.8,Censored
MP001074,M00519,2023,2023-11-17,2023-12-31,Adult annual,540,25,515,226.6,Yes
MP001075,M00519,2024,2024-01-01,2024-12-31,Adult annual,540,0,540,237.6,Yes
MP001076,M00519,2025,2025-01-01,2025-12-31,Adult annual,540,0,540,237.6,Censored
MP001077,M00520,2024,2024-10-25,2024-12-31,Youth annual,300,0,300,93,Yes
MP001078,M00520,2025,2025-01-01,2025-12-31,Youth annual,300,0,300,93,Censored
MP001079,M00521,2025,2025-06-30,2025-12-31,Adult annual,540,0,540,237.6,Censored
MP001080,M00522,2022,2022-04-30,2022-12-31,Adult annual,540,0,540,237.6,Yes
MP001081,M00522,2023,2023-01-01,2023-12-31,Adult annual,540,0,540,237.6,Yes
MP001082,M00522,2024,2024-01-01,2024-12-31,Adult annual,540,0,540,237.6,No
MP001083,M00523,2024,2024-09-24,2024-12-31,Monthly flexible,480,50,430,176.3,Yes
MP001084,M00523,2025,2025-01-01,2025-12-31,Monthly flexible,480,0,480,196.8,Censored
MP001085,M00524,2024,2024-09-13,2024-12-31,Adult annual,540,25,515,226.6,Yes
MP001086,M00524,2025,2025-01-01,2025-12-31,Adult annual,540,50,490,215.6,Censored
MP001087,M00525,2023,2023-07-26,2023-12-31,Monthly flexible,480,25,455,186.55,No
MP001088,M00526,2024,2024-05-07,2024-12-31,Senior annual,390,0,390,140.4,No
MP001089,M00527,2023,2023-02-15,2023-12-31,Monthly flexible,480,25,455,186.55,Yes
MP001090,M00527,2024,2024-01-01,2024-12-31,Monthly flexible,480,0,480,196.8,Yes
MP001091,M00527,2025,2025-01-01,2025-12-31,Monthly flexible,480,0,480,196.8,Censored
MP001092,M00528,2023,2023-05-21,2023-12-31,Adult annual,540,75,465,204.6,Yes
MP001093,M00528,2024,2024-01-01,2024-12-31,Adult annual,540,0,540,237.6,Yes
MP001094,M00528,2025,2025-01-01,2025-12-31,Adult annual,540,50,490,215.6,Censored
MP001095,M00529,2025,2025-07-15,2025-12-31,Senior annual,390,0,390,140.4,Censored
MP001096,M00530,2022,2022-06-13,2022-12-31,Family annual,840,0,840,327.6,No
MP001097,M00531,2024,2024-05-08,2024-12-31,Monthly flexible,480,0,480,196.8,Yes
MP001098,M00531,2025,2025-01-01,2025-12-31,Monthly flexible,480,0,480,196.8,Censored
MP001099,M00532,2023,2023-06-27,2023-12-31,Family annual,840,25,815,317.85,Yes
MP001100,M00532,2024,2024-01-01,2024-12-31,Family annual,840,0,840,327.6,Yes
MP001101,M00532,2025,2025-01-01,2025-12-31,Family annual,840,0,840,327.6,Censored
MP001102,M00533,2022,2022-06-27,2022-12-31,Family annual,840,0,840,327.6,Yes
MP001103,M00533,2023,2023-01-01,2023-12-31,Family annual,840,0,840,327.6,Yes
MP001104,M00533,2024,2024-01-01,2024-12-31,Family annual,840,0,840,327.6,Yes
MP001105,M00533,2025,2025-01-01,2025-12-31,Family annual,840,0,840,327.6,Censored
MP001106,M00534,2023,2023-04-25,2023-12-31,Adult annual,540,0,540,237.6,No
MP001107,M00535,2024,2024-02-27,2024-12-31,Adult annual,540,0,540,237.6,Yes
MP001108,M00535,2025,2025-01-01,2025-12-31,Adult annual,540,0,540,237.6,Censored
MP001109,M00536,2023,2023-06-15,2023-12-31,Monthly flexible,480,0,480,196.8,Yes
MP001110,M00536,2024,2024-01-01,2024-12-31,Monthly flexible,480,0,480,196.8,Yes
MP001111,M00536,2025,2025-01-01,2025-12-31,Monthly flexible,480,0,480,196.8,Censored
MP001112,M00537,2023,2023-09-07,2023-12-31,Senior annual,390,0,390,140.4,Yes
MP001113,M00537,2024,2024-01-01,2024-12-31,Senior annual,390,0,390,140.4,Yes
MP001114,M00537,2025,2025-01-01,2025-12-31,Senior annual,390,0,390,140.4,Censored
MP001115,M00538,2025,2025-04-22,2025-12-31,Youth annual,300,25,275,85.25,Censored
MP001116,M00539,2025,2025-06-27,2025-12-31,Family annual,840,0,840,327.6,Censored
MP001117,M00540,2025,2025-08-25,2025-12-31,Monthly flexible,480,75,405,166.05,Censored
MP001118,M00541,2025,2025-09-12,2025-12-31,Family annual,840,0,840,327.6,Censored
MP001119,M00542,2024,2024-03-09,2024-12-31,Monthly flexible,480,0,480,196.8,Yes
MP001120,M00542,2025,2025-01-01,2025-12-31,Monthly flexible,480,0,480,196.8,Censored
MP001121,M00543,2022,2022-06-23,2022-12-31,Monthly flexible,480,0,480,196.8,Yes
MP001122,M00543,2023,2023-01-01,2023-12-31,Monthly flexible,480,0,480,196.8,Yes
MP001123,M00543,2024,2024-01-01,2024-12-31,Monthly flexible,480,0,480,196.8,Yes
MP001124,M00543,2025,2025-01-01,2025-12-31,Monthly flexible,480,50,430,176.3,Censored
MP001125,M00544,2025,2025-05-14,2025-12-31,Family annual,840,0,840,327.6,Censored
MP001126,M00545,2025,2025-10-10,2025-12-31,Senior annual,390,0,390,140.4,Censored
MP001127,M00546,2025,2025-11-11,2025-12-31,Adult annual,540,0,540,237.6,Censored
MP001128,M00547,2022,2022-05-12,2022-12-31,Family annual,840,0,840,327.6,No
MP001129,M00548,2023,2023-03-06,2023-12-31,Adult annual,540,0,540,237.6,Yes
MP001130,M00548,2024,2024-01-01,2024-12-31,Adult annual,540,0,540,237.6,No
MP001131,M00549,2022,2022-05-29,2022-12-31,Senior annual,390,0,390,140.4,No
MP001132,M00550,2024,2024-02-16,2024-12-31,Adult annual,540,0,540,237.6,Yes
MP001133,M00550,2025,2025-01-01,2025-12-31,Adult annual,540,25,515,226.6,Censored
MP001134,M00551,2025,2025-10-02,2025-12-31,Family annual,840,0,840,327.6,Censored
MP001135,M00552,2023,2023-08-02,2023-12-31,Monthly flexible,480,0,480,196.8,Yes
MP001136,M00552,2024,2024-01-01,2024-12-31,Monthly flexible,480,0,480,196.8,Yes
MP001137,M00552,2025,2025-01-01,2025-12-31,Monthly flexible,480,0,480,196.8,Censored
MP001138,M00553,2024,2024-10-25,2024-12-31,Adult annual,540,25,515,226.6,Yes
MP001139,M00553,2025,2025-01-01,2025-12-31,Adult annual,540,0,540,237.6,Censored
MP001140,M00554,2024,2024-08-02,2024-12-31,Adult annual,540,25,515,226.6,No
MP001141,M00555,2023,2023-08-07,2023-12-31,Adult annual,540,75,465,204.6,Yes
MP001142,M00555,2024,2024-01-01,2024-12-31,Adult annual,540,0,540,237.6,Yes
MP001143,M00555,2025,2025-01-01,2025-12-31,Adult annual,540,0,540,237.6,Censored
MP001144,M00556,2024,2024-06-14,2024-12-31,Monthly flexible,480,25,455,186.55,No
MP001145,M00557,2024,2024-05-07,2024-12-31,Senior annual,390,0,390,140.4,Yes
MP001146,M00557,2025,2025-01-01,2025-12-31,Senior annual,390,25,365,131.4,Censored
MP001147,M00558,2025,2025-05-29,2025-12-31,Adult annual,540,0,540,237.6,Censored
MP001148,M00559,2022,2022-08-31,2022-12-31,Senior annual,390,0,390,140.4,Yes
MP001149,M00559,2023,2023-01-01,2023-12-31,Senior annual,390,50,340,122.4,Yes
MP001150,M00559,2024,2024-01-01,2024-12-31,Senior annual,390,0,390,140.4,No
MP001151,M00560,2023,2023-06-16,2023-12-31,Family annual,840,0,840,327.6,Yes
MP001152,M00560,2024,2024-01-01,2024-12-31,Family annual,840,0,840,327.6,Yes
MP001153,M00560,2025,2025-01-01,2025-12-31,Family annual,840,0,840,327.6,Censored
MP001154,M00561,2023,2023-08-26,2023-12-31,Youth annual,300,0,300,93,Yes
MP001155,M00561,2024,2024-01-01,2024-12-31,Youth annual,300,0,300,93,Yes
MP001156,M00561,2025,2025-01-01,2025-12-31,Youth annual,300,75,225,69.75,Censored
MP001157,M00562,2024,2024-01-09,2024-12-31,Adult annual,540,0,540,237.6,Yes
MP001158,M00562,2025,2025-01-01,2025-12-31,Adult annual,540,0,540,237.6,Censored
MP001159,M00563,2023,2023-03-21,2023-12-31,Monthly flexible,480,0,480,196.8,No
MP001160,M00564,2024,2024-08-16,2024-12-31,Family annual,840,0,840,327.6,Yes
MP001161,M00564,2025,2025-01-01,2025-12-31,Family annual,840,0,840,327.6,Censored
MP001162,M00565,2023,2023-04-14,2023-12-31,Adult annual,540,0,540,237.6,No
MP001163,M00566,2022,2022-09-08,2022-12-31,Adult annual,540,0,540,237.6,Yes
MP001164,M00566,2023,2023-01-01,2023-12-31,Adult annual,540,0,540,237.6,Yes
MP001165,M00566,2024,2024-01-01,2024-12-31,Adult annual,540,25,515,226.6,Yes
MP001166,M00566,2025,2025-01-01,2025-12-31,Adult annual,540,0,540,237.6,Censored
MP001167,M00567,2025,2025-09-04,2025-12-31,Senior annual,390,0,390,140.4,Censored
MP001168,M00568,2023,2023-10-05,2023-12-31,Family annual,840,25,815,317.85,Yes
MP001169,M00568,2024,2024-01-01,2024-12-31,Family annual,840,0,840,327.6,Yes
MP001170,M00568,2025,2025-01-01,2025-12-31,Family annual,840,25,815,317.85,Censored
MP001171,M00569,2022,2022-07-27,2022-12-31,Monthly flexible,480,0,480,196.8,Yes
MP001172,M00569,2023,2023-01-01,2023-12-31,Monthly flexible,480,0,480,196.8,No
MP001173,M00570,2024,2024-08-30,2024-12-31,Adult annual,540,25,515,226.6,No
MP001174,M00571,2022,2022-11-11,2022-12-31,Monthly flexible,480,0,480,196.8,Yes
MP001175,M00571,2023,2023-01-01,2023-12-31,Monthly flexible,480,0,480,196.8,Yes
MP001176,M00571,2024,2024-01-01,2024-12-31,Monthly flexible,480,0,480,196.8,Yes
MP001177,M00571,2025,2025-01-01,2025-12-31,Monthly flexible,480,0,480,196.8,Censored
MP001178,M00572,2023,2023-08-16,2023-12-31,Family annual,840,0,840,327.6,No
MP001179,M00573,2023,2023-08-28,2023-12-31,Family annual,840,25,815,317.85,No
MP001180,M00574,2022,2022-10-17,2022-12-31,Adult annual,540,75,465,204.6,Yes
MP001181,M00574,2023,2023-01-01,2023-12-31,Adult annual,540,0,540,237.6,No
MP001182,M00575,2025,2025-02-02,2025-12-31,Adult annual,540,25,515,226.6,Censored
MP001183,M00576,2022,2022-01-25,2022-12-31,Monthly flexible,480,0,480,196.8,No
MP001184,M00577,2025,2025-06-11,2025-12-31,Senior annual,390,0,390,140.4,Censored
MP001185,M00578,2024,2024-06-17,2024-12-31,Adult annual,540,25,515,226.6,Yes
MP001186,M00578,2025,2025-01-01,2025-12-31,Adult annual,540,0,540,237.6,Censored
MP001187,M00579,2024,2024-08-22,2024-12-31,Family annual,840,0,840,327.6,Yes
MP001188,M00579,2025,2025-01-01,2025-12-31,Family annual,840,0,840,327.6,Censored
MP001189,M00580,2024,2024-06-07,2024-12-31,Adult annual,540,0,540,237.6,Yes
MP001190,M00580,2025,2025-01-01,2025-12-31,Adult annual,540,0,540,237.6,Censored
MP001191,M00581,2023,2023-07-05,2023-12-31,Senior annual,390,50,340,122.4,No
MP001192,M00582,2023,2023-08-10,2023-12-31,Adult annual,540,75,465,204.6,Yes
MP001193,M00582,2024,2024-01-01,2024-12-31,Adult annual,540,0,540,237.6,Yes
MP001194,M00582,2025,2025-01-01,2025-12-31,Adult annual,540,0,540,237.6,Censored
MP001195,M00583,2024,2024-02-28,2024-12-31,Senior annual,390,25,365,131.4,Yes
MP001196,M00583,2025,2025-01-01,2025-12-31,Senior annual,390,0,390,140.4,Censored
MP001197,M00584,2024,2024-11-10,2024-12-31,Monthly flexible,480,0,480,196.8,No
MP001198,M00585,2024,2024-01-10,2024-12-31,Senior annual,390,0,390,140.4,Yes
MP001199,M00585,2025,2025-01-01,2025-12-31,Senior annual,390,0,390,140.4,Censored
MP001200,M00586,2024,2024-06-17,2024-12-31,Adult annual,540,0,540,237.6,No
MP001201,M00587,2023,2023-11-04,2023-12-31,Monthly flexible,480,0,480,196.8,No
MP001202,M00588,2025,2025-04-19,2025-12-31,Youth annual,300,0,300,93,Censored
MP001203,M00589,2023,2023-03-03,2023-12-31,Family annual,840,50,790,308.1,No
MP001204,M00590,2025,2025-02-24,2025-12-31,Adult annual,540,75,465,204.6,Censored
MP001205,M00591,2023,2023-08-04,2023-12-31,Adult annual,540,50,490,215.6,Yes
MP001206,M00591,2024,2024-01-01,2024-12-31,Adult annual,540,0,540,237.6,No
MP001207,M00592,2024,2024-10-19,2024-12-31,Adult annual,540,0,540,237.6,Yes
MP001208,M00592,2025,2025-01-01,2025-12-31,Adult annual,540,0,540,237.6,Censored
MP001209,M00593,2023,2023-01-15,2023-12-31,Youth annual,300,0,300,93,Yes
MP001210,M00593,2024,2024-01-01,2024-12-31,Youth annual,300,0,300,93,No
MP001211,M00594,2024,2024-05-16,2024-12-31,Monthly flexible,480,25,455,186.55,No
MP001212,M00595,2024,2024-09-11,2024-12-31,Monthly flexible,480,75,405,166.05,Yes
MP001213,M00595,2025,2025-01-01,2025-12-31,Monthly flexible,480,0,480,196.8,Censored
MP001214,M00596,2024,2024-01-22,2024-12-31,Family annual,840,0,840,327.6,Yes
MP001215,M00596,2025,2025-01-01,2025-12-31,Family annual,840,0,840,327.6,Censored
MP001216,M00597,2025,2025-02-20,2025-12-31,Monthly flexible,480,0,480,196.8,Censored
MP001217,M00598,2024,2024-06-10,2024-12-31,Adult annual,540,0,540,237.6,Yes
MP001218,M00598,2025,2025-01-01,2025-12-31,Adult annual,540,0,540,237.6,Censored
MP001219,M00599,2022,2022-01-18,2022-12-31,Senior annual,390,50,340,122.4,Yes
MP001220,M00599,2023,2023-01-01,2023-12-31,Senior annual,390,0,390,140.4,No
MP001221,M00600,2025,2025-07-28,2025-12-31,Monthly flexible,480,0,480,196.8,Censored
MP001222,M00601,2023,2023-07-25,2023-12-31,Youth annual,300,0,300,93,Yes
MP001223,M00601,2024,2024-01-01,2024-12-31,Youth annual,300,0,300,93,No
MP001224,M00602,2023,2023-04-05,2023-12-31,Monthly flexible,480,0,480,196.8,Yes
MP001225,M00602,2024,2024-01-01,2024-12-31,Monthly flexible,480,0,480,196.8,Yes
MP001226,M00602,2025,2025-01-01,2025-12-31,Monthly flexible,480,0,480,196.8,Censored
MP001227,M00603,2022,2022-01-06,2022-12-31,Senior annual,390,0,390,140.4,Yes
MP001228,M00603,2023,2023-01-01,2023-12-31,Senior annual,390,25,365,131.4,Yes
MP001229,M00603,2024,2024-01-01,2024-12-31,Senior annual,390,0,390,140.4,No
MP001230,M00604,2023,2023-10-26,2023-12-31,Adult annual,540,0,540,237.6,Yes
MP001231,M00604,2024,2024-01-01,2024-12-31,Adult annual,540,0,540,237.6,Yes
MP001232,M00604,2025,2025-01-01,2025-12-31,Adult annual,540,0,540,237.6,Censored
MP001233,M00605,2024,2024-01-16,2024-12-31,Family annual,840,0,840,327.6,Yes
MP001234,M00605,2025,2025-01-01,2025-12-31,Family annual,840,0,840,327.6,Censored
MP001235,M00606,2022,2022-09-27,2022-12-31,Adult annual,540,25,515,226.6,Yes
MP001236,M00606,2023,2023-01-01,2023-12-31,Adult annual,540,0,540,237.6,Yes
MP001237,M00606,2024,2024-01-01,2024-12-31,Adult annual,540,0,540,237.6,Yes
MP001238,M00606,2025,2025-01-01,2025-12-31,Adult annual,540,0,540,237.6,Censored
MP001239,M00607,2023,2023-03-29,2023-12-31,Adult annual,540,25,515,226.6,Yes
MP001240,M00607,2024,2024-01-01,2024-12-31,Adult annual,540,50,490,215.6,Yes
MP001241,M00607,2025,2025-01-01,2025-12-31,Adult annual,540,0,540,237.6,Censored
MP001242,M00608,2022,2022-04-17,2022-12-31,Monthly flexible,480,0,480,196.8,Yes
MP001243,M00608,2023,2023-01-01,2023-12-31,Monthly flexible,480,0,480,196.8,Yes
MP001244,M00608,2024,2024-01-01,2024-12-31,Monthly flexible,480,25,455,186.55,Yes
MP001245,M00608,2025,2025-01-01,2025-12-31,Monthly flexible,480,0,480,196.8,Censored
MP001246,M00609,2022,2022-10-21,2022-12-31,Adult annual,540,25,515,226.6,Yes
MP001247,M00609,2023,2023-01-01,2023-12-31,Adult annual,540,25,515,226.6,Yes
MP001248,M00609,2024,2024-01-01,2024-12-31,Adult annual,540,0,540,237.6,No
MP001249,M00610,2023,2023-09-10,2023-12-31,Adult annual,540,0,540,237.6,Yes
MP001250,M00610,2024,2024-01-01,2024-12-31,Adult annual,540,0,540,237.6,No
MP001251,M00611,2024,2024-03-15,2024-12-31,Adult annual,540,0,540,237.6,Yes
MP001252,M00611,2025,2025-01-01,2025-12-31,Adult annual,540,0,540,237.6,Censored
MP001253,M00612,2025,2025-09-24,2025-12-31,Youth annual,300,0,300,93,Censored
MP001254,M00613,2024,2024-02-25,2024-12-31,Monthly flexible,480,50,430,176.3,No
MP001255,M00614,2022,2022-07-25,2022-12-31,Adult annual,540,0,540,237.6,Yes
MP001256,M00614,2023,2023-01-01,2023-12-31,Adult annual,540,25,515,226.6,Yes
MP001257,M00614,2024,2024-01-01,2024-12-31,Adult annual,540,0,540,237.6,Yes
MP001258,M00614,2025,2025-01-01,2025-12-31,Adult annual,540,0,540,237.6,Censored
MP001259,M00615,2023,2023-06-26,2023-12-31,Monthly flexible,480,0,480,196.8,No
MP001260,M00616,2023,2023-08-07,2023-12-31,Senior annual,390,0,390,140.4,Yes
MP001261,M00616,2024,2024-01-01,2024-12-31,Senior annual,390,0,390,140.4,Yes
MP001262,M00616,2025,2025-01-01,2025-12-31,Senior annual,390,75,315,113.4,Censored
MP001263,M00617,2024,2024-03-04,2024-12-31,Adult annual,540,0,540,237.6,Yes
MP001264,M00617,2025,2025-01-01,2025-12-31,Adult annual,540,25,515,226.6,Censored
MP001265,M00618,2022,2022-03-27,2022-12-31,Adult annual,540,0,540,237.6,Yes
MP001266,M00618,2023,2023-01-01,2023-12-31,Adult annual,540,25,515,226.6,Yes
MP001267,M00618,2024,2024-01-01,2024-12-31,Adult annual,540,0,540,237.6,Yes
MP001268,M00618,2025,2025-01-01,2025-12-31,Adult annual,540,0,540,237.6,Censored
MP001269,M00619,2022,2022-10-05,2022-12-31,Adult annual,540,75,465,204.6,No
MP001270,M00620,2023,2023-08-02,2023-12-31,Adult annual,540,0,540,237.6,Yes
MP001271,M00620,2024,2024-01-01,2024-12-31,Adult annual,540,0,540,237.6,Yes
MP001272,M00620,2025,2025-01-01,2025-12-31,Adult annual,540,0,540,237.6,Censored
MP001273,M00621,2023,2023-11-15,2023-12-31,Senior annual,390,0,390,140.4,Yes
MP001274,M00621,2024,2024-01-01,2024-12-31,Senior annual,390,75,315,113.4,Yes
MP001275,M00621,2025,2025-01-01,2025-12-31,Senior annual,390,0,390,140.4,Censored
MP001276,M00622,2024,2024-09-14,2024-12-31,Family annual,840,0,840,327.6,Yes
MP001277,M00622,2025,2025-01-01,2025-12-31,Family annual,840,50,790,308.1,Censored
MP001278,M00623,2025,2025-09-13,2025-12-31,Monthly flexible,480,0,480,196.8,Censored
MP001279,M00624,2023,2023-11-21,2023-12-31,Monthly flexible,480,75,405,166.05,No
MP001280,M00625,2022,2022-04-14,2022-12-31,Monthly flexible,480,50,430,176.3,Yes
MP001281,M00625,2023,2023-01-01,2023-12-31,Monthly flexible,480,0,480,196.8,No
MP001282,M00626,2023,2023-01-12,2023-12-31,Adult annual,540,0,540,237.6,No
MP001283,M00627,2022,2022-07-24,2022-12-31,Youth annual,300,0,300,93,Yes
MP001284,M00627,2023,2023-01-01,2023-12-31,Youth annual,300,75,225,69.75,Yes
MP001285,M00627,2024,2024-01-01,2024-12-31,Youth annual,300,25,275,85.25,Yes
MP001286,M00627,2025,2025-01-01,2025-12-31,Youth annual,300,0,300,93,Censored
MP001287,M00628,2024,2024-10-29,2024-12-31,Adult annual,540,0,540,237.6,Yes
MP001288,M00628,2025,2025-01-01,2025-12-31,Adult annual,540,0,540,237.6,Censored
MP001289,M00629,2023,2023-10-09,2023-12-31,Family annual,840,50,790,308.1,Yes
MP001290,M00629,2024,2024-01-01,2024-12-31,Family annual,840,25,815,317.85,Yes
MP001291,M00629,2025,2025-01-01,2025-12-31,Family annual,840,0,840,327.6,Censored
MP001292,M00630,2023,2023-08-25,2023-12-31,Family annual,840,0,840,327.6,Yes
MP001293,M00630,2024,2024-01-01,2024-12-31,Family annual,840,0,840,327.6,Yes
MP001294,M00630,2025,2025-01-01,2025-12-31,Family annual,840,75,765,298.35,Censored
MP001295,M00631,2024,2024-07-28,2024-12-31,Adult annual,540,0,540,237.6,Yes
MP001296,M00631,2025,2025-01-01,2025-12-31,Adult annual,540,0,540,237.6,Censored
MP001297,M00632,2025,2025-01-11,2025-12-31,Senior annual,390,0,390,140.4,Censored
MP001298,M00633,2022,2022-07-11,2022-12-31,Adult annual,540,0,540,237.6,No
MP001299,M00634,2024,2024-02-13,2024-12-31,Adult annual,540,0,540,237.6,No
MP001300,M00635,2024,2024-06-18,2024-12-31,Family annual,840,75,765,298.35,No
MP001301,M00636,2024,2024-07-12,2024-12-31,Family annual,840,0,840,327.6,Yes
MP001302,M00636,2025,2025-01-01,2025-12-31,Family annual,840,25,815,317.85,Censored
MP001303,M00637,2024,2024-01-26,2024-12-31,Adult annual,540,0,540,237.6,Yes
MP001304,M00637,2025,2025-01-01,2025-12-31,Adult annual,540,25,515,226.6,Censored
MP001305,M00638,2023,2023-05-25,2023-12-31,Family annual,840,0,840,327.6,Yes
MP001306,M00638,2024,2024-01-01,2024-12-31,Family annual,840,0,840,327.6,Yes
MP001307,M00638,2025,2025-01-01,2025-12-31,Family annual,840,50,790,308.1,Censored
MP001308,M00639,2025,2025-11-16,2025-12-31,Adult annual,540,0,540,237.6,Censored
MP001309,M00640,2023,2023-03-11,2023-12-31,Family annual,840,25,815,317.85,Yes
MP001310,M00640,2024,2024-01-01,2024-12-31,Family annual,840,0,840,327.6,Yes
MP001311,M00640,2025,2025-01-01,2025-12-31,Family annual,840,25,815,317.85,Censored
MP001312,M00641,2023,2023-09-14,2023-12-31,Senior annual,390,0,390,140.4,Yes
MP001313,M00641,2024,2024-01-01,2024-12-31,Senior annual,390,75,315,113.4,Yes
MP001314,M00641,2025,2025-01-01,2025-12-31,Senior annual,390,0,390,140.4,Censored
MP001315,M00642,2025,2025-04-27,2025-12-31,Youth annual,300,25,275,85.25,Censored
MP001316,M00643,2024,2024-11-16,2024-12-31,Youth annual,300,50,250,77.5,Yes
MP001317,M00643,2025,2025-01-01,2025-12-31,Youth annual,300,0,300,93,Censored
MP001318,M00644,2025,2025-01-30,2025-12-31,Family annual,840,0,840,327.6,Censored
MP001319,M00645,2025,2025-02-02,2025-12-31,Monthly flexible,480,0,480,196.8,Censored
MP001320,M00646,2023,2023-02-19,2023-12-31,Monthly flexible,480,0,480,196.8,No
MP001321,M00647,2024,2024-10-04,2024-12-31,Adult annual,540,50,490,215.6,No
MP001322,M00648,2022,2022-07-23,2022-12-31,Monthly flexible,480,50,430,176.3,No
MP001323,M00649,2025,2025-10-30,2025-12-31,Family annual,840,75,765,298.35,Censored
MP001324,M00650,2024,2024-10-13,2024-12-31,Youth annual,300,75,225,69.75,Yes
MP001325,M00650,2025,2025-01-01,2025-12-31,Youth annual,300,50,250,77.5,Censored
MP001326,M00651,2024,2024-07-05,2024-12-31,Adult annual,540,0,540,237.6,Yes
MP001327,M00651,2025,2025-01-01,2025-12-31,Adult annual,540,0,540,237.6,Censored
MP001328,M00652,2023,2023-06-05,2023-12-31,Family annual,840,0,840,327.6,Yes
MP001329,M00652,2024,2024-01-01,2024-12-31,Family annual,840,50,790,308.1,Yes
MP001330,M00652,2025,2025-01-01,2025-12-31,Family annual,840,0,840,327.6,Censored
MP001331,M00653,2024,2024-07-26,2024-12-31,Monthly flexible,480,25,455,186.55,Yes
MP001332,M00653,2025,2025-01-01,2025-12-31,Monthly flexible,480,0,480,196.8,Censored
MP001333,M00654,2024,2024-04-13,2024-12-31,Adult annual,540,25,515,226.6,No
MP001334,M00655,2025,2025-03-31,2025-12-31,Senior annual,390,25,365,131.4,Censored
MP001335,M00656,2024,2024-09-29,2024-12-31,Adult annual,540,50,490,215.6,Yes
MP001336,M00656,2025,2025-01-01,2025-12-31,Adult annual,540,0,540,237.6,Censored
MP001337,M00657,2024,2024-10-18,2024-12-31,Adult annual,540,0,540,237.6,Yes
MP001338,M00657,2025,2025-01-01,2025-12-31,Adult annual,540,0,540,237.6,Censored
MP001339,M00658,2024,2024-02-20,2024-12-31,Monthly flexible,480,0,480,196.8,Yes
MP001340,M00658,2025,2025-01-01,2025-12-31,Monthly flexible,480,0,480,196.8,Censored
MP001341,M00659,2025,2025-04-25,2025-12-31,Monthly flexible,480,0,480,196.8,Censored
MP001342,M00660,2024,2024-10-01,2024-12-31,Senior annual,390,0,390,140.4,Yes
MP001343,M00660,2025,2025-01-01,2025-12-31,Senior annual,390,75,315,113.4,Censored
MP001344,M00661,2024,2024-03-04,2024-12-31,Youth annual,300,25,275,85.25,Yes
MP001345,M00661,2025,2025-01-01,2025-12-31,Youth annual,300,25,275,85.25,Censored
MP001346,M00662,2022,2022-07-16,2022-12-31,Senior annual,390,50,340,122.4,Yes
MP001347,M00662,2023,2023-01-01,2023-12-31,Senior annual,390,25,365,131.4,No
MP001348,M00663,2024,2024-02-19,2024-12-31,Adult annual,540,0,540,237.6,Yes
MP001349,M00663,2025,2025-01-01,2025-12-31,Adult annual,540,0,540,237.6,Censored
MP001350,M00664,2025,2025-06-03,2025-12-31,Adult annual,540,25,515,226.6,Censored
MP001351,M00665,2024,2024-10-28,2024-12-31,Adult annual,540,0,540,237.6,Yes
MP001352,M00665,2025,2025-01-01,2025-12-31,Adult annual,540,0,540,237.6,Censored
MP001353,M00666,2025,2025-03-09,2025-12-31,Adult annual,540,50,490,215.6,Censored
MP001354,M00667,2022,2022-10-09,2022-12-31,Adult annual,540,0,540,237.6,Yes
MP001355,M00667,2023,2023-01-01,2023-12-31,Adult annual,540,50,490,215.6,Yes
MP001356,M00667,2024,2024-01-01,2024-12-31,Adult annual,540,25,515,226.6,Yes
MP001357,M00667,2025,2025-01-01,2025-12-31,Adult annual,540,0,540,237.6,Censored
MP001358,M00668,2024,2024-03-03,2024-12-31,Family annual,840,50,790,308.1,Yes
MP001359,M00668,2025,2025-01-01,2025-12-31,Family annual,840,0,840,327.6,Censored
MP001360,M00669,2022,2022-07-05,2022-12-31,Family annual,840,50,790,308.1,No
MP001361,M00670,2025,2025-04-01,2025-12-31,Adult annual,540,0,540,237.6,Censored
MP001362,M00671,2024,2024-01-26,2024-12-31,Family annual,840,50,790,308.1,Yes
MP001363,M00671,2025,2025-01-01,2025-12-31,Family annual,840,0,840,327.6,Censored
MP001364,M00672,2023,2023-06-26,2023-12-31,Senior annual,390,0,390,140.4,Yes
MP001365,M00672,2024,2024-01-01,2024-12-31,Senior annual,390,25,365,131.4,Yes
MP001366,M00672,2025,2025-01-01,2025-12-31,Senior annual,390,25,365,131.4,Censored
MP001367,M00673,2024,2024-06-19,2024-12-31,Adult annual,540,50,490,215.6,Yes
MP001368,M00673,2025,2025-01-01,2025-12-31,Adult annual,540,0,540,237.6,Censored
MP001369,M00674,2023,2023-02-21,2023-12-31,Youth annual,300,25,275,85.25,Yes
MP001370,M00674,2024,2024-01-01,2024-12-31,Youth annual,300,0,300,93,Yes
MP001371,M00674,2025,2025-01-01,2025-12-31,Youth annual,300,0,300,93,Censored
MP001372,M00675,2023,2023-05-21,2023-12-31,Family annual,840,0,840,327.6,Yes
MP001373,M00675,2024,2024-01-01,2024-12-31,Family annual,840,50,790,308.1,Yes
MP001374,M00675,2025,2025-01-01,2025-12-31,Family annual,840,25,815,317.85,Censored
MP001375,M00676,2022,2022-01-18,2022-12-31,Adult annual,540,25,515,226.6,No
MP001376,M00677,2022,2022-03-24,2022-12-31,Adult annual,540,0,540,237.6,Yes
MP001377,M00677,2023,2023-01-01,2023-12-31,Adult annual,540,25,515,226.6,Yes
MP001378,M00677,2024,2024-01-01,2024-12-31,Adult annual,540,0,540,237.6,No
MP001379,M00678,2023,2023-10-06,2023-12-31,Senior annual,390,0,390,140.4,Yes
MP001380,M00678,2024,2024-01-01,2024-12-31,Senior annual,390,0,390,140.4,Yes
MP001381,M00678,2025,2025-01-01,2025-12-31,Senior annual,390,50,340,122.4,Censored
MP001382,M00679,2023,2023-02-28,2023-12-31,Adult annual,540,0,540,237.6,No
MP001383,M00680,2024,2024-02-12,2024-12-31,Adult annual,540,0,540,237.6,No
MP001384,M00681,2025,2025-08-27,2025-12-31,Senior annual,390,0,390,140.4,Censored
MP001385,M00682,2025,2025-04-02,2025-12-31,Monthly flexible,480,0,480,196.8,Censored
MP001386,M00683,2023,2023-11-17,2023-12-31,Adult annual,540,25,515,226.6,No
MP001387,M00684,2022,2022-09-04,2022-12-31,Senior annual,390,50,340,122.4,Yes
MP001388,M00684,2023,2023-01-01,2023-12-31,Senior annual,390,0,390,140.4,No
MP001389,M00685,2024,2024-07-04,2024-12-31,Family annual,840,0,840,327.6,No
MP001390,M00686,2023,2023-02-04,2023-12-31,Family annual,840,50,790,308.1,Yes
MP001391,M00686,2024,2024-01-01,2024-12-31,Family annual,840,0,840,327.6,No
MP001392,M00687,2022,2022-05-13,2022-12-31,Adult annual,540,0,540,237.6,Yes
MP001393,M00687,2023,2023-01-01,2023-12-31,Adult annual,540,0,540,237.6,Yes
MP001394,M00687,2024,2024-01-01,2024-12-31,Adult annual,540,25,515,226.6,Yes
MP001395,M00687,2025,2025-01-01,2025-12-31,Adult annual,540,0,540,237.6,Censored
MP001396,M00688,2023,2023-05-20,2023-12-31,Monthly flexible,480,0,480,196.8,Yes
MP001397,M00688,2024,2024-01-01,2024-12-31,Monthly flexible,480,0,480,196.8,No
MP001398,M00689,2023,2023-05-06,2023-12-31,Monthly flexible,480,25,455,186.55,Yes
MP001399,M00689,2024,2024-01-01,2024-12-31,Monthly flexible,480,50,430,176.3,Yes
MP001400,M00689,2025,2025-01-01,2025-12-31,Monthly flexible,480,0,480,196.8,Censored
MP001401,M00690,2022,2022-05-14,2022-12-31,Monthly flexible,480,25,455,186.55,No
MP001402,M00691,2022,2022-09-15,2022-12-31,Adult annual,540,0,540,237.6,No
MP001403,M00692,2024,2024-09-11,2024-12-31,Monthly flexible,480,0,480,196.8,No
MP001404,M00693,2022,2022-04-03,2022-12-31,Family annual,840,25,815,317.85,Yes
MP001405,M00693,2023,2023-01-01,2023-12-31,Family annual,840,0,840,327.6,Yes
MP001406,M00693,2024,2024-01-01,2024-12-31,Family annual,840,0,840,327.6,Yes
MP001407,M00693,2025,2025-01-01,2025-12-31,Family annual,840,0,840,327.6,Censored
MP001408,M00694,2023,2023-06-23,2023-12-31,Monthly flexible,480,0,480,196.8,Yes
MP001409,M00694,2024,2024-01-01,2024-12-31,Monthly flexible,480,50,430,176.3,Yes
MP001410,M00694,2025,2025-01-01,2025-12-31,Monthly flexible,480,0,480,196.8,Censored
MP001411,M00695,2022,2022-10-25,2022-12-31,Senior annual,390,0,390,140.4,Yes
MP001412,M00695,2023,2023-01-01,2023-12-31,Senior annual,390,0,390,140.4,Yes
MP001413,M00695,2024,2024-01-01,2024-12-31,Senior annual,390,25,365,131.4,Yes
MP001414,M00695,2025,2025-01-01,2025-12-31,Senior annual,390,0,390,140.4,Censored
MP001415,M00696,2024,2024-09-06,2024-12-31,Senior annual,390,0,390,140.4,Yes
MP001416,M00696,2025,2025-01-01,2025-12-31,Senior annual,390,25,365,131.4,Censored
MP001417,M00697,2022,2022-06-17,2022-12-31,Family annual,840,0,840,327.6,No
MP001418,M00698,2023,2023-10-15,2023-12-31,Adult annual,540,25,515,226.6,Yes
MP001419,M00698,2024,2024-01-01,2024-12-31,Adult annual,540,0,540,237.6,Yes
MP001420,M00698,2025,2025-01-01,2025-12-31,Adult annual,540,50,490,215.6,Censored
MP001421,M00699,2025,2025-09-30,2025-12-31,Youth annual,300,75,225,69.75,Censored
MP001422,M00700,2024,2024-07-18,2024-12-31,Adult annual,540,0,540,237.6,Yes
MP001423,M00700,2025,2025-01-01,2025-12-31,Adult annual,540,0,540,237.6,Censored
MP001424,M00701,2025,2025-11-02,2025-12-31,Senior annual,390,25,365,131.4,Censored
MP001425,M00702,2023,2023-07-08,2023-12-31,Adult annual,540,0,540,237.6,Yes
MP001426,M00702,2024,2024-01-01,2024-12-31,Adult annual,540,0,540,237.6,Yes
MP001427,M00702,2025,2025-01-01,2025-12-31,Adult annual,540,0,540,237.6,Censored
MP001428,M00703,2022,2022-01-11,2022-12-31,Adult annual,540,0,540,237.6,Yes
MP001429,M00703,2023,2023-01-01,2023-12-31,Adult annual,540,75,465,204.6,Yes
MP001430,M00703,2024,2024-01-01,2024-12-31,Adult annual,540,0,540,237.6,No
MP001431,M00704,2024,2024-07-10,2024-12-31,Family annual,840,25,815,317.85,Yes
MP001432,M00704,2025,2025-01-01,2025-12-31,Family annual,840,0,840,327.6,Censored
MP001433,M00705,2024,2024-03-15,2024-12-31,Family annual,840,0,840,327.6,No
MP001434,M00706,2023,2023-11-09,2023-12-31,Monthly flexible,480,25,455,186.55,No
MP001435,M00707,2023,2023-07-11,2023-12-31,Youth annual,300,25,275,85.25,Yes
MP001436,M00707,2024,2024-01-01,2024-12-31,Youth annual,300,0,300,93,Yes
MP001437,M00707,2025,2025-01-01,2025-12-31,Youth annual,300,0,300,93,Censored
MP001438,M00708,2022,2022-02-13,2022-12-31,Adult annual,540,25,515,226.6,No
MP001439,M00709,2025,2025-04-03,2025-12-31,Youth annual,300,0,300,93,Censored
MP001440,M00710,2024,2024-08-14,2024-12-31,Senior annual,390,0,390,140.4,Yes
MP001441,M00710,2025,2025-01-01,2025-12-31,Senior annual,390,25,365,131.4,Censored
MP001442,M00711,2022,2022-11-01,2022-12-31,Adult annual,540,0,540,237.6,Yes
MP001443,M00711,2023,2023-01-01,2023-12-31,Adult annual,540,0,540,237.6,No
MP001444,M00712,2025,2025-06-18,2025-12-31,Family annual,840,0,840,327.6,Censored
MP001445,M00713,2025,2025-01-22,2025-12-31,Adult annual,540,50,490,215.6,Censored
MP001446,M00714,2024,2024-07-11,2024-12-31,Adult annual,540,0,540,237.6,Yes
MP001447,M00714,2025,2025-01-01,2025-12-31,Adult annual,540,75,465,204.6,Censored
MP001448,M00715,2025,2025-06-08,2025-12-31,Adult annual,540,0,540,237.6,Censored
MP001449,M00716,2023,2023-04-17,2023-12-31,Monthly flexible,480,75,405,166.05,Yes
MP001450,M00716,2024,2024-01-01,2024-12-31,Monthly flexible,480,0,480,196.8,Yes
MP001451,M00716,2025,2025-01-01,2025-12-31,Monthly flexible,480,0,480,196.8,Censored
MP001452,M00717,2023,2023-05-06,2023-12-31,Monthly flexible,480,0,480,196.8,No
MP001453,M00718,2023,2023-01-17,2023-12-31,Family annual,840,0,840,327.6,Yes
MP001454,M00718,2024,2024-01-01,2024-12-31,Family annual,840,75,765,298.35,Yes
MP001455,M00718,2025,2025-01-01,2025-12-31,Family annual,840,25,815,317.85,Censored
MP001456,M00719,2022,2022-01-15,2022-12-31,Adult annual,540,0,540,237.6,Yes
MP001457,M00719,2023,2023-01-01,2023-12-31,Adult annual,540,0,540,237.6,Yes
MP001458,M00719,2024,2024-01-01,2024-12-31,Adult annual,540,0,540,237.6,Yes
MP001459,M00719,2025,2025-01-01,2025-12-31,Adult annual,540,0,540,237.6,Censored
MP001460,M00720,2023,2023-07-30,2023-12-31,Adult annual,540,0,540,237.6,Yes
MP001461,M00720,2024,2024-01-01,2024-12-31,Adult annual,540,0,540,237.6,Yes
MP001462,M00720,2025,2025-01-01,2025-12-31,Adult annual,540,0,540,237.6,Censored
MP001463,M00721,2025,2025-08-29,2025-12-31,Family annual,840,50,790,308.1,Censored
MP001464,M00722,2024,2024-06-09,2024-12-31,Adult annual,540,0,540,237.6,No
MP001465,M00723,2022,2022-02-03,2022-12-31,Senior annual,390,0,390,140.4,Yes
MP001466,M00723,2023,2023-01-01,2023-12-31,Senior annual,390,0,390,140.4,Yes
MP001467,M00723,2024,2024-01-01,2024-12-31,Senior annual,390,0,390,140.4,Yes
MP001468,M00723,2025,2025-01-01,2025-12-31,Senior annual,390,50,340,122.4,Censored
MP001469,M00724,2022,2022-03-05,2022-12-31,Adult annual,540,0,540,237.6,Yes
MP001470,M00724,2023,2023-01-01,2023-12-31,Adult annual,540,75,465,204.6,No
MP001471,M00725,2025,2025-05-12,2025-12-31,Family annual,840,0,840,327.6,Censored
MP001472,M00726,2023,2023-02-25,2023-12-31,Adult annual,540,25,515,226.6,Yes
MP001473,M00726,2024,2024-01-01,2024-12-31,Adult annual,540,0,540,237.6,Yes
MP001474,M00726,2025,2025-01-01,2025-12-31,Adult annual,540,50,490,215.6,Censored
MP001475,M00727,2022,2022-03-15,2022-12-31,Monthly flexible,480,0,480,196.8,Yes
MP001476,M00727,2023,2023-01-01,2023-12-31,Monthly flexible,480,0,480,196.8,No
MP001477,M00728,2024,2024-09-30,2024-12-31,Monthly flexible,480,0,480,196.8,Yes
MP001478,M00728,2025,2025-01-01,2025-12-31,Monthly flexible,480,0,480,196.8,Censored
MP001479,M00729,2023,2023-08-10,2023-12-31,Monthly flexible,480,0,480,196.8,Yes
MP001480,M00729,2024,2024-01-01,2024-12-31,Monthly flexible,480,0,480,196.8,Yes
MP001481,M00729,2025,2025-01-01,2025-12-31,Monthly flexible,480,0,480,196.8,Censored
MP001482,M00730,2024,2024-07-22,2024-12-31,Adult annual,540,0,540,237.6,No
MP001483,M00731,2025,2025-08-24,2025-12-31,Family annual,840,0,840,327.6,Censored
MP001484,M00732,2023,2023-03-20,2023-12-31,Senior annual,390,0,390,140.4,Yes
MP001485,M00732,2024,2024-01-01,2024-12-31,Senior annual,390,0,390,140.4,Yes
MP001486,M00732,2025,2025-01-01,2025-12-31,Senior annual,390,0,390,140.4,Censored
MP001487,M00733,2024,2024-05-24,2024-12-31,Family annual,840,50,790,308.1,Yes
MP001488,M00733,2025,2025-01-01,2025-12-31,Family annual,840,25,815,317.85,Censored
MP001489,M00734,2024,2024-05-24,2024-12-31,Adult annual,540,0,540,237.6,Yes
MP001490,M00734,2025,2025-01-01,2025-12-31,Adult annual,540,75,465,204.6,Censored
MP001491,M00735,2022,2022-03-20,2022-12-31,Family annual,840,0,840,327.6,Yes
MP001492,M00735,2023,2023-01-01,2023-12-31,Family annual,840,25,815,317.85,Yes
MP001493,M00735,2024,2024-01-01,2024-12-31,Family annual,840,0,840,327.6,Yes
MP001494,M00735,2025,2025-01-01,2025-12-31,Family annual,840,50,790,308.1,Censored
MP001495,M00736,2023,2023-06-11,2023-12-31,Adult annual,540,50,490,215.6,Yes
MP001496,M00736,2024,2024-01-01,2024-12-31,Adult annual,540,0,540,237.6,Yes
MP001497,M00736,2025,2025-01-01,2025-12-31,Adult annual,540,0,540,237.6,Censored
MP001498,M00737,2024,2024-09-16,2024-12-31,Adult annual,540,75,465,204.6,Yes
MP001499,M00737,2025,2025-01-01,2025-12-31,Adult annual,540,0,540,237.6,Censored
MP001500,M00738,2024,2024-09-09,2024-12-31,Senior annual,390,0,390,140.4,Yes
MP001501,M00738,2025,2025-01-01,2025-12-31,Senior annual,390,0,390,140.4,Censored
MP001502,M00739,2025,2025-05-16,2025-12-31,Adult annual,540,0,540,237.6,Censored
MP001503,M00740,2023,2023-10-25,2023-12-31,Family annual,840,0,840,327.6,Yes
MP001504,M00740,2024,2024-01-01,2024-12-31,Family annual,840,0,840,327.6,Yes
MP001505,M00740,2025,2025-01-01,2025-12-31,Family annual,840,0,840,327.6,Censored
MP001506,M00741,2025,2025-10-24,2025-12-31,Adult annual,540,50,490,215.6,Censored
MP001507,M00742,2023,2023-01-19,2023-12-31,Family annual,840,0,840,327.6,Yes
MP001508,M00742,2024,2024-01-01,2024-12-31,Family annual,840,0,840,327.6,Yes
MP001509,M00742,2025,2025-01-01,2025-12-31,Family annual,840,0,840,327.6,Censored
MP001510,M00743,2024,2024-08-27,2024-12-31,Youth annual,300,0,300,93,Yes
MP001511,M00743,2025,2025-01-01,2025-12-31,Youth annual,300,0,300,93,Censored
MP001512,M00744,2023,2023-04-17,2023-12-31,Adult annual,540,0,540,237.6,Yes
MP001513,M00744,2024,2024-01-01,2024-12-31,Adult annual,540,0,540,237.6,No
MP001514,M00745,2023,2023-03-12,2023-12-31,Monthly flexible,480,0,480,196.8,Yes
MP001515,M00745,2024,2024-01-01,2024-12-31,Monthly flexible,480,50,430,176.3,Yes
MP001516,M00745,2025,2025-01-01,2025-12-31,Monthly flexible,480,0,480,196.8,Censored
MP001517,M00746,2024,2024-03-05,2024-12-31,Adult annual,540,75,465,204.6,Yes
MP001518,M00746,2025,2025-01-01,2025-12-31,Adult annual,540,0,540,237.6,Censored
MP001519,M00747,2024,2024-07-31,2024-12-31,Senior annual,390,0,390,140.4,Yes
MP001520,M00747,2025,2025-01-01,2025-12-31,Senior annual,390,75,315,113.4,Censored
MP001521,M00748,2022,2022-07-12,2022-12-31,Adult annual,540,0,540,237.6,Yes
MP001522,M00748,2023,2023-01-01,2023-12-31,Adult annual,540,0,540,237.6,Yes
MP001523,M00748,2024,2024-01-01,2024-12-31,Adult annual,540,0,540,237.6,No
MP001524,M00749,2023,2023-10-30,2023-12-31,Senior annual,390,0,390,140.4,Yes
MP001525,M00749,2024,2024-01-01,2024-12-31,Senior annual,390,0,390,140.4,Yes
MP001526,M00749,2025,2025-01-01,2025-12-31,Senior annual,390,0,390,140.4,Censored
MP001527,M00750,2024,2024-09-22,2024-12-31,Monthly flexible,480,25,455,186.55,No
MP001528,M00751,2024,2024-06-18,2024-12-31,Monthly flexible,480,0,480,196.8,Yes
MP001529,M00751,2025,2025-01-01,2025-12-31,Monthly flexible,480,0,480,196.8,Censored
MP001530,M00752,2025,2025-06-03,2025-12-31,Family annual,840,0,840,327.6,Censored
MP001531,M00753,2022,2022-07-01,2022-12-31,Adult annual,540,0,540,237.6,Yes
MP001532,M00753,2023,2023-01-01,2023-12-31,Adult annual,540,0,540,237.6,Yes
MP001533,M00753,2024,2024-01-01,2024-12-31,Adult annual,540,0,540,237.6,Yes
MP001534,M00753,2025,2025-01-01,2025-12-31,Adult annual,540,25,515,226.6,Censored
MP001535,M00754,2025,2025-08-28,2025-12-31,Senior annual,390,0,390,140.4,Censored
MP001536,M00755,2022,2022-04-20,2022-12-31,Family annual,840,0,840,327.6,Yes
MP001537,M00755,2023,2023-01-01,2023-12-31,Family annual,840,0,840,327.6,Yes
MP001538,M00755,2024,2024-01-01,2024-12-31,Family annual,840,0,840,327.6,Yes
MP001539,M00755,2025,2025-01-01,2025-12-31,Family annual,840,50,790,308.1,Censored
MP001540,M00756,2022,2022-07-28,2022-12-31,Youth annual,300,0,300,93,Yes
MP001541,M00756,2023,2023-01-01,2023-12-31,Youth annual,300,50,250,77.5,Yes
MP001542,M00756,2024,2024-01-01,2024-12-31,Youth annual,300,0,300,93,Yes
MP001543,M00756,2025,2025-01-01,2025-12-31,Youth annual,300,0,300,93,Censored
MP001544,M00757,2023,2023-01-30,2023-12-31,Monthly flexible,480,0,480,196.8,No
MP001545,M00758,2022,2022-06-15,2022-12-31,Adult annual,540,25,515,226.6,Yes
MP001546,M00758,2023,2023-01-01,2023-12-31,Adult annual,540,25,515,226.6,Yes
MP001547,M00758,2024,2024-01-01,2024-12-31,Adult annual,540,25,515,226.6,Yes
MP001548,M00758,2025,2025-01-01,2025-12-31,Adult annual,540,0,540,237.6,Censored
MP001549,M00759,2023,2023-06-10,2023-12-31,Adult annual,540,0,540,237.6,No
MP001550,M00760,2024,2024-06-30,2024-12-31,Adult annual,540,0,540,237.6,Yes
MP001551,M00760,2025,2025-01-01,2025-12-31,Adult annual,540,25,515,226.6,Censored
MP001552,M00761,2023,2023-02-01,2023-12-31,Adult annual,540,25,515,226.6,Yes
MP001553,M00761,2024,2024-01-01,2024-12-31,Adult annual,540,50,490,215.6,Yes
MP001554,M00761,2025,2025-01-01,2025-12-31,Adult annual,540,0,540,237.6,Censored
MP001555,M00762,2023,2023-10-15,2023-12-31,Youth annual,300,0,300,93,Yes
MP001556,M00762,2024,2024-01-01,2024-12-31,Youth annual,300,0,300,93,Yes
MP001557,M00762,2025,2025-01-01,2025-12-31,Youth annual,300,0,300,93,Censored
MP001558,M00763,2025,2025-02-25,2025-12-31,Family annual,840,0,840,327.6,Censored
MP001559,M00764,2024,2024-11-09,2024-12-31,Monthly flexible,480,25,455,186.55,Yes
MP001560,M00764,2025,2025-01-01,2025-12-31,Monthly flexible,480,0,480,196.8,Censored
MP001561,M00765,2023,2023-08-07,2023-12-31,Family annual,840,0,840,327.6,Yes
MP001562,M00765,2024,2024-01-01,2024-12-31,Family annual,840,0,840,327.6,No
MP001563,M00766,2022,2022-08-14,2022-12-31,Youth annual,300,0,300,93,Yes
MP001564,M00766,2023,2023-01-01,2023-12-31,Youth annual,300,0,300,93,Yes
MP001565,M00766,2024,2024-01-01,2024-12-31,Youth annual,300,0,300,93,Yes
MP001566,M00766,2025,2025-01-01,2025-12-31,Youth annual,300,0,300,93,Censored
MP001567,M00767,2024,2024-09-03,2024-12-31,Monthly flexible,480,0,480,196.8,Yes
MP001568,M00767,2025,2025-01-01,2025-12-31,Monthly flexible,480,0,480,196.8,Censored
MP001569,M00768,2022,2022-03-09,2022-12-31,Adult annual,540,75,465,204.6,Yes
MP001570,M00768,2023,2023-01-01,2023-12-31,Adult annual,540,0,540,237.6,Yes
MP001571,M00768,2024,2024-01-01,2024-12-31,Adult annual,540,50,490,215.6,Yes
MP001572,M00768,2025,2025-01-01,2025-12-31,Adult annual,540,0,540,237.6,Censored
MP001573,M00769,2024,2024-03-03,2024-12-31,Adult annual,540,75,465,204.6,Yes
MP001574,M00769,2025,2025-01-01,2025-12-31,Adult annual,540,25,515,226.6,Censored
MP001575,M00770,2023,2023-03-30,2023-12-31,Senior annual,390,0,390,140.4,No
MP001576,M00771,2025,2025-05-17,2025-12-31,Family annual,840,50,790,308.1,Censored
MP001577,M00772,2022,2022-01-27,2022-12-31,Family annual,840,0,840,327.6,Yes
MP001578,M00772,2023,2023-01-01,2023-12-31,Family annual,840,0,840,327.6,No
MP001579,M00773,2022,2022-02-18,2022-12-31,Adult annual,540,0,540,237.6,Yes
MP001580,M00773,2023,2023-01-01,2023-12-31,Adult annual,540,75,465,204.6,No
MP001581,M00774,2025,2025-06-10,2025-12-31,Family annual,840,25,815,317.85,Censored
MP001582,M00775,2023,2023-09-22,2023-12-31,Monthly flexible,480,0,480,196.8,Yes
MP001583,M00775,2024,2024-01-01,2024-12-31,Monthly flexible,480,0,480,196.8,Yes
MP001584,M00775,2025,2025-01-01,2025-12-31,Monthly flexible,480,0,480,196.8,Censored
MP001585,M00776,2024,2024-02-05,2024-12-31,Family annual,840,0,840,327.6,Yes
MP001586,M00776,2025,2025-01-01,2025-12-31,Family annual,840,0,840,327.6,Censored
MP001587,M00777,2024,2024-08-03,2024-12-31,Family annual,840,25,815,317.85,Yes
MP001588,M00777,2025,2025-01-01,2025-12-31,Family annual,840,0,840,327.6,Censored
MP001589,M00778,2025,2025-09-24,2025-12-31,Monthly flexible,480,0,480,196.8,Censored
MP001590,M00779,2023,2023-05-22,2023-12-31,Monthly flexible,480,25,455,186.55,Yes
MP001591,M00779,2024,2024-01-01,2024-12-31,Monthly flexible,480,25,455,186.55,Yes
MP001592,M00779,2025,2025-01-01,2025-12-31,Monthly flexible,480,50,430,176.3,Censored
MP001593,M00780,2025,2025-02-18,2025-12-31,Family annual,840,0,840,327.6,Censored
MP001594,M00781,2022,2022-05-14,2022-12-31,Adult annual,540,0,540,237.6,Yes
MP001595,M00781,2023,2023-01-01,2023-12-31,Adult annual,540,0,540,237.6,Yes
MP001596,M00781,2024,2024-01-01,2024-12-31,Adult annual,540,0,540,237.6,Yes
MP001597,M00781,2025,2025-01-01,2025-12-31,Adult annual,540,0,540,237.6,Censored
MP001598,M00782,2023,2023-06-17,2023-12-31,Family annual,840,25,815,317.85,Yes
MP001599,M00782,2024,2024-01-01,2024-12-31,Family annual,840,0,840,327.6,Yes
MP001600,M00782,2025,2025-01-01,2025-12-31,Family annual,840,0,840,327.6,Censored
MP001601,M00783,2022,2022-02-06,2022-12-31,Adult annual,540,50,490,215.6,Yes
MP001602,M00783,2023,2023-01-01,2023-12-31,Adult annual,540,0,540,237.6,No
MP001603,M00784,2023,2023-10-15,2023-12-31,Family annual,840,0,840,327.6,Yes
MP001604,M00784,2024,2024-01-01,2024-12-31,Family annual,840,25,815,317.85,Yes
MP001605,M00784,2025,2025-01-01,2025-12-31,Family annual,840,0,840,327.6,Censored
MP001606,M00785,2025,2025-08-17,2025-12-31,Adult annual,540,0,540,237.6,Censored
MP001607,M00786,2024,2024-10-28,2024-12-31,Adult annual,540,0,540,237.6,No
MP001608,M00787,2023,2023-10-15,2023-12-31,Family annual,840,25,815,317.85,Yes
MP001609,M00787,2024,2024-01-01,2024-12-31,Family annual,840,50,790,308.1,Yes
MP001610,M00787,2025,2025-01-01,2025-12-31,Family annual,840,0,840,327.6,Censored
MP001611,M00788,2023,2023-10-07,2023-12-31,Monthly flexible,480,25,455,186.55,No
MP001612,M00789,2023,2023-06-09,2023-12-31,Adult annual,540,0,540,237.6,Yes
MP001613,M00789,2024,2024-01-01,2024-12-31,Adult annual,540,0,540,237.6,No
MP001614,M00790,2023,2023-04-04,2023-12-31,Monthly flexible,480,0,480,196.8,Yes
MP001615,M00790,2024,2024-01-01,2024-12-31,Monthly flexible,480,25,455,186.55,No
MP001616,M00791,2023,2023-11-20,2023-12-31,Adult annual,540,25,515,226.6,No
MP001617,M00792,2025,2025-03-08,2025-12-31,Adult annual,540,0,540,237.6,Censored
MP001618,M00793,2022,2022-02-28,2022-12-31,Monthly flexible,480,0,480,196.8,Yes
MP001619,M00793,2023,2023-01-01,2023-12-31,Monthly flexible,480,0,480,196.8,Yes
MP001620,M00793,2024,2024-01-01,2024-12-31,Monthly flexible,480,0,480,196.8,Yes
MP001621,M00793,2025,2025-01-01,2025-12-31,Monthly flexible,480,0,480,196.8,Censored
MP001622,M00794,2024,2024-05-08,2024-12-31,Monthly flexible,480,75,405,166.05,Yes
MP001623,M00794,2025,2025-01-01,2025-12-31,Monthly flexible,480,75,405,166.05,Censored
MP001624,M00795,2024,2024-09-18,2024-12-31,Monthly flexible,480,25,455,186.55,Yes
MP001625,M00795,2025,2025-01-01,2025-12-31,Monthly flexible,480,0,480,196.8,Censored
MP001626,M00796,2023,2023-11-07,2023-12-31,Family annual,840,0,840,327.6,Yes
MP001627,M00796,2024,2024-01-01,2024-12-31,Family annual,840,50,790,308.1,No
MP001628,M00797,2025,2025-10-03,2025-12-31,Adult annual,540,0,540,237.6,Censored
MP001629,M00798,2023,2023-08-10,2023-12-31,Adult annual,540,0,540,237.6,Yes
MP001630,M00798,2024,2024-01-01,2024-12-31,Adult annual,540,50,490,215.6,Yes
MP001631,M00798,2025,2025-01-01,2025-12-31,Adult annual,540,0,540,237.6,Censored
MP001632,M00799,2023,2023-04-16,2023-12-31,Monthly flexible,480,0,480,196.8,Yes
MP001633,M00799,2024,2024-01-01,2024-12-31,Monthly flexible,480,0,480,196.8,No
MP001634,M00800,2024,2024-05-14,2024-12-31,Adult annual,540,25,515,226.6,Yes
MP001635,M00800,2025,2025-01-01,2025-12-31,Adult annual,540,0,540,237.6,Censored
MP001636,M00801,2023,2023-04-16,2023-12-31,Family annual,840,25,815,317.85,Yes
MP001637,M00801,2024,2024-01-01,2024-12-31,Family annual,840,0,840,327.6,No
MP001638,M00802,2023,2023-05-28,2023-12-31,Senior annual,390,0,390,140.4,Yes
MP001639,M00802,2024,2024-01-01,2024-12-31,Senior annual,390,50,340,122.4,No
MP001640,M00803,2025,2025-08-29,2025-12-31,Monthly flexible,480,0,480,196.8,Censored
MP001641,M00804,2023,2023-01-10,2023-12-31,Youth annual,300,0,300,93,No
MP001642,M00805,2025,2025-09-18,2025-12-31,Monthly flexible,480,0,480,196.8,Censored
MP001643,M00806,2022,2022-11-06,2022-12-31,Monthly flexible,480,0,480,196.8,Yes
MP001644,M00806,2023,2023-01-01,2023-12-31,Monthly flexible,480,50,430,176.3,Yes
MP001645,M00806,2024,2024-01-01,2024-12-31,Monthly flexible,480,75,405,166.05,Yes
MP001646,M00806,2025,2025-01-01,2025-12-31,Monthly flexible,480,75,405,166.05,Censored
MP001647,M00807,2023,2023-03-09,2023-12-31,Family annual,840,0,840,327.6,Yes
MP001648,M00807,2024,2024-01-01,2024-12-31,Family annual,840,0,840,327.6,Yes
MP001649,M00807,2025,2025-01-01,2025-12-31,Family annual,840,0,840,327.6,Censored
MP001650,M00808,2024,2024-07-23,2024-12-31,Family annual,840,0,840,327.6,Yes
MP001651,M00808,2025,2025-01-01,2025-12-31,Family annual,840,0,840,327.6,Censored
MP001652,M00809,2025,2025-05-15,2025-12-31,Adult annual,540,75,465,204.6,Censored
MP001653,M00810,2023,2023-11-14,2023-12-31,Monthly flexible,480,0,480,196.8,No
MP001654,M00811,2025,2025-08-26,2025-12-31,Family annual,840,50,790,308.1,Censored
MP001655,M00812,2025,2025-05-31,2025-12-31,Monthly flexible,480,0,480,196.8,Censored
MP001656,M00813,2023,2023-03-30,2023-12-31,Adult annual,540,0,540,237.6,Yes
MP001657,M00813,2024,2024-01-01,2024-12-31,Adult annual,540,0,540,237.6,Yes
MP001658,M00813,2025,2025-01-01,2025-12-31,Adult annual,540,0,540,237.6,Censored
MP001659,M00814,2025,2025-07-24,2025-12-31,Monthly flexible,480,75,405,166.05,Censored
MP001660,M00815,2024,2024-08-09,2024-12-31,Adult annual,540,75,465,204.6,No
MP001661,M00816,2024,2024-04-27,2024-12-31,Monthly flexible,480,0,480,196.8,No
MP001662,M00817,2024,2024-01-21,2024-12-31,Youth annual,300,0,300,93,Yes
MP001663,M00817,2025,2025-01-01,2025-12-31,Youth annual,300,0,300,93,Censored
MP001664,M00818,2024,2024-10-02,2024-12-31,Adult annual,540,0,540,237.6,Yes
MP001665,M00818,2025,2025-01-01,2025-12-31,Adult annual,540,0,540,237.6,Censored
MP001666,M00819,2022,2022-08-18,2022-12-31,Adult annual,540,0,540,237.6,Yes
MP001667,M00819,2023,2023-01-01,2023-12-31,Adult annual,540,0,540,237.6,Yes
MP001668,M00819,2024,2024-01-01,2024-12-31,Adult annual,540,75,465,204.6,Yes
MP001669,M00819,2025,2025-01-01,2025-12-31,Adult annual,540,0,540,237.6,Censored
MP001670,M00820,2024,2024-08-27,2024-12-31,Adult annual,540,0,540,237.6,No
MP001671,M00821,2023,2023-01-19,2023-12-31,Monthly flexible,480,0,480,196.8,Yes
MP001672,M00821,2024,2024-01-01,2024-12-31,Monthly flexible,480,50,430,176.3,No
MP001673,M00822,2025,2025-10-14,2025-12-31,Youth annual,300,0,300,93,Censored
MP001674,M00823,2025,2025-07-16,2025-12-31,Adult annual,540,0,540,237.6,Censored
MP001675,M00824,2022,2022-06-09,2022-12-31,Adult annual,540,0,540,237.6,Yes
MP001676,M00824,2023,2023-01-01,2023-12-31,Adult annual,540,0,540,237.6,Yes
MP001677,M00824,2024,2024-01-01,2024-12-31,Adult annual,540,0,540,237.6,Yes
MP001678,M00824,2025,2025-01-01,2025-12-31,Adult annual,540,0,540,237.6,Censored
MP001679,M00825,2024,2024-11-21,2024-12-31,Adult annual,540,0,540,237.6,Yes
MP001680,M00825,2025,2025-01-01,2025-12-31,Adult annual,540,0,540,237.6,Censored
MP001681,M00826,2023,2023-01-05,2023-12-31,Monthly flexible,480,0,480,196.8,No
MP001682,M00827,2025,2025-01-17,2025-12-31,Senior annual,390,0,390,140.4,Censored
MP001683,M00828,2023,2023-03-28,2023-12-31,Adult annual,540,0,540,237.6,Yes
MP001684,M00828,2024,2024-01-01,2024-12-31,Adult annual,540,25,515,226.6,Yes
MP001685,M00828,2025,2025-01-01,2025-12-31,Adult annual,540,0,540,237.6,Censored
MP001686,M00829,2025,2025-08-12,2025-12-31,Adult annual,540,0,540,237.6,Censored
MP001687,M00830,2024,2024-04-26,2024-12-31,Family annual,840,0,840,327.6,No
MP001688,M00831,2024,2024-08-03,2024-12-31,Adult annual,540,0,540,237.6,No
MP001689,M00832,2022,2022-09-23,2022-12-31,Monthly flexible,480,0,480,196.8,Yes
MP001690,M00832,2023,2023-01-01,2023-12-31,Monthly flexible,480,0,480,196.8,Yes
MP001691,M00832,2024,2024-01-01,2024-12-31,Monthly flexible,480,0,480,196.8,No
MP001692,M00833,2024,2024-09-26,2024-12-31,Youth annual,300,0,300,93,No
MP001693,M00834,2024,2024-03-25,2024-12-31,Monthly flexible,480,0,480,196.8,Yes
MP001694,M00834,2025,2025-01-01,2025-12-31,Monthly flexible,480,0,480,196.8,Censored
MP001695,M00835,2023,2023-03-09,2023-12-31,Family annual,840,75,765,298.35,Yes
MP001696,M00835,2024,2024-01-01,2024-12-31,Family annual,840,25,815,317.85,Yes
MP001697,M00835,2025,2025-01-01,2025-12-31,Family annual,840,25,815,317.85,Censored
MP001698,M00836,2024,2024-04-15,2024-12-31,Family annual,840,0,840,327.6,Yes
MP001699,M00836,2025,2025-01-01,2025-12-31,Family annual,840,0,840,327.6,Censored
MP001700,M00837,2025,2025-06-29,2025-12-31,Adult annual,540,50,490,215.6,Censored
MP001701,M00838,2024,2024-08-31,2024-12-31,Adult annual,540,0,540,237.6,Yes
MP001702,M00838,2025,2025-01-01,2025-12-31,Adult annual,540,0,540,237.6,Censored
MP001703,M00839,2023,2023-09-29,2023-12-31,Adult annual,540,25,515,226.6,No
MP001704,M00840,2023,2023-08-20,2023-12-31,Monthly flexible,480,0,480,196.8,Yes
MP001705,M00840,2024,2024-01-01,2024-12-31,Monthly flexible,480,75,405,166.05,No
MP001706,M00841,2022,2022-07-14,2022-12-31,Family annual,840,0,840,327.6,Yes
MP001707,M00841,2023,2023-01-01,2023-12-31,Family annual,840,0,840,327.6,Yes
MP001708,M00841,2024,2024-01-01,2024-12-31,Family annual,840,0,840,327.6,Yes
MP001709,M00841,2025,2025-01-01,2025-12-31,Family annual,840,25,815,317.85,Censored
MP001710,M00842,2024,2024-11-19,2024-12-31,Senior annual,390,25,365,131.4,Yes
MP001711,M00842,2025,2025-01-01,2025-12-31,Senior annual,390,75,315,113.4,Censored
MP001712,M00843,2024,2024-07-25,2024-12-31,Adult annual,540,0,540,237.6,Yes
MP001713,M00843,2025,2025-01-01,2025-12-31,Adult annual,540,0,540,237.6,Censored
MP001714,M00844,2022,2022-02-23,2022-12-31,Senior annual,390,50,340,122.4,Yes
MP001715,M00844,2023,2023-01-01,2023-12-31,Senior annual,390,50,340,122.4,No
MP001716,M00845,2024,2024-02-29,2024-12-31,Monthly flexible,480,0,480,196.8,Yes
MP001717,M00845,2025,2025-01-01,2025-12-31,Monthly flexible,480,0,480,196.8,Censored
MP001718,M00846,2022,2022-07-27,2022-12-31,Family annual,840,25,815,317.85,No
MP001719,M00847,2025,2025-04-03,2025-12-31,Monthly flexible,480,25,455,186.55,Censored
MP001720,M00848,2022,2022-04-17,2022-12-31,Adult annual,540,25,515,226.6,Yes
MP001721,M00848,2023,2023-01-01,2023-12-31,Adult annual,540,0,540,237.6,Yes
MP001722,M00848,2024,2024-01-01,2024-12-31,Adult annual,540,0,540,237.6,Yes
MP001723,M00848,2025,2025-01-01,2025-12-31,Adult annual,540,50,490,215.6,Censored
MP001724,M00849,2022,2022-08-16,2022-12-31,Family annual,840,0,840,327.6,Yes
MP001725,M00849,2023,2023-01-01,2023-12-31,Family annual,840,25,815,317.85,Yes
MP001726,M00849,2024,2024-01-01,2024-12-31,Family annual,840,50,790,308.1,Yes
MP001727,M00849,2025,2025-01-01,2025-12-31,Family annual,840,50,790,308.1,Censored
MP001728,M00850,2022,2022-03-27,2022-12-31,Senior annual,390,0,390,140.4,Yes
MP001729,M00850,2023,2023-01-01,2023-12-31,Senior annual,390,0,390,140.4,No
MP001730,M00851,2025,2025-08-04,2025-12-31,Family annual,840,0,840,327.6,Censored
MP001731,M00852,2025,2025-08-25,2025-12-31,Family annual,840,0,840,327.6,Censored
MP001732,M00853,2022,2022-05-20,2022-12-31,Monthly flexible,480,0,480,196.8,Yes
MP001733,M00853,2023,2023-01-01,2023-12-31,Monthly flexible,480,0,480,196.8,Yes
MP001734,M00853,2024,2024-01-01,2024-12-31,Monthly flexible,480,75,405,166.05,Yes
MP001735,M00853,2025,2025-01-01,2025-12-31,Monthly flexible,480,0,480,196.8,Censored
MP001736,M00854,2022,2022-02-26,2022-12-31,Adult annual,540,0,540,237.6,Yes
MP001737,M00854,2023,2023-01-01,2023-12-31,Adult annual,540,0,540,237.6,Yes
MP001738,M00854,2024,2024-01-01,2024-12-31,Adult annual,540,0,540,237.6,Yes
MP001739,M00854,2025,2025-01-01,2025-12-31,Adult annual,540,0,540,237.6,Censored
MP001740,M00855,2025,2025-09-06,2025-12-31,Adult annual,540,0,540,237.6,Censored
MP001741,M00856,2022,2022-03-07,2022-12-31,Adult annual,540,0,540,237.6,Yes
MP001742,M00856,2023,2023-01-01,2023-12-31,Adult annual,540,0,540,237.6,Yes
MP001743,M00856,2024,2024-01-01,2024-12-31,Adult annual,540,25,515,226.6,Yes
MP001744,M00856,2025,2025-01-01,2025-12-31,Adult annual,540,0,540,237.6,Censored
MP001745,M00857,2025,2025-07-19,2025-12-31,Adult annual,540,0,540,237.6,Censored
MP001746,M00858,2024,2024-07-09,2024-12-31,Family annual,840,0,840,327.6,Yes
MP001747,M00858,2025,2025-01-01,2025-12-31,Family annual,840,0,840,327.6,Censored
MP001748,M00859,2023,2023-09-17,2023-12-31,Adult annual,540,75,465,204.6,Yes
MP001749,M00859,2024,2024-01-01,2024-12-31,Adult annual,540,50,490,215.6,Yes
MP001750,M00859,2025,2025-01-01,2025-12-31,Adult annual,540,50,490,215.6,Censored
MP001751,M00860,2024,2024-10-10,2024-12-31,Senior annual,390,0,390,140.4,Yes
MP001752,M00860,2025,2025-01-01,2025-12-31,Senior annual,390,0,390,140.4,Censored
MP001753,M00861,2024,2024-02-09,2024-12-31,Adult annual,540,0,540,237.6,No
MP001754,M00862,2025,2025-02-02,2025-12-31,Family annual,840,0,840,327.6,Censored
MP001755,M00863,2024,2024-04-17,2024-12-31,Family annual,840,75,765,298.35,Yes
MP001756,M00863,2025,2025-01-01,2025-12-31,Family annual,840,0,840,327.6,Censored
MP001757,M00864,2022,2022-11-20,2022-12-31,Family annual,840,0,840,327.6,Yes
MP001758,M00864,2023,2023-01-01,2023-12-31,Family annual,840,0,840,327.6,Yes
MP001759,M00864,2024,2024-01-01,2024-12-31,Family annual,840,0,840,327.6,No
MP001760,M00865,2024,2024-03-03,2024-12-31,Monthly flexible,480,0,480,196.8,No
MP001761,M00866,2024,2024-10-19,2024-12-31,Monthly flexible,480,50,430,176.3,Yes
MP001762,M00866,2025,2025-01-01,2025-12-31,Monthly flexible,480,0,480,196.8,Censored
MP001763,M00867,2024,2024-02-06,2024-12-31,Youth annual,300,0,300,93,No
MP001764,M00868,2024,2024-05-08,2024-12-31,Monthly flexible,480,0,480,196.8,Yes
MP001765,M00868,2025,2025-01-01,2025-12-31,Monthly flexible,480,25,455,186.55,Censored
MP001766,M00869,2023,2023-04-09,2023-12-31,Adult annual,540,0,540,237.6,Yes
MP001767,M00869,2024,2024-01-01,2024-12-31,Adult annual,540,25,515,226.6,Yes
MP001768,M00869,2025,2025-01-01,2025-12-31,Adult annual,540,0,540,237.6,Censored
MP001769,M00870,2023,2023-08-06,2023-12-31,Youth annual,300,0,300,93,Yes
MP001770,M00870,2024,2024-01-01,2024-12-31,Youth annual,300,0,300,93,No
MP001771,M00871,2023,2023-09-21,2023-12-31,Adult annual,540,0,540,237.6,Yes
MP001772,M00871,2024,2024-01-01,2024-12-31,Adult annual,540,75,465,204.6,Yes
MP001773,M00871,2025,2025-01-01,2025-12-31,Adult annual,540,0,540,237.6,Censored
MP001774,M00872,2023,2023-07-18,2023-12-31,Monthly flexible,480,0,480,196.8,No
MP001775,M00873,2023,2023-07-20,2023-12-31,Youth annual,300,0,300,93,Yes
MP001776,M00873,2024,2024-01-01,2024-12-31,Youth annual,300,75,225,69.75,No
MP001777,M00874,2024,2024-02-05,2024-12-31,Monthly flexible,480,0,480,196.8,No
MP001778,M00875,2025,2025-08-03,2025-12-31,Adult annual,540,0,540,237.6,Censored
MP001779,M00876,2023,2023-08-06,2023-12-31,Monthly flexible,480,0,480,196.8,Yes
MP001780,M00876,2024,2024-01-01,2024-12-31,Monthly flexible,480,0,480,196.8,No
MP001781,M00877,2024,2024-01-22,2024-12-31,Senior annual,390,0,390,140.4,Yes
MP001782,M00877,2025,2025-01-01,2025-12-31,Senior annual,390,0,390,140.4,Censored
MP001783,M00878,2024,2024-05-16,2024-12-31,Family annual,840,0,840,327.6,No
MP001784,M00879,2023,2023-07-14,2023-12-31,Monthly flexible,480,50,430,176.3,No
MP001785,M00880,2024,2024-10-13,2024-12-31,Adult annual,540,0,540,237.6,Yes
MP001786,M00880,2025,2025-01-01,2025-12-31,Adult annual,540,0,540,237.6,Censored
MP001787,M00881,2024,2024-01-26,2024-12-31,Adult annual,540,25,515,226.6,Yes
MP001788,M00881,2025,2025-01-01,2025-12-31,Adult annual,540,0,540,237.6,Censored
MP001789,M00882,2022,2022-11-07,2022-12-31,Monthly flexible,480,50,430,176.3,No
MP001790,M00883,2024,2024-03-28,2024-12-31,Senior annual,390,0,390,140.4,No
MP001791,M00884,2024,2024-03-03,2024-12-31,Family annual,840,0,840,327.6,Yes
MP001792,M00884,2025,2025-01-01,2025-12-31,Family annual,840,0,840,327.6,Censored
MP001793,M00885,2023,2023-05-13,2023-12-31,Adult annual,540,0,540,237.6,Yes
MP001794,M00885,2024,2024-01-01,2024-12-31,Adult annual,540,25,515,226.6,Yes
MP001795,M00885,2025,2025-01-01,2025-12-31,Adult annual,540,0,540,237.6,Censored
MP001796,M00886,2024,2024-07-07,2024-12-31,Youth annual,300,0,300,93,Yes
MP001797,M00886,2025,2025-01-01,2025-12-31,Youth annual,300,0,300,93,Censored
MP001798,M00887,2023,2023-09-19,2023-12-31,Adult annual,540,75,465,204.6,No
MP001799,M00888,2025,2025-10-31,2025-12-31,Youth annual,300,0,300,93,Censored
MP001800,M00889,2022,2022-02-09,2022-12-31,Youth annual,300,0,300,93,Yes
MP001801,M00889,2023,2023-01-01,2023-12-31,Youth annual,300,0,300,93,Yes
MP001802,M00889,2024,2024-01-01,2024-12-31,Youth annual,300,25,275,85.25,No
MP001803,M00890,2022,2022-06-22,2022-12-31,Family annual,840,50,790,308.1,Yes
MP001804,M00890,2023,2023-01-01,2023-12-31,Family annual,840,25,815,317.85,Yes
MP001805,M00890,2024,2024-01-01,2024-12-31,Family annual,840,0,840,327.6,Yes
MP001806,M00890,2025,2025-01-01,2025-12-31,Family annual,840,0,840,327.6,Censored
MP001807,M00891,2024,2024-02-09,2024-12-31,Senior annual,390,0,390,140.4,Yes
MP001808,M00891,2025,2025-01-01,2025-12-31,Senior annual,390,0,390,140.4,Censored
MP001809,M00892,2024,2024-02-04,2024-12-31,Family annual,840,0,840,327.6,Yes
MP001810,M00892,2025,2025-01-01,2025-12-31,Family annual,840,0,840,327.6,Censored
MP001811,M00893,2025,2025-07-11,2025-12-31,Adult annual,540,0,540,237.6,Censored
MP001812,M00894,2023,2023-02-16,2023-12-31,Family annual,840,0,840,327.6,Yes
MP001813,M00894,2024,2024-01-01,2024-12-31,Family annual,840,0,840,327.6,Yes
MP001814,M00894,2025,2025-01-01,2025-12-31,Family annual,840,50,790,308.1,Censored
MP001815,M00895,2025,2025-09-27,2025-12-31,Family annual,840,0,840,327.6,Censored
MP001816,M00896,2025,2025-07-17,2025-12-31,Family annual,840,50,790,308.1,Censored
MP001817,M00897,2024,2024-08-31,2024-12-31,Senior annual,390,50,340,122.4,No
MP001818,M00898,2023,2023-09-04,2023-12-31,Adult annual,540,0,540,237.6,No
MP001819,M00899,2023,2023-07-20,2023-12-31,Adult annual,540,0,540,237.6,No
MP001820,M00900,2022,2022-09-19,2022-12-31,Senior annual,390,25,365,131.4,No
MP001821,M00901,2023,2023-06-28,2023-12-31,Monthly flexible,480,75,405,166.05,No
MP001822,M00902,2025,2025-03-07,2025-12-31,Family annual,840,50,790,308.1,Censored
MP001823,M00903,2024,2024-08-29,2024-12-31,Family annual,840,0,840,327.6,Yes
MP001824,M00903,2025,2025-01-01,2025-12-31,Family annual,840,75,765,298.35,Censored
MP001825,M00904,2024,2024-05-03,2024-12-31,Monthly flexible,480,0,480,196.8,Yes
MP001826,M00904,2025,2025-01-01,2025-12-31,Monthly flexible,480,0,480,196.8,Censored
MP001827,M00905,2024,2024-01-08,2024-12-31,Youth annual,300,0,300,93,No
MP001828,M00906,2023,2023-04-07,2023-12-31,Family annual,840,0,840,327.6,No
MP001829,M00907,2022,2022-07-31,2022-12-31,Adult annual,540,0,540,237.6,Yes
MP001830,M00907,2023,2023-01-01,2023-12-31,Adult annual,540,0,540,237.6,No
MP001831,M00908,2024,2024-02-04,2024-12-31,Adult annual,540,0,540,237.6,No
MP001832,M00909,2023,2023-05-03,2023-12-31,Monthly flexible,480,0,480,196.8,Yes
MP001833,M00909,2024,2024-01-01,2024-12-31,Monthly flexible,480,0,480,196.8,Yes
MP001834,M00909,2025,2025-01-01,2025-12-31,Monthly flexible,480,50,430,176.3,Censored
MP001835,M00910,2023,2023-11-10,2023-12-31,Monthly flexible,480,0,480,196.8,Yes
MP001836,M00910,2024,2024-01-01,2024-12-31,Monthly flexible,480,0,480,196.8,Yes
MP001837,M00910,2025,2025-01-01,2025-12-31,Monthly flexible,480,0,480,196.8,Censored
MP001838,M00911,2024,2024-03-02,2024-12-31,Adult annual,540,50,490,215.6,Yes
MP001839,M00911,2025,2025-01-01,2025-12-31,Adult annual,540,25,515,226.6,Censored
MP001840,M00912,2022,2022-03-05,2022-12-31,Adult annual,540,0,540,237.6,Yes
MP001841,M00912,2023,2023-01-01,2023-12-31,Adult annual,540,0,540,237.6,Yes
MP001842,M00912,2024,2024-01-01,2024-12-31,Adult annual,540,0,540,237.6,Yes
MP001843,M00912,2025,2025-01-01,2025-12-31,Adult annual,540,0,540,237.6,Censored
MP001844,M00913,2024,2024-05-10,2024-12-31,Senior annual,390,0,390,140.4,No
MP001845,M00914,2024,2024-06-10,2024-12-31,Adult annual,540,25,515,226.6,No
MP001846,M00915,2023,2023-01-14,2023-12-31,Adult annual,540,75,465,204.6,No
MP001847,M00916,2024,2024-10-13,2024-12-31,Monthly flexible,480,75,405,166.05,Yes
MP001848,M00916,2025,2025-01-01,2025-12-31,Monthly flexible,480,50,430,176.3,Censored
MP001849,M00917,2024,2024-07-28,2024-12-31,Monthly flexible,480,0,480,196.8,Yes
MP001850,M00917,2025,2025-01-01,2025-12-31,Monthly flexible,480,0,480,196.8,Censored
MP001851,M00918,2025,2025-05-21,2025-12-31,Senior annual,390,0,390,140.4,Censored
MP001852,M00919,2025,2025-08-08,2025-12-31,Monthly flexible,480,0,480,196.8,Censored
MP001853,M00920,2023,2023-08-18,2023-12-31,Senior annual,390,0,390,140.4,No
MP001854,M00921,2022,2022-07-12,2022-12-31,Monthly flexible,480,0,480,196.8,No
MP001855,M00922,2022,2022-05-10,2022-12-31,Adult annual,540,0,540,237.6,Yes
MP001856,M00922,2023,2023-01-01,2023-12-31,Adult annual,540,75,465,204.6,No
MP001857,M00923,2024,2024-11-19,2024-12-31,Family annual,840,0,840,327.6,Yes
MP001858,M00923,2025,2025-01-01,2025-12-31,Family annual,840,0,840,327.6,Censored
MP001859,M00924,2024,2024-07-30,2024-12-31,Adult annual,540,0,540,237.6,No
MP001860,M00925,2023,2023-06-27,2023-12-31,Senior annual,390,0,390,140.4,Yes
MP001861,M00925,2024,2024-01-01,2024-12-31,Senior annual,390,0,390,140.4,Yes
MP001862,M00925,2025,2025-01-01,2025-12-31,Senior annual,390,25,365,131.4,Censored
MP001863,M00926,2022,2022-05-09,2022-12-31,Youth annual,300,50,250,77.5,Yes
MP001864,M00926,2023,2023-01-01,2023-12-31,Youth annual,300,0,300,93,Yes
MP001865,M00926,2024,2024-01-01,2024-12-31,Youth annual,300,75,225,69.75,Yes
MP001866,M00926,2025,2025-01-01,2025-12-31,Youth annual,300,50,250,77.5,Censored
MP001867,M00927,2023,2023-10-15,2023-12-31,Monthly flexible,480,0,480,196.8,Yes
MP001868,M00927,2024,2024-01-01,2024-12-31,Monthly flexible,480,0,480,196.8,No
MP001869,M00928,2023,2023-09-04,2023-12-31,Monthly flexible,480,0,480,196.8,No
MP001870,M00929,2022,2022-01-19,2022-12-31,Family annual,840,0,840,327.6,Yes
MP001871,M00929,2023,2023-01-01,2023-12-31,Family annual,840,0,840,327.6,Yes
MP001872,M00929,2024,2024-01-01,2024-12-31,Family annual,840,0,840,327.6,Yes
MP001873,M00929,2025,2025-01-01,2025-12-31,Family annual,840,75,765,298.35,Censored
MP001874,M00930,2025,2025-02-28,2025-12-31,Adult annual,540,0,540,237.6,Censored
MP001875,M00931,2022,2022-09-26,2022-12-31,Youth annual,300,0,300,93,Yes
MP001876,M00931,2023,2023-01-01,2023-12-31,Youth annual,300,0,300,93,No
MP001877,M00932,2024,2024-05-06,2024-12-31,Senior annual,390,0,390,140.4,Yes
MP001878,M00932,2025,2025-01-01,2025-12-31,Senior annual,390,0,390,140.4,Censored
MP001879,M00933,2024,2024-09-26,2024-12-31,Monthly flexible,480,0,480,196.8,Yes
MP001880,M00933,2025,2025-01-01,2025-12-31,Monthly flexible,480,0,480,196.8,Censored
MP001881,M00934,2023,2023-08-18,2023-12-31,Adult annual,540,50,490,215.6,Yes
MP001882,M00934,2024,2024-01-01,2024-12-31,Adult annual,540,75,465,204.6,No
MP001883,M00935,2024,2024-01-23,2024-12-31,Senior annual,390,0,390,140.4,Yes
MP001884,M00935,2025,2025-01-01,2025-12-31,Senior annual,390,0,390,140.4,Censored
MP001885,M00936,2022,2022-02-23,2022-12-31,Family annual,840,25,815,317.85,Yes
MP001886,M00936,2023,2023-01-01,2023-12-31,Family annual,840,50,790,308.1,Yes
MP001887,M00936,2024,2024-01-01,2024-12-31,Family annual,840,50,790,308.1,Yes
MP001888,M00936,2025,2025-01-01,2025-12-31,Family annual,840,0,840,327.6,Censored
MP001889,M00937,2023,2023-02-06,2023-12-31,Family annual,840,0,840,327.6,Yes
MP001890,M00937,2024,2024-01-01,2024-12-31,Family annual,840,75,765,298.35,Yes
MP001891,M00937,2025,2025-01-01,2025-12-31,Family annual,840,0,840,327.6,Censored
MP001892,M00938,2023,2023-04-24,2023-12-31,Senior annual,390,0,390,140.4,Yes
MP001893,M00938,2024,2024-01-01,2024-12-31,Senior annual,390,25,365,131.4,Yes
MP001894,M00938,2025,2025-01-01,2025-12-31,Senior annual,390,25,365,131.4,Censored
MP001895,M00939,2024,2024-03-09,2024-12-31,Monthly flexible,480,0,480,196.8,Yes
MP001896,M00939,2025,2025-01-01,2025-12-31,Monthly flexible,480,0,480,196.8,Censored
MP001897,M00940,2022,2022-02-22,2022-12-31,Adult annual,540,25,515,226.6,Yes
MP001898,M00940,2023,2023-01-01,2023-12-31,Adult annual,540,0,540,237.6,Yes
MP001899,M00940,2024,2024-01-01,2024-12-31,Adult annual,540,75,465,204.6,Yes
MP001900,M00940,2025,2025-01-01,2025-12-31,Adult annual,540,0,540,237.6,Censored
MP001901,M00941,2022,2022-09-29,2022-12-31,Family annual,840,0,840,327.6,Yes
MP001902,M00941,2023,2023-01-01,2023-12-31,Family annual,840,0,840,327.6,Yes
MP001903,M00941,2024,2024-01-01,2024-12-31,Family annual,840,0,840,327.6,Yes
MP001904,M00941,2025,2025-01-01,2025-12-31,Family annual,840,0,840,327.6,Censored
MP001905,M00942,2022,2022-08-08,2022-12-31,Monthly flexible,480,0,480,196.8,No
MP001906,M00943,2025,2025-07-30,2025-12-31,Senior annual,390,0,390,140.4,Censored
MP001907,M00944,2024,2024-08-13,2024-12-31,Senior annual,390,0,390,140.4,Yes
MP001908,M00944,2025,2025-01-01,2025-12-31,Senior annual,390,0,390,140.4,Censored
MP001909,M00945,2023,2023-01-11,2023-12-31,Adult annual,540,0,540,237.6,Yes
MP001910,M00945,2024,2024-01-01,2024-12-31,Adult annual,540,0,540,237.6,Yes
MP001911,M00945,2025,2025-01-01,2025-12-31,Adult annual,540,0,540,237.6,Censored
MP001912,M00946,2022,2022-02-21,2022-12-31,Youth annual,300,0,300,93,No
MP001913,M00947,2025,2025-11-11,2025-12-31,Youth annual,300,0,300,93,Censored
MP001914,M00948,2024,2024-05-08,2024-12-31,Family annual,840,0,840,327.6,Yes
MP001915,M00948,2025,2025-01-01,2025-12-31,Family annual,840,0,840,327.6,Censored
MP001916,M00949,2025,2025-11-08,2025-12-31,Monthly flexible,480,0,480,196.8,Censored
MP001917,M00950,2022,2022-09-12,2022-12-31,Adult annual,540,0,540,237.6,No
MP001918,M00951,2024,2024-08-18,2024-12-31,Senior annual,390,0,390,140.4,Yes
MP001919,M00951,2025,2025-01-01,2025-12-31,Senior annual,390,50,340,122.4,Censored
MP001920,M00952,2023,2023-05-23,2023-12-31,Adult annual,540,0,540,237.6,Yes
MP001921,M00952,2024,2024-01-01,2024-12-31,Adult annual,540,0,540,237.6,No
MP001922,M00953,2023,2023-11-07,2023-12-31,Adult annual,540,75,465,204.6,No
MP001923,M00954,2023,2023-03-27,2023-12-31,Family annual,840,0,840,327.6,Yes
MP001924,M00954,2024,2024-01-01,2024-12-31,Family annual,840,0,840,327.6,No
MP001925,M00955,2024,2024-09-11,2024-12-31,Adult annual,540,0,540,237.6,Yes
MP001926,M00955,2025,2025-01-01,2025-12-31,Adult annual,540,0,540,237.6,Censored
MP001927,M00956,2024,2024-01-28,2024-12-31,Senior annual,390,0,390,140.4,Yes
MP001928,M00956,2025,2025-01-01,2025-12-31,Senior annual,390,50,340,122.4,Censored
MP001929,M00957,2025,2025-09-17,2025-12-31,Adult annual,540,25,515,226.6,Censored
MP001930,M00958,2024,2024-08-18,2024-12-31,Family annual,840,75,765,298.35,Yes
MP001931,M00958,2025,2025-01-01,2025-12-31,Family annual,840,50,790,308.1,Censored
MP001932,M00959,2023,2023-08-01,2023-12-31,Monthly flexible,480,0,480,196.8,No
MP001933,M00960,2023,2023-02-13,2023-12-31,Monthly flexible,480,75,405,166.05,Yes
MP001934,M00960,2024,2024-01-01,2024-12-31,Monthly flexible,480,0,480,196.8,Yes
MP001935,M00960,2025,2025-01-01,2025-12-31,Monthly flexible,480,0,480,196.8,Censored
MP001936,M00961,2023,2023-09-09,2023-12-31,Youth annual,300,0,300,93,Yes
MP001937,M00961,2024,2024-01-01,2024-12-31,Youth annual,300,25,275,85.25,Yes
MP001938,M00961,2025,2025-01-01,2025-12-31,Youth annual,300,50,250,77.5,Censored
MP001939,M00962,2025,2025-06-14,2025-12-31,Adult annual,540,50,490,215.6,Censored
MP001940,M00963,2023,2023-03-26,2023-12-31,Adult annual,540,0,540,237.6,Yes
MP001941,M00963,2024,2024-01-01,2024-12-31,Adult annual,540,0,540,237.6,No
MP001942,M00964,2022,2022-03-22,2022-12-31,Family annual,840,50,790,308.1,Yes
MP001943,M00964,2023,2023-01-01,2023-12-31,Family annual,840,0,840,327.6,Yes
MP001944,M00964,2024,2024-01-01,2024-12-31,Family annual,840,0,840,327.6,Yes
MP001945,M00964,2025,2025-01-01,2025-12-31,Family annual,840,75,765,298.35,Censored
MP001946,M00965,2022,2022-02-09,2022-12-31,Adult annual,540,0,540,237.6,Yes
MP001947,M00965,2023,2023-01-01,2023-12-31,Adult annual,540,0,540,237.6,No
MP001948,M00966,2023,2023-11-02,2023-12-31,Family annual,840,0,840,327.6,Yes
MP001949,M00966,2024,2024-01-01,2024-12-31,Family annual,840,25,815,317.85,Yes
MP001950,M00966,2025,2025-01-01,2025-12-31,Family annual,840,0,840,327.6,Censored
MP001951,M00967,2023,2023-05-07,2023-12-31,Monthly flexible,480,0,480,196.8,No
MP001952,M00968,2025,2025-11-01,2025-12-31,Monthly flexible,480,0,480,196.8,Censored
MP001953,M00969,2023,2023-01-31,2023-12-31,Adult annual,540,50,490,215.6,Yes
MP001954,M00969,2024,2024-01-01,2024-12-31,Adult annual,540,0,540,237.6,Yes
MP001955,M00969,2025,2025-01-01,2025-12-31,Adult annual,540,0,540,237.6,Censored
MP001956,M00970,2022,2022-07-30,2022-12-31,Family annual,840,25,815,317.85,Yes
MP001957,M00970,2023,2023-01-01,2023-12-31,Family annual,840,0,840,327.6,Yes
MP001958,M00970,2024,2024-01-01,2024-12-31,Family annual,840,0,840,327.6,Yes
MP001959,M00970,2025,2025-01-01,2025-12-31,Family annual,840,0,840,327.6,Censored
MP001960,M00971,2023,2023-07-30,2023-12-31,Senior annual,390,0,390,140.4,No
MP001961,M00972,2024,2024-10-01,2024-12-31,Adult annual,540,0,540,237.6,No
MP001962,M00973,2022,2022-03-31,2022-12-31,Adult annual,540,0,540,237.6,No
MP001963,M00974,2024,2024-04-15,2024-12-31,Adult annual,540,0,540,237.6,Yes
MP001964,M00974,2025,2025-01-01,2025-12-31,Adult annual,540,0,540,237.6,Censored
MP001965,M00975,2025,2025-07-07,2025-12-31,Adult annual,540,0,540,237.6,Censored
MP001966,M00976,2024,2024-02-26,2024-12-31,Youth annual,300,0,300,93,Yes
MP001967,M00976,2025,2025-01-01,2025-12-31,Youth annual,300,50,250,77.5,Censored
MP001968,M00977,2022,2022-03-01,2022-12-31,Adult annual,540,0,540,237.6,Yes
MP001969,M00977,2023,2023-01-01,2023-12-31,Adult annual,540,0,540,237.6,Yes
MP001970,M00977,2024,2024-01-01,2024-12-31,Adult annual,540,25,515,226.6,No
MP001971,M00978,2024,2024-05-03,2024-12-31,Adult annual,540,0,540,237.6,Yes
MP001972,M00978,2025,2025-01-01,2025-12-31,Adult annual,540,0,540,237.6,Censored
MP001973,M00979,2023,2023-09-04,2023-12-31,Family annual,840,50,790,308.1,No
MP001974,M00980,2022,2022-04-14,2022-12-31,Monthly flexible,480,75,405,166.05,No
MP001975,M00981,2023,2023-08-30,2023-12-31,Family annual,840,25,815,317.85,No
MP001976,M00982,2022,2022-11-01,2022-12-31,Adult annual,540,75,465,204.6,No
MP001977,M00983,2024,2024-10-20,2024-12-31,Adult annual,540,75,465,204.6,No
MP001978,M00984,2024,2024-07-31,2024-12-31,Adult annual,540,75,465,204.6,Yes
MP001979,M00984,2025,2025-01-01,2025-12-31,Adult annual,540,0,540,237.6,Censored
MP001980,M00985,2022,2022-01-10,2022-12-31,Monthly flexible,480,50,430,176.3,Yes
MP001981,M00985,2023,2023-01-01,2023-12-31,Monthly flexible,480,0,480,196.8,Yes
MP001982,M00985,2024,2024-01-01,2024-12-31,Monthly flexible,480,0,480,196.8,Yes
MP001983,M00985,2025,2025-01-01,2025-12-31,Monthly flexible,480,50,430,176.3,Censored
MP001984,M00986,2022,2022-05-23,2022-12-31,Youth annual,300,50,250,77.5,Yes
MP001985,M00986,2023,2023-01-01,2023-12-31,Youth annual,300,0,300,93,Yes
MP001986,M00986,2024,2024-01-01,2024-12-31,Youth annual,300,0,300,93,No
MP001987,M00987,2023,2023-03-07,2023-12-31,Adult annual,540,25,515,226.6,Yes
MP001988,M00987,2024,2024-01-01,2024-12-31,Adult annual,540,0,540,237.6,No
MP001989,M00988,2025,2025-04-28,2025-12-31,Senior annual,390,50,340,122.4,Censored
MP001990,M00989,2022,2022-07-27,2022-12-31,Adult annual,540,0,540,237.6,Yes
MP001991,M00989,2023,2023-01-01,2023-12-31,Adult annual,540,50,490,215.6,Yes
MP001992,M00989,2024,2024-01-01,2024-12-31,Adult annual,540,0,540,237.6,Yes
MP001993,M00989,2025,2025-01-01,2025-12-31,Adult annual,540,0,540,237.6,Censored
MP001994,M00990,2024,2024-10-23,2024-12-31,Adult annual,540,25,515,226.6,Yes
MP001995,M00990,2025,2025-01-01,2025-12-31,Adult annual,540,25,515,226.6,Censored
MP001996,M00991,2022,2022-11-01,2022-12-31,Monthly flexible,480,0,480,196.8,Yes
MP001997,M00991,2023,2023-01-01,2023-12-31,Monthly flexible,480,0,480,196.8,Yes
MP001998,M00991,2024,2024-01-01,2024-12-31,Monthly flexible,480,0,480,196.8,Yes
MP001999,M00991,2025,2025-01-01,2025-12-31,Monthly flexible,480,0,480,196.8,Censored
MP002000,M00992,2022,2022-08-01,2022-12-31,Monthly flexible,480,0,480,196.8,Yes
MP002001,M00992,2023,2023-01-01,2023-12-31,Monthly flexible,480,25,455,186.55,Yes
MP002002,M00992,2024,2024-01-01,2024-12-31,Monthly flexible,480,0,480,196.8,Yes
MP002003,M00992,2025,2025-01-01,2025-12-31,Monthly flexible,480,0,480,196.8,Censored
MP002004,M00993,2023,2023-07-08,2023-12-31,Monthly flexible,480,0,480,196.8,Yes
MP002005,M00993,2024,2024-01-01,2024-12-31,Monthly flexible,480,0,480,196.8,No
MP002006,M00994,2024,2024-04-23,2024-12-31,Youth annual,300,0,300,93,Yes
MP002007,M00994,2025,2025-01-01,2025-12-31,Youth annual,300,25,275,85.25,Censored
MP002008,M00995,2024,2024-05-09,2024-12-31,Senior annual,390,25,365,131.4,Yes
MP002009,M00995,2025,2025-01-01,2025-12-31,Senior annual,390,0,390,140.4,Censored
MP002010,M00996,2024,2024-03-21,2024-12-31,Family annual,840,75,765,298.35,Yes
MP002011,M00996,2025,2025-01-01,2025-12-31,Family annual,840,25,815,317.85,Censored
MP002012,M00997,2024,2024-08-22,2024-12-31,Monthly flexible,480,0,480,196.8,Yes
MP002013,M00997,2025,2025-01-01,2025-12-31,Monthly flexible,480,0,480,196.8,Censored
MP002014,M00998,2022,2022-07-07,2022-12-31,Monthly flexible,480,25,455,186.55,Yes
MP002015,M00998,2023,2023-01-01,2023-12-31,Monthly flexible,480,75,405,166.05,Yes
MP002016,M00998,2024,2024-01-01,2024-12-31,Monthly flexible,480,0,480,196.8,Yes
MP002017,M00998,2025,2025-01-01,2025-12-31,Monthly flexible,480,0,480,196.8,Censored
MP002018,M00999,2023,2023-06-25,2023-12-31,Adult annual,540,0,540,237.6,Yes
MP002019,M00999,2024,2024-01-01,2024-12-31,Adult annual,540,25,515,226.6,Yes
MP002020,M00999,2025,2025-01-01,2025-12-31,Adult annual,540,50,490,215.6,Censored
MP002021,M01000,2024,2024-01-25,2024-12-31,Adult annual,540,0,540,237.6,No
MP002022,M01001,2022,2022-07-18,2022-12-31,Youth annual,300,0,300,93,Yes
MP002023,M01001,2023,2023-01-01,2023-12-31,Youth annual,300,50,250,77.5,No
MP002024,M01002,2024,2024-03-18,2024-12-31,Adult annual,540,0,540,237.6,Yes
MP002025,M01002,2025,2025-01-01,2025-12-31,Adult annual,540,0,540,237.6,Censored
MP002026,M01003,2023,2023-11-16,2023-12-31,Senior annual,390,0,390,140.4,Yes
MP002027,M01003,2024,2024-01-01,2024-12-31,Senior annual,390,50,340,122.4,Yes
MP002028,M01003,2025,2025-01-01,2025-12-31,Senior annual,390,25,365,131.4,Censored
MP002029,M01004,2022,2022-01-15,2022-12-31,Monthly flexible,480,25,455,186.55,Yes
MP002030,M01004,2023,2023-01-01,2023-12-31,Monthly flexible,480,25,455,186.55,Yes
MP002031,M01004,2024,2024-01-01,2024-12-31,Monthly flexible,480,50,430,176.3,No
MP002032,M01005,2024,2024-07-10,2024-12-31,Monthly flexible,480,0,480,196.8,No
MP002033,M01006,2025,2025-08-15,2025-12-31,Adult annual,540,75,465,204.6,Censored
MP002034,M01007,2025,2025-05-02,2025-12-31,Youth annual,300,25,275,85.25,Censored
MP002035,M01008,2023,2023-01-21,2023-12-31,Family annual,840,0,840,327.6,Yes
MP002036,M01008,2024,2024-01-01,2024-12-31,Family annual,840,25,815,317.85,Yes
MP002037,M01008,2025,2025-01-01,2025-12-31,Family annual,840,0,840,327.6,Censored
MP002038,M01009,2023,2023-08-20,2023-12-31,Family annual,840,0,840,327.6,Yes
MP002039,M01009,2024,2024-01-01,2024-12-31,Family annual,840,25,815,317.85,Yes
MP002040,M01009,2025,2025-01-01,2025-12-31,Family annual,840,75,765,298.35,Censored
MP002041,M01010,2024,2024-07-15,2024-12-31,Senior annual,390,0,390,140.4,Yes
MP002042,M01010,2025,2025-01-01,2025-12-31,Senior annual,390,0,390,140.4,Censored
MP002043,M01011,2024,2024-10-24,2024-12-31,Adult annual,540,0,540,237.6,No
MP002044,M01012,2025,2025-06-26,2025-12-31,Senior annual,390,0,390,140.4,Censored
MP002045,M01013,2025,2025-10-12,2025-12-31,Monthly flexible,480,0,480,196.8,Censored
MP002046,M01014,2024,2024-01-15,2024-12-31,Senior annual,390,50,340,122.4,Yes
MP002047,M01014,2025,2025-01-01,2025-12-31,Senior annual,390,75,315,113.4,Censored
MP002048,M01015,2023,2023-06-08,2023-12-31,Family annual,840,0,840,327.6,Yes
MP002049,M01015,2024,2024-01-01,2024-12-31,Family annual,840,0,840,327.6,Yes
MP002050,M01015,2025,2025-01-01,2025-12-31,Family annual,840,75,765,298.35,Censored
MP002051,M01016,2022,2022-02-05,2022-12-31,Youth annual,300,0,300,93,Yes
MP002052,M01016,2023,2023-01-01,2023-12-31,Youth annual,300,0,300,93,No
MP002053,M01017,2024,2024-11-09,2024-12-31,Family annual,840,0,840,327.6,Yes
MP002054,M01017,2025,2025-01-01,2025-12-31,Family annual,840,0,840,327.6,Censored
MP002055,M01018,2025,2025-05-23,2025-12-31,Adult annual,540,0,540,237.6,Censored
MP002056,M01019,2022,2022-03-18,2022-12-31,Adult annual,540,0,540,237.6,Yes
MP002057,M01019,2023,2023-01-01,2023-12-31,Adult annual,540,0,540,237.6,Yes
MP002058,M01019,2024,2024-01-01,2024-12-31,Adult annual,540,0,540,237.6,Yes
MP002059,M01019,2025,2025-01-01,2025-12-31,Adult annual,540,0,540,237.6,Censored
MP002060,M01020,2025,2025-03-11,2025-12-31,Family annual,840,0,840,327.6,Censored
MP002061,M01021,2024,2024-09-12,2024-12-31,Adult annual,540,0,540,237.6,Yes
MP002062,M01021,2025,2025-01-01,2025-12-31,Adult annual,540,0,540,237.6,Censored
MP002063,M01022,2024,2024-08-22,2024-12-31,Adult annual,540,0,540,237.6,Yes
MP002064,M01022,2025,2025-01-01,2025-12-31,Adult annual,540,50,490,215.6,Censored
MP002065,M01023,2023,2023-09-25,2023-12-31,Monthly flexible,480,75,405,166.05,Yes
MP002066,M01023,2024,2024-01-01,2024-12-31,Monthly flexible,480,0,480,196.8,Yes
MP002067,M01023,2025,2025-01-01,2025-12-31,Monthly flexible,480,50,430,176.3,Censored
MP002068,M01024,2022,2022-11-10,2022-12-31,Youth annual,300,0,300,93,Yes
MP002069,M01024,2023,2023-01-01,2023-12-31,Youth annual,300,0,300,93,Yes
MP002070,M01024,2024,2024-01-01,2024-12-31,Youth annual,300,0,300,93,No
MP002071,M01025,2024,2024-02-03,2024-12-31,Family annual,840,75,765,298.35,Yes
MP002072,M01025,2025,2025-01-01,2025-12-31,Family annual,840,50,790,308.1,Censored
MP002073,M01026,2022,2022-10-07,2022-12-31,Adult annual,540,25,515,226.6,Yes
MP002074,M01026,2023,2023-01-01,2023-12-31,Adult annual,540,0,540,237.6,Yes
MP002075,M01026,2024,2024-01-01,2024-12-31,Adult annual,540,0,540,237.6,Yes
MP002076,M01026,2025,2025-01-01,2025-12-31,Adult annual,540,0,540,237.6,Censored
MP002077,M01027,2024,2024-01-24,2024-12-31,Adult annual,540,0,540,237.6,Yes
MP002078,M01027,2025,2025-01-01,2025-12-31,Adult annual,540,50,490,215.6,Censored
MP002079,M01028,2023,2023-09-24,2023-12-31,Adult annual,540,25,515,226.6,No
MP002080,M01029,2025,2025-01-30,2025-12-31,Family annual,840,25,815,317.85,Censored
MP002081,M01030,2022,2022-03-01,2022-12-31,Monthly flexible,480,0,480,196.8,No
MP002082,M01031,2024,2024-06-12,2024-12-31,Adult annual,540,0,540,237.6,Yes
MP002083,M01031,2025,2025-01-01,2025-12-31,Adult annual,540,0,540,237.6,Censored
MP002084,M01032,2022,2022-07-10,2022-12-31,Adult annual,540,0,540,237.6,No
MP002085,M01033,2023,2023-02-18,2023-12-31,Adult annual,540,0,540,237.6,Yes
MP002086,M01033,2024,2024-01-01,2024-12-31,Adult annual,540,25,515,226.6,Yes
MP002087,M01033,2025,2025-01-01,2025-12-31,Adult annual,540,0,540,237.6,Censored
MP002088,M01034,2025,2025-06-20,2025-12-31,Family annual,840,0,840,327.6,Censored
MP002089,M01035,2023,2023-04-30,2023-12-31,Senior annual,390,25,365,131.4,Yes
MP002090,M01035,2024,2024-01-01,2024-12-31,Senior annual,390,0,390,140.4,Yes
MP002091,M01035,2025,2025-01-01,2025-12-31,Senior annual,390,0,390,140.4,Censored
MP002092,M01036,2025,2025-09-24,2025-12-31,Family annual,840,0,840,327.6,Censored
MP002093,M01037,2025,2025-11-07,2025-12-31,Monthly flexible,480,0,480,196.8,Censored
MP002094,M01038,2022,2022-04-22,2022-12-31,Adult annual,540,75,465,204.6,No
MP002095,M01039,2024,2024-07-21,2024-12-31,Adult annual,540,75,465,204.6,Yes
MP002096,M01039,2025,2025-01-01,2025-12-31,Adult annual,540,0,540,237.6,Censored
MP002097,M01040,2025,2025-08-09,2025-12-31,Family annual,840,25,815,317.85,Censored
MP002098,M01041,2022,2022-07-20,2022-12-31,Monthly flexible,480,0,480,196.8,No
MP002099,M01042,2023,2023-09-20,2023-12-31,Monthly flexible,480,0,480,196.8,Yes
MP002100,M01042,2024,2024-01-01,2024-12-31,Monthly flexible,480,0,480,196.8,No
MP002101,M01043,2024,2024-08-09,2024-12-31,Family annual,840,0,840,327.6,Yes
MP002102,M01043,2025,2025-01-01,2025-12-31,Family annual,840,0,840,327.6,Censored
MP002103,M01044,2024,2024-10-28,2024-12-31,Adult annual,540,0,540,237.6,Yes
MP002104,M01044,2025,2025-01-01,2025-12-31,Adult annual,540,0,540,237.6,Censored
MP002105,M01045,2024,2024-09-09,2024-12-31,Family annual,840,0,840,327.6,Yes
MP002106,M01045,2025,2025-01-01,2025-12-31,Family annual,840,0,840,327.6,Censored
MP002107,M01046,2023,2023-03-06,2023-12-31,Family annual,840,0,840,327.6,Yes
MP002108,M01046,2024,2024-01-01,2024-12-31,Family annual,840,0,840,327.6,No
MP002109,M01047,2024,2024-09-23,2024-12-31,Family annual,840,0,840,327.6,Yes
MP002110,M01047,2025,2025-01-01,2025-12-31,Family annual,840,0,840,327.6,Censored
MP002111,M01048,2023,2023-08-20,2023-12-31,Monthly flexible,480,0,480,196.8,Yes
MP002112,M01048,2024,2024-01-01,2024-12-31,Monthly flexible,480,25,455,186.55,Yes
MP002113,M01048,2025,2025-01-01,2025-12-31,Monthly flexible,480,0,480,196.8,Censored
MP002114,M01049,2022,2022-10-03,2022-12-31,Family annual,840,0,840,327.6,Yes
MP002115,M01049,2023,2023-01-01,2023-12-31,Family annual,840,0,840,327.6,Yes
MP002116,M01049,2024,2024-01-01,2024-12-31,Family annual,840,0,840,327.6,Yes
MP002117,M01049,2025,2025-01-01,2025-12-31,Family annual,840,0,840,327.6,Censored
MP002118,M01050,2023,2023-01-05,2023-12-31,Family annual,840,25,815,317.85,Yes
MP002119,M01050,2024,2024-01-01,2024-12-31,Family annual,840,25,815,317.85,Yes
MP002120,M01050,2025,2025-01-01,2025-12-31,Family annual,840,50,790,308.1,Censored
MP002121,M01051,2023,2023-11-22,2023-12-31,Monthly flexible,480,0,480,196.8,No
MP002122,M01052,2023,2023-06-24,2023-12-31,Youth annual,300,0,300,93,No
MP002123,M01053,2022,2022-06-28,2022-12-31,Family annual,840,0,840,327.6,Yes
MP002124,M01053,2023,2023-01-01,2023-12-31,Family annual,840,0,840,327.6,Yes
MP002125,M01053,2024,2024-01-01,2024-12-31,Family annual,840,0,840,327.6,Yes
MP002126,M01053,2025,2025-01-01,2025-12-31,Family annual,840,0,840,327.6,Censored
MP002127,M01054,2025,2025-10-03,2025-12-31,Monthly flexible,480,0,480,196.8,Censored
MP002128,M01055,2024,2024-04-20,2024-12-31,Monthly flexible,480,25,455,186.55,Yes
MP002129,M01055,2025,2025-01-01,2025-12-31,Monthly flexible,480,0,480,196.8,Censored
MP002130,M01056,2023,2023-05-10,2023-12-31,Monthly flexible,480,25,455,186.55,No
MP002131,M01057,2024,2024-02-14,2024-12-31,Family annual,840,0,840,327.6,Yes
MP002132,M01057,2025,2025-01-01,2025-12-31,Family annual,840,0,840,327.6,Censored
MP002133,M01058,2024,2024-06-14,2024-12-31,Senior annual,390,0,390,140.4,Yes
MP002134,M01058,2025,2025-01-01,2025-12-31,Senior annual,390,25,365,131.4,Censored
MP002135,M01059,2022,2022-01-15,2022-12-31,Monthly flexible,480,25,455,186.55,No
MP002136,M01060,2023,2023-07-12,2023-12-31,Adult annual,540,0,540,237.6,Yes
MP002137,M01060,2024,2024-01-01,2024-12-31,Adult annual,540,75,465,204.6,Yes
MP002138,M01060,2025,2025-01-01,2025-12-31,Adult annual,540,50,490,215.6,Censored
MP002139,M01061,2025,2025-09-24,2025-12-31,Monthly flexible,480,0,480,196.8,Censored
MP002140,M01062,2024,2024-03-11,2024-12-31,Adult annual,540,0,540,237.6,Yes
MP002141,M01062,2025,2025-01-01,2025-12-31,Adult annual,540,0,540,237.6,Censored
MP002142,M01063,2022,2022-05-02,2022-12-31,Senior annual,390,0,390,140.4,Yes
MP002143,M01063,2023,2023-01-01,2023-12-31,Senior annual,390,0,390,140.4,Yes
MP002144,M01063,2024,2024-01-01,2024-12-31,Senior annual,390,0,390,140.4,Yes
MP002145,M01063,2025,2025-01-01,2025-12-31,Senior annual,390,50,340,122.4,Censored
MP002146,M01064,2025,2025-06-10,2025-12-31,Monthly flexible,480,0,480,196.8,Censored
MP002147,M01065,2023,2023-04-25,2023-12-31,Monthly flexible,480,0,480,196.8,Yes
MP002148,M01065,2024,2024-01-01,2024-12-31,Monthly flexible,480,0,480,196.8,Yes
MP002149,M01065,2025,2025-01-01,2025-12-31,Monthly flexible,480,0,480,196.8,Censored
MP002150,M01066,2023,2023-04-22,2023-12-31,Family annual,840,0,840,327.6,Yes
MP002151,M01066,2024,2024-01-01,2024-12-31,Family annual,840,25,815,317.85,Yes
MP002152,M01066,2025,2025-01-01,2025-12-31,Family annual,840,0,840,327.6,Censored
MP002153,M01067,2024,2024-08-14,2024-12-31,Senior annual,390,0,390,140.4,Yes
MP002154,M01067,2025,2025-01-01,2025-12-31,Senior annual,390,0,390,140.4,Censored
MP002155,M01068,2024,2024-06-06,2024-12-31,Monthly flexible,480,0,480,196.8,No
MP002156,M01069,2022,2022-10-17,2022-12-31,Senior annual,390,0,390,140.4,No
MP002157,M01070,2025,2025-04-30,2025-12-31,Monthly flexible,480,25,455,186.55,Censored
MP002158,M01071,2023,2023-10-16,2023-12-31,Adult annual,540,0,540,237.6,Yes
MP002159,M01071,2024,2024-01-01,2024-12-31,Adult annual,540,75,465,204.6,Yes
MP002160,M01071,2025,2025-01-01,2025-12-31,Adult annual,540,0,540,237.6,Censored
MP002161,M01072,2023,2023-09-13,2023-12-31,Senior annual,390,0,390,140.4,Yes
MP002162,M01072,2024,2024-01-01,2024-12-31,Senior annual,390,0,390,140.4,Yes
MP002163,M01072,2025,2025-01-01,2025-12-31,Senior annual,390,0,390,140.4,Censored
MP002164,M01073,2025,2025-08-02,2025-12-31,Senior annual,390,75,315,113.4,Censored
MP002165,M01074,2023,2023-01-10,2023-12-31,Family annual,840,50,790,308.1,Yes
MP002166,M01074,2024,2024-01-01,2024-12-31,Family annual,840,0,840,327.6,Yes
MP002167,M01074,2025,2025-01-01,2025-12-31,Family annual,840,50,790,308.1,Censored
MP002168,M01075,2023,2023-07-11,2023-12-31,Adult annual,540,0,540,237.6,Yes
MP002169,M01075,2024,2024-01-01,2024-12-31,Adult annual,540,0,540,237.6,No
MP002170,M01076,2025,2025-04-21,2025-12-31,Adult annual,540,0,540,237.6,Censored
MP002171,M01077,2025,2025-04-21,2025-12-31,Monthly flexible,480,0,480,196.8,Censored
MP002172,M01078,2022,2022-05-12,2022-12-31,Adult annual,540,25,515,226.6,Yes
MP002173,M01078,2023,2023-01-01,2023-12-31,Adult annual,540,0,540,237.6,Yes
MP002174,M01078,2024,2024-01-01,2024-12-31,Adult annual,540,50,490,215.6,Yes
MP002175,M01078,2025,2025-01-01,2025-12-31,Adult annual,540,0,540,237.6,Censored
MP002176,M01079,2025,2025-08-24,2025-12-31,Senior annual,390,0,390,140.4,Censored
MP002177,M01080,2024,2024-10-30,2024-12-31,Senior annual,390,25,365,131.4,Yes
MP002178,M01080,2025,2025-01-01,2025-12-31,Senior annual,390,0,390,140.4,Censored
MP002179,M01081,2022,2022-09-03,2022-12-31,Adult annual,540,0,540,237.6,Yes
MP002180,M01081,2023,2023-01-01,2023-12-31,Adult annual,540,25,515,226.6,No
MP002181,M01082,2024,2024-08-16,2024-12-31,Adult annual,540,50,490,215.6,Yes
MP002182,M01082,2025,2025-01-01,2025-12-31,Adult annual,540,0,540,237.6,Censored
MP002183,M01083,2022,2022-04-30,2022-12-31,Senior annual,390,50,340,122.4,No
MP002184,M01084,2023,2023-02-26,2023-12-31,Family annual,840,75,765,298.35,Yes
MP002185,M01084,2024,2024-01-01,2024-12-31,Family annual,840,75,765,298.35,Yes
MP002186,M01084,2025,2025-01-01,2025-12-31,Family annual,840,0,840,327.6,Censored
MP002187,M01085,2023,2023-09-26,2023-12-31,Monthly flexible,480,25,455,186.55,Yes
MP002188,M01085,2024,2024-01-01,2024-12-31,Monthly flexible,480,0,480,196.8,Yes
MP002189,M01085,2025,2025-01-01,2025-12-31,Monthly flexible,480,25,455,186.55,Censored
MP002190,M01086,2025,2025-04-20,2025-12-31,Adult annual,540,0,540,237.6,Censored
MP002191,M01087,2022,2022-09-22,2022-12-31,Senior annual,390,0,390,140.4,No
MP002192,M01088,2022,2022-06-22,2022-12-31,Youth annual,300,0,300,93,Yes
MP002193,M01088,2023,2023-01-01,2023-12-31,Youth annual,300,0,300,93,Yes
MP002194,M01088,2024,2024-01-01,2024-12-31,Youth annual,300,0,300,93,Yes
MP002195,M01088,2025,2025-01-01,2025-12-31,Youth annual,300,50,250,77.5,Censored
MP002196,M01089,2023,2023-10-02,2023-12-31,Adult annual,540,0,540,237.6,No
MP002197,M01090,2022,2022-08-15,2022-12-31,Family annual,840,0,840,327.6,Yes
MP002198,M01090,2023,2023-01-01,2023-12-31,Family annual,840,0,840,327.6,Yes
MP002199,M01090,2024,2024-01-01,2024-12-31,Family annual,840,75,765,298.35,Yes
MP002200,M01090,2025,2025-01-01,2025-12-31,Family annual,840,75,765,298.35,Censored
MP002201,M01091,2024,2024-08-23,2024-12-31,Monthly flexible,480,75,405,166.05,Yes
MP002202,M01091,2025,2025-01-01,2025-12-31,Monthly flexible,480,0,480,196.8,Censored
MP002203,M01092,2023,2023-05-29,2023-12-31,Adult annual,540,0,540,237.6,Yes
MP002204,M01092,2024,2024-01-01,2024-12-31,Adult annual,540,0,540,237.6,Yes
MP002205,M01092,2025,2025-01-01,2025-12-31,Adult annual,540,0,540,237.6,Censored
MP002206,M01093,2023,2023-11-10,2023-12-31,Senior annual,390,0,390,140.4,No
MP002207,M01094,2025,2025-04-17,2025-12-31,Adult annual,540,50,490,215.6,Censored
MP002208,M01095,2024,2024-06-07,2024-12-31,Adult annual,540,0,540,237.6,Yes
MP002209,M01095,2025,2025-01-01,2025-12-31,Adult annual,540,0,540,237.6,Censored
MP002210,M01096,2022,2022-08-02,2022-12-31,Adult annual,540,0,540,237.6,Yes
MP002211,M01096,2023,2023-01-01,2023-12-31,Adult annual,540,0,540,237.6,No
MP002212,M01097,2025,2025-03-31,2025-12-31,Adult annual,540,0,540,237.6,Censored
MP002213,M01098,2023,2023-01-25,2023-12-31,Adult annual,540,0,540,237.6,Yes
MP002214,M01098,2024,2024-01-01,2024-12-31,Adult annual,540,0,540,237.6,Yes
MP002215,M01098,2025,2025-01-01,2025-12-31,Adult annual,540,0,540,237.6,Censored
MP002216,M01099,2024,2024-11-21,2024-12-31,Family annual,840,50,790,308.1,Yes
MP002217,M01099,2025,2025-01-01,2025-12-31,Family annual,840,25,815,317.85,Censored
MP002218,M01100,2023,2023-02-11,2023-12-31,Adult annual,540,0,540,237.6,Yes
MP002219,M01100,2024,2024-01-01,2024-12-31,Adult annual,540,0,540,237.6,Yes
MP002220,M01100,2025,2025-01-01,2025-12-31,Adult annual,540,0,540,237.6,Censored
MP002221,M01101,2023,2023-02-08,2023-12-31,Monthly flexible,480,50,430,176.3,Yes
MP002222,M01101,2024,2024-01-01,2024-12-31,Monthly flexible,480,50,430,176.3,No
MP002223,M01102,2022,2022-02-07,2022-12-31,Senior annual,390,0,390,140.4,Yes
MP002224,M01102,2023,2023-01-01,2023-12-31,Senior annual,390,50,340,122.4,No
MP002225,M01103,2022,2022-08-27,2022-12-31,Monthly flexible,480,75,405,166.05,Yes
MP002226,M01103,2023,2023-01-01,2023-12-31,Monthly flexible,480,50,430,176.3,Yes
MP002227,M01103,2024,2024-01-01,2024-12-31,Monthly flexible,480,0,480,196.8,Yes
MP002228,M01103,2025,2025-01-01,2025-12-31,Monthly flexible,480,0,480,196.8,Censored
MP002229,M01104,2024,2024-04-07,2024-12-31,Youth annual,300,25,275,85.25,No
MP002230,M01105,2022,2022-10-09,2022-12-31,Adult annual,540,0,540,237.6,No
MP002231,M01106,2024,2024-07-25,2024-12-31,Monthly flexible,480,0,480,196.8,Yes
MP002232,M01106,2025,2025-01-01,2025-12-31,Monthly flexible,480,50,430,176.3,Censored
MP002233,M01107,2024,2024-09-14,2024-12-31,Adult annual,540,0,540,237.6,Yes
MP002234,M01107,2025,2025-01-01,2025-12-31,Adult annual,540,75,465,204.6,Censored
MP002235,M01108,2025,2025-08-27,2025-12-31,Senior annual,390,0,390,140.4,Censored
MP002236,M01109,2024,2024-02-05,2024-12-31,Family annual,840,75,765,298.35,Yes
MP002237,M01109,2025,2025-01-01,2025-12-31,Family annual,840,0,840,327.6,Censored
MP002238,M01110,2024,2024-04-11,2024-12-31,Monthly flexible,480,75,405,166.05,Yes
MP002239,M01110,2025,2025-01-01,2025-12-31,Monthly flexible,480,0,480,196.8,Censored
MP002240,M01111,2023,2023-08-13,2023-12-31,Youth annual,300,0,300,93,Yes
MP002241,M01111,2024,2024-01-01,2024-12-31,Youth annual,300,0,300,93,No
MP002242,M01112,2022,2022-05-30,2022-12-31,Senior annual,390,0,390,140.4,Yes
MP002243,M01112,2023,2023-01-01,2023-12-31,Senior annual,390,0,390,140.4,No
MP002244,M01113,2024,2024-06-15,2024-12-31,Adult annual,540,0,540,237.6,Yes
MP002245,M01113,2025,2025-01-01,2025-12-31,Adult annual,540,25,515,226.6,Censored
MP002246,M01114,2024,2024-10-04,2024-12-31,Adult annual,540,25,515,226.6,No
MP002247,M01115,2025,2025-07-04,2025-12-31,Family annual,840,0,840,327.6,Censored
MP002248,M01116,2024,2024-10-26,2024-12-31,Family annual,840,0,840,327.6,No
MP002249,M01117,2024,2024-11-14,2024-12-31,Youth annual,300,0,300,93,Yes
MP002250,M01117,2025,2025-01-01,2025-12-31,Youth annual,300,0,300,93,Censored
MP002251,M01118,2022,2022-11-21,2022-12-31,Family annual,840,0,840,327.6,No
MP002252,M01119,2025,2025-08-03,2025-12-31,Monthly flexible,480,0,480,196.8,Censored
MP002253,M01120,2024,2024-11-15,2024-12-31,Family annual,840,0,840,327.6,Yes
MP002254,M01120,2025,2025-01-01,2025-12-31,Family annual,840,0,840,327.6,Censored
MP002255,M01121,2025,2025-03-04,2025-12-31,Monthly flexible,480,75,405,166.05,Censored
MP002256,M01122,2025,2025-10-04,2025-12-31,Monthly flexible,480,50,430,176.3,Censored
MP002257,M01123,2022,2022-10-06,2022-12-31,Adult annual,540,75,465,204.6,No
MP002258,M01124,2024,2024-03-15,2024-12-31,Adult annual,540,0,540,237.6,No
MP002259,M01125,2025,2025-06-28,2025-12-31,Adult annual,540,0,540,237.6,Censored
MP002260,M01126,2022,2022-10-04,2022-12-31,Senior annual,390,50,340,122.4,No
MP002261,M01127,2025,2025-05-08,2025-12-31,Family annual,840,0,840,327.6,Censored
MP002262,M01128,2025,2025-06-11,2025-12-31,Senior annual,390,25,365,131.4,Censored
MP002263,M01129,2022,2022-05-28,2022-12-31,Adult annual,540,0,540,237.6,Yes
MP002264,M01129,2023,2023-01-01,2023-12-31,Adult annual,540,0,540,237.6,No
MP002265,M01130,2024,2024-02-21,2024-12-31,Adult annual,540,0,540,237.6,Yes
MP002266,M01130,2025,2025-01-01,2025-12-31,Adult annual,540,0,540,237.6,Censored
MP002267,M01131,2023,2023-02-04,2023-12-31,Monthly flexible,480,0,480,196.8,Yes
MP002268,M01131,2024,2024-01-01,2024-12-31,Monthly flexible,480,0,480,196.8,Yes
MP002269,M01131,2025,2025-01-01,2025-12-31,Monthly flexible,480,0,480,196.8,Censored
MP002270,M01132,2023,2023-09-26,2023-12-31,Adult annual,540,0,540,237.6,No
MP002271,M01133,2024,2024-05-13,2024-12-31,Monthly flexible,480,0,480,196.8,Yes
MP002272,M01133,2025,2025-01-01,2025-12-31,Monthly flexible,480,50,430,176.3,Censored
MP002273,M01134,2024,2024-02-20,2024-12-31,Adult annual,540,25,515,226.6,Yes
MP002274,M01134,2025,2025-01-01,2025-12-31,Adult annual,540,0,540,237.6,Censored
MP002275,M01135,2024,2024-07-09,2024-12-31,Adult annual,540,50,490,215.6,No
MP002276,M01136,2023,2023-08-30,2023-12-31,Senior annual,390,25,365,131.4,No
MP002277,M01137,2025,2025-04-01,2025-12-31,Family annual,840,0,840,327.6,Censored
MP002278,M01138,2024,2024-10-26,2024-12-31,Family annual,840,50,790,308.1,Yes
MP002279,M01138,2025,2025-01-01,2025-12-31,Family annual,840,0,840,327.6,Censored
MP002280,M01139,2023,2023-03-13,2023-12-31,Monthly flexible,480,75,405,166.05,Yes
MP002281,M01139,2024,2024-01-01,2024-12-31,Monthly flexible,480,0,480,196.8,No
MP002282,M01140,2022,2022-06-04,2022-12-31,Adult annual,540,0,540,237.6,Yes
MP002283,M01140,2023,2023-01-01,2023-12-31,Adult annual,540,50,490,215.6,Yes
MP002284,M01140,2024,2024-01-01,2024-12-31,Adult annual,540,0,540,237.6,Yes
MP002285,M01140,2025,2025-01-01,2025-12-31,Adult annual,540,0,540,237.6,Censored
MP002286,M01141,2023,2023-08-24,2023-12-31,Family annual,840,0,840,327.6,Yes
MP002287,M01141,2024,2024-01-01,2024-12-31,Family annual,840,0,840,327.6,Yes
MP002288,M01141,2025,2025-01-01,2025-12-31,Family annual,840,50,790,308.1,Censored
MP002289,M01142,2023,2023-03-25,2023-12-31,Adult annual,540,25,515,226.6,Yes
MP002290,M01142,2024,2024-01-01,2024-12-31,Adult annual,540,0,540,237.6,Yes
MP002291,M01142,2025,2025-01-01,2025-12-31,Adult annual,540,0,540,237.6,Censored
MP002292,M01143,2022,2022-06-30,2022-12-31,Youth annual,300,0,300,93,Yes
MP002293,M01143,2023,2023-01-01,2023-12-31,Youth annual,300,25,275,85.25,No
MP002294,M01144,2024,2024-07-03,2024-12-31,Senior annual,390,25,365,131.4,Yes
MP002295,M01144,2025,2025-01-01,2025-12-31,Senior annual,390,0,390,140.4,Censored
MP002296,M01145,2022,2022-03-03,2022-12-31,Adult annual,540,0,540,237.6,Yes
MP002297,M01145,2023,2023-01-01,2023-12-31,Adult annual,540,0,540,237.6,Yes
MP002298,M01145,2024,2024-01-01,2024-12-31,Adult annual,540,0,540,237.6,Yes
MP002299,M01145,2025,2025-01-01,2025-12-31,Adult annual,540,0,540,237.6,Censored
MP002300,M01146,2022,2022-02-19,2022-12-31,Senior annual,390,50,340,122.4,Yes
MP002301,M01146,2023,2023-01-01,2023-12-31,Senior annual,390,0,390,140.4,Yes
MP002302,M01146,2024,2024-01-01,2024-12-31,Senior annual,390,75,315,113.4,Yes
MP002303,M01146,2025,2025-01-01,2025-12-31,Senior annual,390,50,340,122.4,Censored
MP002304,M01147,2022,2022-03-15,2022-12-31,Senior annual,390,75,315,113.4,Yes
MP002305,M01147,2023,2023-01-01,2023-12-31,Senior annual,390,0,390,140.4,Yes
MP002306,M01147,2024,2024-01-01,2024-12-31,Senior annual,390,0,390,140.4,Yes
MP002307,M01147,2025,2025-01-01,2025-12-31,Senior annual,390,0,390,140.4,Censored
MP002308,M01148,2025,2025-01-06,2025-12-31,Family annual,840,50,790,308.1,Censored
MP002309,M01149,2023,2023-08-09,2023-12-31,Adult annual,540,75,465,204.6,Yes
MP002310,M01149,2024,2024-01-01,2024-12-31,Adult annual,540,0,540,237.6,Yes
MP002311,M01149,2025,2025-01-01,2025-12-31,Adult annual,540,0,540,237.6,Censored
MP002312,M01150,2025,2025-07-17,2025-12-31,Adult annual,540,50,490,215.6,Censored
MP002313,M01151,2022,2022-07-26,2022-12-31,Monthly flexible,480,50,430,176.3,No
MP002314,M01152,2023,2023-04-02,2023-12-31,Family annual,840,0,840,327.6,Yes
MP002315,M01152,2024,2024-01-01,2024-12-31,Family annual,840,0,840,327.6,No
MP002316,M01153,2025,2025-03-15,2025-12-31,Adult annual,540,50,490,215.6,Censored
MP002317,M01154,2024,2024-05-27,2024-12-31,Adult annual,540,0,540,237.6,Yes
MP002318,M01154,2025,2025-01-01,2025-12-31,Adult annual,540,0,540,237.6,Censored
MP002319,M01155,2024,2024-07-14,2024-12-31,Youth annual,300,0,300,93,Yes
MP002320,M01155,2025,2025-01-01,2025-12-31,Youth annual,300,25,275,85.25,Censored
MP002321,M01156,2024,2024-09-19,2024-12-31,Monthly flexible,480,0,480,196.8,No
MP002322,M01157,2024,2024-09-29,2024-12-31,Adult annual,540,50,490,215.6,Yes
MP002323,M01157,2025,2025-01-01,2025-12-31,Adult annual,540,0,540,237.6,Censored
MP002324,M01158,2025,2025-05-16,2025-12-31,Adult annual,540,25,515,226.6,Censored
MP002325,M01159,2022,2022-01-28,2022-12-31,Adult annual,540,50,490,215.6,Yes
MP002326,M01159,2023,2023-01-01,2023-12-31,Adult annual,540,25,515,226.6,Yes
MP002327,M01159,2024,2024-01-01,2024-12-31,Adult annual,540,0,540,237.6,Yes
MP002328,M01159,2025,2025-01-01,2025-12-31,Adult annual,540,25,515,226.6,Censored
MP002329,M01160,2024,2024-09-13,2024-12-31,Senior annual,390,0,390,140.4,Yes
MP002330,M01160,2025,2025-01-01,2025-12-31,Senior annual,390,0,390,140.4,Censored
MP002331,M01161,2024,2024-03-31,2024-12-31,Family annual,840,50,790,308.1,Yes
MP002332,M01161,2025,2025-01-01,2025-12-31,Family annual,840,0,840,327.6,Censored
MP002333,M01162,2025,2025-04-07,2025-12-31,Adult annual,540,0,540,237.6,Censored
MP002334,M01163,2023,2023-08-27,2023-12-31,Monthly flexible,480,0,480,196.8,No
MP002335,M01164,2023,2023-05-29,2023-12-31,Senior annual,390,0,390,140.4,No
MP002336,M01165,2023,2023-08-22,2023-12-31,Senior annual,390,0,390,140.4,Yes
MP002337,M01165,2024,2024-01-01,2024-12-31,Senior annual,390,0,390,140.4,Yes
MP002338,M01165,2025,2025-01-01,2025-12-31,Senior annual,390,50,340,122.4,Censored
MP002339,M01166,2025,2025-10-13,2025-12-31,Adult annual,540,0,540,237.6,Censored
MP002340,M01167,2023,2023-06-07,2023-12-31,Family annual,840,25,815,317.85,Yes
MP002341,M01167,2024,2024-01-01,2024-12-31,Family annual,840,25,815,317.85,Yes
MP002342,M01167,2025,2025-01-01,2025-12-31,Family annual,840,0,840,327.6,Censored
MP002343,M01168,2022,2022-10-28,2022-12-31,Family annual,840,0,840,327.6,Yes
MP002344,M01168,2023,2023-01-01,2023-12-31,Family annual,840,0,840,327.6,No
MP002345,M01169,2023,2023-04-09,2023-12-31,Adult annual,540,0,540,237.6,Yes
MP002346,M01169,2024,2024-01-01,2024-12-31,Adult annual,540,0,540,237.6,Yes
MP002347,M01169,2025,2025-01-01,2025-12-31,Adult annual,540,0,540,237.6,Censored
MP002348,M01170,2025,2025-11-16,2025-12-31,Adult annual,540,50,490,215.6,Censored
MP002349,M01171,2023,2023-03-28,2023-12-31,Adult annual,540,0,540,237.6,Yes
MP002350,M01171,2024,2024-01-01,2024-12-31,Adult annual,540,0,540,237.6,No
MP002351,M01172,2025,2025-09-01,2025-12-31,Monthly flexible,480,0,480,196.8,Censored
MP002352,M01173,2025,2025-03-27,2025-12-31,Family annual,840,50,790,308.1,Censored
MP002353,M01174,2024,2024-09-24,2024-12-31,Adult annual,540,0,540,237.6,Yes
MP002354,M01174,2025,2025-01-01,2025-12-31,Adult annual,540,75,465,204.6,Censored
MP002355,M01175,2025,2025-02-14,2025-12-31,Adult annual,540,50,490,215.6,Censored
MP002356,M01176,2025,2025-07-15,2025-12-31,Adult annual,540,0,540,237.6,Censored
MP002357,M01177,2022,2022-09-19,2022-12-31,Monthly flexible,480,75,405,166.05,Yes
MP002358,M01177,2023,2023-01-01,2023-12-31,Monthly flexible,480,0,480,196.8,Yes
MP002359,M01177,2024,2024-01-01,2024-12-31,Monthly flexible,480,25,455,186.55,No
MP002360,M01178,2024,2024-05-02,2024-12-31,Adult annual,540,75,465,204.6,Yes
MP002361,M01178,2025,2025-01-01,2025-12-31,Adult annual,540,0,540,237.6,Censored
MP002362,M01179,2022,2022-02-15,2022-12-31,Adult annual,540,25,515,226.6,Yes
MP002363,M01179,2023,2023-01-01,2023-12-31,Adult annual,540,0,540,237.6,No
MP002364,M01180,2024,2024-02-25,2024-12-31,Monthly flexible,480,0,480,196.8,Yes
MP002365,M01180,2025,2025-01-01,2025-12-31,Monthly flexible,480,0,480,196.8,Censored
MP002366,M01181,2023,2023-05-05,2023-12-31,Adult annual,540,50,490,215.6,Yes
MP002367,M01181,2024,2024-01-01,2024-12-31,Adult annual,540,0,540,237.6,Yes
MP002368,M01181,2025,2025-01-01,2025-12-31,Adult annual,540,0,540,237.6,Censored
MP002369,M01182,2022,2022-01-29,2022-12-31,Family annual,840,0,840,327.6,Yes
MP002370,M01182,2023,2023-01-01,2023-12-31,Family annual,840,0,840,327.6,No
MP002371,M01183,2025,2025-01-13,2025-12-31,Family annual,840,0,840,327.6,Censored
MP002372,M01184,2023,2023-09-28,2023-12-31,Adult annual,540,0,540,237.6,No
MP002373,M01185,2025,2025-10-12,2025-12-31,Senior annual,390,0,390,140.4,Censored
MP002374,M01186,2022,2022-06-03,2022-12-31,Family annual,840,75,765,298.35,Yes
MP002375,M01186,2023,2023-01-01,2023-12-31,Family annual,840,0,840,327.6,Yes
MP002376,M01186,2024,2024-01-01,2024-12-31,Family annual,840,50,790,308.1,Yes
MP002377,M01186,2025,2025-01-01,2025-12-31,Family annual,840,0,840,327.6,Censored
MP002378,M01187,2023,2023-01-06,2023-12-31,Family annual,840,0,840,327.6,Yes
MP002379,M01187,2024,2024-01-01,2024-12-31,Family annual,840,0,840,327.6,Yes
MP002380,M01187,2025,2025-01-01,2025-12-31,Family annual,840,0,840,327.6,Censored
MP002381,M01188,2023,2023-11-20,2023-12-31,Family annual,840,0,840,327.6,Yes
MP002382,M01188,2024,2024-01-01,2024-12-31,Family annual,840,0,840,327.6,Yes
MP002383,M01188,2025,2025-01-01,2025-12-31,Family annual,840,25,815,317.85,Censored
MP002384,M01189,2022,2022-11-16,2022-12-31,Adult annual,540,0,540,237.6,Yes
MP002385,M01189,2023,2023-01-01,2023-12-31,Adult annual,540,50,490,215.6,Yes
MP002386,M01189,2024,2024-01-01,2024-12-31,Adult annual,540,25,515,226.6,Yes
MP002387,M01189,2025,2025-01-01,2025-12-31,Adult annual,540,0,540,237.6,Censored
MP002388,M01190,2024,2024-08-27,2024-12-31,Senior annual,390,50,340,122.4,Yes
MP002389,M01190,2025,2025-01-01,2025-12-31,Senior annual,390,0,390,140.4,Censored
MP002390,M01191,2023,2023-04-18,2023-12-31,Monthly flexible,480,25,455,186.55,Yes
MP002391,M01191,2024,2024-01-01,2024-12-31,Monthly flexible,480,50,430,176.3,Yes
MP002392,M01191,2025,2025-01-01,2025-12-31,Monthly flexible,480,50,430,176.3,Censored
MP002393,M01192,2025,2025-03-13,2025-12-31,Senior annual,390,0,390,140.4,Censored
MP002394,M01193,2023,2023-06-10,2023-12-31,Monthly flexible,480,0,480,196.8,No
MP002395,M01194,2024,2024-01-14,2024-12-31,Monthly flexible,480,0,480,196.8,Yes
MP002396,M01194,2025,2025-01-01,2025-12-31,Monthly flexible,480,0,480,196.8,Censored
MP002397,M01195,2024,2024-05-01,2024-12-31,Monthly flexible,480,50,430,176.3,Yes
MP002398,M01195,2025,2025-01-01,2025-12-31,Monthly flexible,480,25,455,186.55,Censored
MP002399,M01196,2024,2024-01-14,2024-12-31,Family annual,840,0,840,327.6,Yes
MP002400,M01196,2025,2025-01-01,2025-12-31,Family annual,840,75,765,298.35,Censored
MP002401,M01197,2023,2023-10-31,2023-12-31,Adult annual,540,0,540,237.6,No
MP002402,M01198,2025,2025-04-01,2025-12-31,Monthly flexible,480,0,480,196.8,Censored
MP002403,M01199,2024,2024-09-29,2024-12-31,Family annual,840,0,840,327.6,Yes
MP002404,M01199,2025,2025-01-01,2025-12-31,Family annual,840,0,840,327.6,Censored
MP002405,M01200,2023,2023-06-14,2023-12-31,Family annual,840,0,840,327.6,Yes
MP002406,M01200,2024,2024-01-01,2024-12-31,Family annual,840,0,840,327.6,Yes
MP002407,M01200,2025,2025-01-01,2025-12-31,Family annual,840,0,840,327.6,Censored
MP002408,M01201,2023,2023-03-26,2023-12-31,Family annual,840,50,790,308.1,Yes
MP002409,M01201,2024,2024-01-01,2024-12-31,Family annual,840,0,840,327.6,Yes
MP002410,M01201,2025,2025-01-01,2025-12-31,Family annual,840,50,790,308.1,Censored
MP002411,M01202,2023,2023-10-24,2023-12-31,Adult annual,540,0,540,237.6,Yes
MP002412,M01202,2024,2024-01-01,2024-12-31,Adult annual,540,0,540,237.6,No
MP002413,M01203,2023,2023-08-05,2023-12-31,Adult annual,540,0,540,237.6,Yes
MP002414,M01203,2024,2024-01-01,2024-12-31,Adult annual,540,0,540,237.6,Yes
MP002415,M01203,2025,2025-01-01,2025-12-31,Adult annual,540,75,465,204.6,Censored
MP002416,M01204,2025,2025-10-03,2025-12-31,Adult annual,540,0,540,237.6,Censored
MP002417,M01205,2023,2023-07-24,2023-12-31,Senior annual,390,25,365,131.4,Yes
MP002418,M01205,2024,2024-01-01,2024-12-31,Senior annual,390,25,365,131.4,No
MP002419,M01206,2024,2024-08-30,2024-12-31,Senior annual,390,0,390,140.4,No
MP002420,M01207,2022,2022-11-10,2022-12-31,Adult annual,540,50,490,215.6,Yes
MP002421,M01207,2023,2023-01-01,2023-12-31,Adult annual,540,25,515,226.6,Yes
MP002422,M01207,2024,2024-01-01,2024-12-31,Adult annual,540,0,540,237.6,No
MP002423,M01208,2024,2024-03-20,2024-12-31,Monthly flexible,480,0,480,196.8,Yes
MP002424,M01208,2025,2025-01-01,2025-12-31,Monthly flexible,480,0,480,196.8,Censored
MP002425,M01209,2023,2023-07-10,2023-12-31,Youth annual,300,0,300,93,No
MP002426,M01210,2022,2022-11-19,2022-12-31,Family annual,840,0,840,327.6,No
MP002427,M01211,2022,2022-10-31,2022-12-31,Senior annual,390,0,390,140.4,No
MP002428,M01212,2023,2023-05-08,2023-12-31,Monthly flexible,480,50,430,176.3,Yes
MP002429,M01212,2024,2024-01-01,2024-12-31,Monthly flexible,480,0,480,196.8,No
MP002430,M01213,2025,2025-10-23,2025-12-31,Monthly flexible,480,0,480,196.8,Censored
MP002431,M01214,2024,2024-08-20,2024-12-31,Youth annual,300,0,300,93,Yes
MP002432,M01214,2025,2025-01-01,2025-12-31,Youth annual,300,0,300,93,Censored
MP002433,M01215,2023,2023-03-30,2023-12-31,Adult annual,540,50,490,215.6,Yes
MP002434,M01215,2024,2024-01-01,2024-12-31,Adult annual,540,50,490,215.6,Yes
MP002435,M01215,2025,2025-01-01,2025-12-31,Adult annual,540,75,465,204.6,Censored
MP002436,M01216,2024,2024-10-08,2024-12-31,Adult annual,540,0,540,237.6,No
MP002437,M01217,2023,2023-06-04,2023-12-31,Family annual,840,0,840,327.6,Yes
MP002438,M01217,2024,2024-01-01,2024-12-31,Family annual,840,0,840,327.6,Yes
MP002439,M01217,2025,2025-01-01,2025-12-31,Family annual,840,0,840,327.6,Censored
MP002440,M01218,2024,2024-03-23,2024-12-31,Adult annual,540,0,540,237.6,No
MP002441,M01219,2024,2024-02-27,2024-12-31,Adult annual,540,25,515,226.6,Yes
MP002442,M01219,2025,2025-01-01,2025-12-31,Adult annual,540,0,540,237.6,Censored
MP002443,M01220,2025,2025-04-19,2025-12-31,Family annual,840,0,840,327.6,Censored
MP002444,M01221,2023,2023-01-14,2023-12-31,Family annual,840,25,815,317.85,Yes
MP002445,M01221,2024,2024-01-01,2024-12-31,Family annual,840,0,840,327.6,Yes
MP002446,M01221,2025,2025-01-01,2025-12-31,Family annual,840,0,840,327.6,Censored
MP002447,M01222,2022,2022-06-26,2022-12-31,Adult annual,540,0,540,237.6,Yes
MP002448,M01222,2023,2023-01-01,2023-12-31,Adult annual,540,0,540,237.6,Yes
MP002449,M01222,2024,2024-01-01,2024-12-31,Adult annual,540,75,465,204.6,No
MP002450,M01223,2023,2023-06-20,2023-12-31,Monthly flexible,480,75,405,166.05,Yes
MP002451,M01223,2024,2024-01-01,2024-12-31,Monthly flexible,480,0,480,196.8,Yes
MP002452,M01223,2025,2025-01-01,2025-12-31,Monthly flexible,480,0,480,196.8,Censored
MP002453,M01224,2024,2024-11-19,2024-12-31,Monthly flexible,480,0,480,196.8,Yes
MP002454,M01224,2025,2025-01-01,2025-12-31,Monthly flexible,480,0,480,196.8,Censored
MP002455,M01225,2023,2023-09-11,2023-12-31,Senior annual,390,0,390,140.4,Yes
MP002456,M01225,2024,2024-01-01,2024-12-31,Senior annual,390,75,315,113.4,No
MP002457,M01226,2025,2025-05-25,2025-12-31,Adult annual,540,0,540,237.6,Censored
MP002458,M01227,2022,2022-03-29,2022-12-31,Family annual,840,50,790,308.1,Yes
MP002459,M01227,2023,2023-01-01,2023-12-31,Family annual,840,0,840,327.6,No
MP002460,M01228,2023,2023-11-18,2023-12-31,Family annual,840,0,840,327.6,No
MP002461,M01229,2025,2025-06-05,2025-12-31,Family annual,840,0,840,327.6,Censored
MP002462,M01230,2022,2022-08-08,2022-12-31,Family annual,840,0,840,327.6,Yes
MP002463,M01230,2023,2023-01-01,2023-12-31,Family annual,840,0,840,327.6,Yes
MP002464,M01230,2024,2024-01-01,2024-12-31,Family annual,840,25,815,317.85,No
MP002465,M01231,2024,2024-07-09,2024-12-31,Adult annual,540,0,540,237.6,Yes
MP002466,M01231,2025,2025-01-01,2025-12-31,Adult annual,540,0,540,237.6,Censored
MP002467,M01232,2023,2023-03-10,2023-12-31,Senior annual,390,0,390,140.4,Yes
MP002468,M01232,2024,2024-01-01,2024-12-31,Senior annual,390,0,390,140.4,Yes
MP002469,M01232,2025,2025-01-01,2025-12-31,Senior annual,390,25,365,131.4,Censored
MP002470,M01233,2023,2023-07-26,2023-12-31,Adult annual,540,0,540,237.6,Yes
MP002471,M01233,2024,2024-01-01,2024-12-31,Adult annual,540,75,465,204.6,Yes
MP002472,M01233,2025,2025-01-01,2025-12-31,Adult annual,540,0,540,237.6,Censored
MP002473,M01234,2025,2025-01-10,2025-12-31,Family annual,840,0,840,327.6,Censored
MP002474,M01235,2023,2023-10-20,2023-12-31,Senior annual,390,0,390,140.4,Yes
MP002475,M01235,2024,2024-01-01,2024-12-31,Senior annual,390,0,390,140.4,Yes
MP002476,M01235,2025,2025-01-01,2025-12-31,Senior annual,390,25,365,131.4,Censored
MP002477,M01236,2024,2024-02-29,2024-12-31,Family annual,840,25,815,317.85,Yes
MP002478,M01236,2025,2025-01-01,2025-12-31,Family annual,840,0,840,327.6,Censored
MP002479,M01237,2024,2024-05-29,2024-12-31,Senior annual,390,0,390,140.4,Yes
MP002480,M01237,2025,2025-01-01,2025-12-31,Senior annual,390,50,340,122.4,Censored
MP002481,M01238,2025,2025-02-21,2025-12-31,Youth annual,300,0,300,93,Censored
MP002482,M01239,2024,2024-06-01,2024-12-31,Family annual,840,0,840,327.6,Yes
MP002483,M01239,2025,2025-01-01,2025-12-31,Family annual,840,0,840,327.6,Censored
MP002484,M01240,2023,2023-03-26,2023-12-31,Monthly flexible,480,0,480,196.8,No
MP002485,M01241,2022,2022-04-05,2022-12-31,Senior annual,390,0,390,140.4,Yes
MP002486,M01241,2023,2023-01-01,2023-12-31,Senior annual,390,0,390,140.4,Yes
MP002487,M01241,2024,2024-01-01,2024-12-31,Senior annual,390,0,390,140.4,Yes
MP002488,M01241,2025,2025-01-01,2025-12-31,Senior annual,390,25,365,131.4,Censored
MP002489,M01242,2024,2024-06-24,2024-12-31,Monthly flexible,480,0,480,196.8,Yes
MP002490,M01242,2025,2025-01-01,2025-12-31,Monthly flexible,480,0,480,196.8,Censored
MP002491,M01243,2025,2025-01-16,2025-12-31,Adult annual,540,0,540,237.6,Censored
MP002492,M01244,2022,2022-03-24,2022-12-31,Adult annual,540,0,540,237.6,Yes
MP002493,M01244,2023,2023-01-01,2023-12-31,Adult annual,540,0,540,237.6,No
MP002494,M01245,2023,2023-08-29,2023-12-31,Monthly flexible,480,25,455,186.55,Yes
MP002495,M01245,2024,2024-01-01,2024-12-31,Monthly flexible,480,0,480,196.8,Yes
MP002496,M01245,2025,2025-01-01,2025-12-31,Monthly flexible,480,0,480,196.8,Censored
MP002497,M01246,2025,2025-10-11,2025-12-31,Family annual,840,0,840,327.6,Censored
MP002498,M01247,2024,2024-04-10,2024-12-31,Adult annual,540,50,490,215.6,No
MP002499,M01248,2022,2022-02-21,2022-12-31,Family annual,840,0,840,327.6,Yes
MP002500,M01248,2023,2023-01-01,2023-12-31,Family annual,840,75,765,298.35,Yes
MP002501,M01248,2024,2024-01-01,2024-12-31,Family annual,840,0,840,327.6,Yes
MP002502,M01248,2025,2025-01-01,2025-12-31,Family annual,840,0,840,327.6,Censored
MP002503,M01249,2024,2024-11-15,2024-12-31,Youth annual,300,50,250,77.5,Yes
MP002504,M01249,2025,2025-01-01,2025-12-31,Youth annual,300,0,300,93,Censored
MP002505,M01250,2025,2025-03-11,2025-12-31,Family annual,840,0,840,327.6,Censored
MP002506,M01251,2023,2023-02-05,2023-12-31,Adult annual,540,0,540,237.6,Yes
MP002507,M01251,2024,2024-01-01,2024-12-31,Adult annual,540,0,540,237.6,No
MP002508,M01252,2024,2024-07-29,2024-12-31,Monthly flexible,480,0,480,196.8,Yes
MP002509,M01252,2025,2025-01-01,2025-12-31,Monthly flexible,480,25,455,186.55,Censored
MP002510,M01253,2024,2024-03-02,2024-12-31,Monthly flexible,480,0,480,196.8,Yes
MP002511,M01253,2025,2025-01-01,2025-12-31,Monthly flexible,480,0,480,196.8,Censored
MP002512,M01254,2023,2023-02-22,2023-12-31,Family annual,840,50,790,308.1,No
MP002513,M01255,2025,2025-02-04,2025-12-31,Adult annual,540,0,540,237.6,Censored
MP002514,M01256,2023,2023-01-10,2023-12-31,Adult annual,540,0,540,237.6,No
MP002515,M01257,2023,2023-08-14,2023-12-31,Family annual,840,0,840,327.6,Yes
MP002516,M01257,2024,2024-01-01,2024-12-31,Family annual,840,0,840,327.6,Yes
MP002517,M01257,2025,2025-01-01,2025-12-31,Family annual,840,0,840,327.6,Censored
MP002518,M01258,2025,2025-10-13,2025-12-31,Adult annual,540,0,540,237.6,Censored
MP002519,M01259,2023,2023-02-15,2023-12-31,Adult annual,540,25,515,226.6,No
MP002520,M01260,2022,2022-09-19,2022-12-31,Family annual,840,25,815,317.85,No
MP002521,M01261,2023,2023-02-23,2023-12-31,Family annual,840,75,765,298.35,No
MP002522,M01262,2023,2023-09-18,2023-12-31,Monthly flexible,480,0,480,196.8,No
MP002523,M01263,2022,2022-04-30,2022-12-31,Adult annual,540,0,540,237.6,Yes
MP002524,M01263,2023,2023-01-01,2023-12-31,Adult annual,540,25,515,226.6,Yes
MP002525,M01263,2024,2024-01-01,2024-12-31,Adult annual,540,75,465,204.6,Yes
MP002526,M01263,2025,2025-01-01,2025-12-31,Adult annual,540,0,540,237.6,Censored
MP002527,M01264,2022,2022-10-10,2022-12-31,Youth annual,300,0,300,93,Yes
MP002528,M01264,2023,2023-01-01,2023-12-31,Youth annual,300,0,300,93,Yes
MP002529,M01264,2024,2024-01-01,2024-12-31,Youth annual,300,25,275,85.25,Yes
MP002530,M01264,2025,2025-01-01,2025-12-31,Youth annual,300,25,275,85.25,Censored
MP002531,M01265,2023,2023-08-17,2023-12-31,Family annual,840,50,790,308.1,Yes
MP002532,M01265,2024,2024-01-01,2024-12-31,Family annual,840,0,840,327.6,Yes
MP002533,M01265,2025,2025-01-01,2025-12-31,Family annual,840,0,840,327.6,Censored
MP002534,M01266,2025,2025-04-04,2025-12-31,Adult annual,540,0,540,237.6,Censored
MP002535,M01267,2022,2022-05-24,2022-12-31,Family annual,840,25,815,317.85,Yes
MP002536,M01267,2023,2023-01-01,2023-12-31,Family annual,840,0,840,327.6,Yes
MP002537,M01267,2024,2024-01-01,2024-12-31,Family annual,840,0,840,327.6,No
MP002538,M01268,2024,2024-05-17,2024-12-31,Senior annual,390,0,390,140.4,Yes
MP002539,M01268,2025,2025-01-01,2025-12-31,Senior annual,390,0,390,140.4,Censored
MP002540,M01269,2023,2023-03-06,2023-12-31,Adult annual,540,0,540,237.6,Yes
MP002541,M01269,2024,2024-01-01,2024-12-31,Adult annual,540,0,540,237.6,Yes
MP002542,M01269,2025,2025-01-01,2025-12-31,Adult annual,540,0,540,237.6,Censored
MP002543,M01270,2024,2024-07-16,2024-12-31,Monthly flexible,480,0,480,196.8,No
MP002544,M01271,2022,2022-11-04,2022-12-31,Adult annual,540,25,515,226.6,Yes
MP002545,M01271,2023,2023-01-01,2023-12-31,Adult annual,540,75,465,204.6,No
MP002546,M01272,2024,2024-03-13,2024-12-31,Senior annual,390,0,390,140.4,No
MP002547,M01273,2024,2024-07-22,2024-12-31,Adult annual,540,25,515,226.6,Yes
MP002548,M01273,2025,2025-01-01,2025-12-31,Adult annual,540,0,540,237.6,Censored
MP002549,M01274,2022,2022-01-10,2022-12-31,Family annual,840,25,815,317.85,No
MP002550,M01275,2024,2024-04-17,2024-12-31,Family annual,840,0,840,327.6,Yes
MP002551,M01275,2025,2025-01-01,2025-12-31,Family annual,840,0,840,327.6,Censored
MP002552,M01276,2025,2025-08-14,2025-12-31,Youth annual,300,0,300,93,Censored
MP002553,M01277,2024,2024-09-15,2024-12-31,Adult annual,540,50,490,215.6,Yes
MP002554,M01277,2025,2025-01-01,2025-12-31,Adult annual,540,25,515,226.6,Censored
MP002555,M01278,2024,2024-05-11,2024-12-31,Adult annual,540,50,490,215.6,Yes
MP002556,M01278,2025,2025-01-01,2025-12-31,Adult annual,540,0,540,237.6,Censored
MP002557,M01279,2023,2023-03-12,2023-12-31,Youth annual,300,50,250,77.5,Yes
MP002558,M01279,2024,2024-01-01,2024-12-31,Youth annual,300,0,300,93,Yes
MP002559,M01279,2025,2025-01-01,2025-12-31,Youth annual,300,0,300,93,Censored
MP002560,M01280,2023,2023-08-22,2023-12-31,Adult annual,540,0,540,237.6,No
MP002561,M01281,2025,2025-01-14,2025-12-31,Family annual,840,0,840,327.6,Censored
MP002562,M01282,2025,2025-02-01,2025-12-31,Adult annual,540,0,540,237.6,Censored
MP002563,M01283,2024,2024-10-10,2024-12-31,Adult annual,540,0,540,237.6,Yes
MP002564,M01283,2025,2025-01-01,2025-12-31,Adult annual,540,0,540,237.6,Censored
MP002565,M01284,2023,2023-10-13,2023-12-31,Youth annual,300,0,300,93,Yes
MP002566,M01284,2024,2024-01-01,2024-12-31,Youth annual,300,0,300,93,Yes
MP002567,M01284,2025,2025-01-01,2025-12-31,Youth annual,300,0,300,93,Censored
MP002568,M01285,2022,2022-01-29,2022-12-31,Adult annual,540,0,540,237.6,Yes
MP002569,M01285,2023,2023-01-01,2023-12-31,Adult annual,540,0,540,237.6,No
MP002570,M01286,2024,2024-01-11,2024-12-31,Adult annual,540,0,540,237.6,Yes
MP002571,M01286,2025,2025-01-01,2025-12-31,Adult annual,540,0,540,237.6,Censored
MP002572,M01287,2023,2023-06-30,2023-12-31,Senior annual,390,75,315,113.4,No
MP002573,M01288,2023,2023-02-12,2023-12-31,Adult annual,540,0,540,237.6,Yes
MP002574,M01288,2024,2024-01-01,2024-12-31,Adult annual,540,0,540,237.6,No
MP002575,M01289,2024,2024-11-13,2024-12-31,Adult annual,540,0,540,237.6,Yes
MP002576,M01289,2025,2025-01-01,2025-12-31,Adult annual,540,75,465,204.6,Censored
MP002577,M01290,2023,2023-08-21,2023-12-31,Family annual,840,0,840,327.6,Yes
MP002578,M01290,2024,2024-01-01,2024-12-31,Family annual,840,25,815,317.85,Yes
MP002579,M01290,2025,2025-01-01,2025-12-31,Family annual,840,50,790,308.1,Censored
MP002580,M01291,2022,2022-08-15,2022-12-31,Monthly flexible,480,0,480,196.8,Yes
MP002581,M01291,2023,2023-01-01,2023-12-31,Monthly flexible,480,0,480,196.8,Yes
MP002582,M01291,2024,2024-01-01,2024-12-31,Monthly flexible,480,0,480,196.8,Yes
MP002583,M01291,2025,2025-01-01,2025-12-31,Monthly flexible,480,25,455,186.55,Censored
MP002584,M01292,2023,2023-07-05,2023-12-31,Family annual,840,25,815,317.85,Yes
MP002585,M01292,2024,2024-01-01,2024-12-31,Family annual,840,50,790,308.1,Yes
MP002586,M01292,2025,2025-01-01,2025-12-31,Family annual,840,0,840,327.6,Censored
MP002587,M01293,2022,2022-02-06,2022-12-31,Senior annual,390,0,390,140.4,Yes
MP002588,M01293,2023,2023-01-01,2023-12-31,Senior annual,390,0,390,140.4,Yes
MP002589,M01293,2024,2024-01-01,2024-12-31,Senior annual,390,0,390,140.4,Yes
MP002590,M01293,2025,2025-01-01,2025-12-31,Senior annual,390,0,390,140.4,Censored
MP002591,M01294,2023,2023-05-06,2023-12-31,Adult annual,540,25,515,226.6,Yes
MP002592,M01294,2024,2024-01-01,2024-12-31,Adult annual,540,0,540,237.6,Yes
MP002593,M01294,2025,2025-01-01,2025-12-31,Adult annual,540,75,465,204.6,Censored
MP002594,M01295,2025,2025-09-05,2025-12-31,Adult annual,540,25,515,226.6,Censored
MP002595,M01296,2024,2024-10-19,2024-12-31,Senior annual,390,0,390,140.4,Yes
MP002596,M01296,2025,2025-01-01,2025-12-31,Senior annual,390,0,390,140.4,Censored
MP002597,M01297,2022,2022-03-25,2022-12-31,Family annual,840,50,790,308.1,No
MP002598,M01298,2025,2025-01-17,2025-12-31,Monthly flexible,480,50,430,176.3,Censored
MP002599,M01299,2022,2022-04-04,2022-12-31,Adult annual,540,50,490,215.6,Yes
MP002600,M01299,2023,2023-01-01,2023-12-31,Adult annual,540,0,540,237.6,Yes
MP002601,M01299,2024,2024-01-01,2024-12-31,Adult annual,540,75,465,204.6,Yes
MP002602,M01299,2025,2025-01-01,2025-12-31,Adult annual,540,0,540,237.6,Censored
MP002603,M01300,2024,2024-04-29,2024-12-31,Adult annual,540,0,540,237.6,No
MP002604,M01301,2025,2025-08-01,2025-12-31,Monthly flexible,480,25,455,186.55,Censored
MP002605,M01302,2024,2024-09-08,2024-12-31,Family annual,840,0,840,327.6,Yes
MP002606,M01302,2025,2025-01-01,2025-12-31,Family annual,840,0,840,327.6,Censored
MP002607,M01303,2022,2022-04-18,2022-12-31,Senior annual,390,0,390,140.4,No
MP002608,M01304,2024,2024-07-10,2024-12-31,Family annual,840,50,790,308.1,No
MP002609,M01305,2023,2023-06-16,2023-12-31,Youth annual,300,25,275,85.25,Yes
MP002610,M01305,2024,2024-01-01,2024-12-31,Youth annual,300,0,300,93,Yes
MP002611,M01305,2025,2025-01-01,2025-12-31,Youth annual,300,0,300,93,Censored
MP002612,M01306,2024,2024-01-17,2024-12-31,Adult annual,540,0,540,237.6,Yes
MP002613,M01306,2025,2025-01-01,2025-12-31,Adult annual,540,0,540,237.6,Censored
MP002614,M01307,2022,2022-06-27,2022-12-31,Monthly flexible,480,0,480,196.8,No
MP002615,M01308,2024,2024-07-10,2024-12-31,Family annual,840,25,815,317.85,Yes
MP002616,M01308,2025,2025-01-01,2025-12-31,Family annual,840,0,840,327.6,Censored
MP002617,M01309,2023,2023-02-12,2023-12-31,Youth annual,300,0,300,93,Yes
MP002618,M01309,2024,2024-01-01,2024-12-31,Youth annual,300,50,250,77.5,Yes
MP002619,M01309,2025,2025-01-01,2025-12-31,Youth annual,300,50,250,77.5,Censored
MP002620,M01310,2022,2022-07-01,2022-12-31,Monthly flexible,480,0,480,196.8,Yes
MP002621,M01310,2023,2023-01-01,2023-12-31,Monthly flexible,480,0,480,196.8,Yes
MP002622,M01310,2024,2024-01-01,2024-12-31,Monthly flexible,480,0,480,196.8,Yes
MP002623,M01310,2025,2025-01-01,2025-12-31,Monthly flexible,480,0,480,196.8,Censored
MP002624,M01311,2022,2022-01-26,2022-12-31,Adult annual,540,50,490,215.6,Yes
MP002625,M01311,2023,2023-01-01,2023-12-31,Adult annual,540,0,540,237.6,No
MP002626,M01312,2025,2025-06-07,2025-12-31,Adult annual,540,50,490,215.6,Censored
MP002627,M01313,2023,2023-07-25,2023-12-31,Monthly flexible,480,50,430,176.3,Yes
MP002628,M01313,2024,2024-01-01,2024-12-31,Monthly flexible,480,25,455,186.55,Yes
MP002629,M01313,2025,2025-01-01,2025-12-31,Monthly flexible,480,0,480,196.8,Censored
MP002630,M01314,2022,2022-06-16,2022-12-31,Adult annual,540,75,465,204.6,Yes
MP002631,M01314,2023,2023-01-01,2023-12-31,Adult annual,540,50,490,215.6,Yes
MP002632,M01314,2024,2024-01-01,2024-12-31,Adult annual,540,0,540,237.6,Yes
MP002633,M01314,2025,2025-01-01,2025-12-31,Adult annual,540,0,540,237.6,Censored
MP002634,M01315,2022,2022-10-10,2022-12-31,Adult annual,540,75,465,204.6,Yes
MP002635,M01315,2023,2023-01-01,2023-12-31,Adult annual,540,0,540,237.6,Yes
MP002636,M01315,2024,2024-01-01,2024-12-31,Adult annual,540,50,490,215.6,No
MP002637,M01316,2023,2023-01-23,2023-12-31,Adult annual,540,0,540,237.6,Yes
MP002638,M01316,2024,2024-01-01,2024-12-31,Adult annual,540,0,540,237.6,Yes
MP002639,M01316,2025,2025-01-01,2025-12-31,Adult annual,540,0,540,237.6,Censored
MP002640,M01317,2024,2024-04-24,2024-12-31,Adult annual,540,0,540,237.6,Yes
MP002641,M01317,2025,2025-01-01,2025-12-31,Adult annual,540,0,540,237.6,Censored
MP002642,M01318,2023,2023-06-28,2023-12-31,Senior annual,390,0,390,140.4,Yes
MP002643,M01318,2024,2024-01-01,2024-12-31,Senior annual,390,0,390,140.4,Yes
MP002644,M01318,2025,2025-01-01,2025-12-31,Senior annual,390,75,315,113.4,Censored
MP002645,M01319,2022,2022-11-24,2022-12-31,Family annual,840,75,765,298.35,Yes
MP002646,M01319,2023,2023-01-01,2023-12-31,Family annual,840,50,790,308.1,No
MP002647,M01320,2024,2024-09-29,2024-12-31,Adult annual,540,0,540,237.6,Yes
MP002648,M01320,2025,2025-01-01,2025-12-31,Adult annual,540,0,540,237.6,Censored
MP002649,M01321,2023,2023-10-29,2023-12-31,Family annual,840,75,765,298.35,No
MP002650,M01322,2025,2025-04-01,2025-12-31,Adult annual,540,25,515,226.6,Censored
MP002651,M01323,2022,2022-07-19,2022-12-31,Adult annual,540,0,540,237.6,Yes
MP002652,M01323,2023,2023-01-01,2023-12-31,Adult annual,540,75,465,204.6,Yes
MP002653,M01323,2024,2024-01-01,2024-12-31,Adult annual,540,50,490,215.6,Yes
MP002654,M01323,2025,2025-01-01,2025-12-31,Adult annual,540,0,540,237.6,Censored
MP002655,M01324,2024,2024-11-08,2024-12-31,Family annual,840,50,790,308.1,No
MP002656,M01325,2022,2022-07-14,2022-12-31,Monthly flexible,480,0,480,196.8,No
MP002657,M01326,2022,2022-02-28,2022-12-31,Family annual,840,50,790,308.1,Yes
MP002658,M01326,2023,2023-01-01,2023-12-31,Family annual,840,0,840,327.6,No
MP002659,M01327,2022,2022-10-06,2022-12-31,Adult annual,540,25,515,226.6,No
MP002660,M01328,2025,2025-07-26,2025-12-31,Family annual,840,75,765,298.35,Censored
MP002661,M01329,2023,2023-01-30,2023-12-31,Family annual,840,25,815,317.85,Yes
MP002662,M01329,2024,2024-01-01,2024-12-31,Family annual,840,0,840,327.6,Yes
MP002663,M01329,2025,2025-01-01,2025-12-31,Family annual,840,0,840,327.6,Censored
MP002664,M01330,2024,2024-08-06,2024-12-31,Youth annual,300,50,250,77.5,No
MP002665,M01331,2023,2023-02-12,2023-12-31,Adult annual,540,0,540,237.6,Yes
MP002666,M01331,2024,2024-01-01,2024-12-31,Adult annual,540,0,540,237.6,Yes
MP002667,M01331,2025,2025-01-01,2025-12-31,Adult annual,540,50,490,215.6,Censored
MP002668,M01332,2023,2023-05-13,2023-12-31,Adult annual,540,0,540,237.6,Yes
MP002669,M01332,2024,2024-01-01,2024-12-31,Adult annual,540,0,540,237.6,Yes
MP002670,M01332,2025,2025-01-01,2025-12-31,Adult annual,540,75,465,204.6,Censored
MP002671,M01333,2022,2022-02-07,2022-12-31,Youth annual,300,25,275,85.25,No
MP002672,M01334,2024,2024-09-16,2024-12-31,Monthly flexible,480,50,430,176.3,Yes
MP002673,M01334,2025,2025-01-01,2025-12-31,Monthly flexible,480,0,480,196.8,Censored
MP002674,M01335,2025,2025-04-13,2025-12-31,Adult annual,540,0,540,237.6,Censored
MP002675,M01336,2023,2023-03-30,2023-12-31,Adult annual,540,0,540,237.6,Yes
MP002676,M01336,2024,2024-01-01,2024-12-31,Adult annual,540,50,490,215.6,No
MP002677,M01337,2022,2022-05-24,2022-12-31,Monthly flexible,480,0,480,196.8,Yes
MP002678,M01337,2023,2023-01-01,2023-12-31,Monthly flexible,480,0,480,196.8,Yes
MP002679,M01337,2024,2024-01-01,2024-12-31,Monthly flexible,480,0,480,196.8,Yes
MP002680,M01337,2025,2025-01-01,2025-12-31,Monthly flexible,480,0,480,196.8,Censored
MP002681,M01338,2022,2022-02-13,2022-12-31,Youth annual,300,50,250,77.5,No
MP002682,M01339,2022,2022-08-21,2022-12-31,Youth annual,300,0,300,93,Yes
MP002683,M01339,2023,2023-01-01,2023-12-31,Youth annual,300,0,300,93,Yes
MP002684,M01339,2024,2024-01-01,2024-12-31,Youth annual,300,0,300,93,Yes
MP002685,M01339,2025,2025-01-01,2025-12-31,Youth annual,300,0,300,93,Censored
MP002686,M01340,2024,2024-03-09,2024-12-31,Adult annual,540,25,515,226.6,No
MP002687,M01341,2022,2022-01-05,2022-12-31,Family annual,840,0,840,327.6,Yes
MP002688,M01341,2023,2023-01-01,2023-12-31,Family annual,840,75,765,298.35,Yes
MP002689,M01341,2024,2024-01-01,2024-12-31,Family annual,840,0,840,327.6,Yes
MP002690,M01341,2025,2025-01-01,2025-12-31,Family annual,840,0,840,327.6,Censored
MP002691,M01342,2025,2025-10-15,2025-12-31,Youth annual,300,0,300,93,Censored
MP002692,M01343,2025,2025-08-15,2025-12-31,Adult annual,540,0,540,237.6,Censored
MP002693,M01344,2024,2024-08-31,2024-12-31,Adult annual,540,0,540,237.6,Yes
MP002694,M01344,2025,2025-01-01,2025-12-31,Adult annual,540,0,540,237.6,Censored
MP002695,M01345,2022,2022-03-25,2022-12-31,Family annual,840,50,790,308.1,Yes
MP002696,M01345,2023,2023-01-01,2023-12-31,Family annual,840,0,840,327.6,Yes
MP002697,M01345,2024,2024-01-01,2024-12-31,Family annual,840,0,840,327.6,Yes
MP002698,M01345,2025,2025-01-01,2025-12-31,Family annual,840,0,840,327.6,Censored
MP002699,M01346,2024,2024-05-08,2024-12-31,Family annual,840,50,790,308.1,Yes
MP002700,M01346,2025,2025-01-01,2025-12-31,Family annual,840,0,840,327.6,Censored
MP002701,M01347,2024,2024-01-08,2024-12-31,Monthly flexible,480,0,480,196.8,No
MP002702,M01348,2023,2023-04-09,2023-12-31,Adult annual,540,0,540,237.6,Yes
MP002703,M01348,2024,2024-01-01,2024-12-31,Adult annual,540,0,540,237.6,Yes
MP002704,M01348,2025,2025-01-01,2025-12-31,Adult annual,540,0,540,237.6,Censored
MP002705,M01349,2023,2023-03-03,2023-12-31,Adult annual,540,0,540,237.6,Yes
MP002706,M01349,2024,2024-01-01,2024-12-31,Adult annual,540,0,540,237.6,Yes
MP002707,M01349,2025,2025-01-01,2025-12-31,Adult annual,540,0,540,237.6,Censored
MP002708,M01350,2023,2023-10-15,2023-12-31,Adult annual,540,0,540,237.6,Yes
MP002709,M01350,2024,2024-01-01,2024-12-31,Adult annual,540,0,540,237.6,No
MP002710,M01351,2023,2023-04-06,2023-12-31,Family annual,840,0,840,327.6,Yes
MP002711,M01351,2024,2024-01-01,2024-12-31,Family annual,840,0,840,327.6,Yes
MP002712,M01351,2025,2025-01-01,2025-12-31,Family annual,840,0,840,327.6,Censored
MP002713,M01352,2022,2022-04-04,2022-12-31,Adult annual,540,0,540,237.6,Yes
MP002714,M01352,2023,2023-01-01,2023-12-31,Adult annual,540,0,540,237.6,Yes
MP002715,M01352,2024,2024-01-01,2024-12-31,Adult annual,540,0,540,237.6,Yes
MP002716,M01352,2025,2025-01-01,2025-12-31,Adult annual,540,0,540,237.6,Censored
MP002717,M01353,2025,2025-10-17,2025-12-31,Adult annual,540,50,490,215.6,Censored
MP002718,M01354,2023,2023-11-11,2023-12-31,Monthly flexible,480,0,480,196.8,Yes
MP002719,M01354,2024,2024-01-01,2024-12-31,Monthly flexible,480,0,480,196.8,Yes
MP002720,M01354,2025,2025-01-01,2025-12-31,Monthly flexible,480,0,480,196.8,Censored
MP002721,M01355,2024,2024-01-10,2024-12-31,Monthly flexible,480,0,480,196.8,Yes
MP002722,M01355,2025,2025-01-01,2025-12-31,Monthly flexible,480,0,480,196.8,Censored
MP002723,M01356,2023,2023-02-04,2023-12-31,Adult annual,540,0,540,237.6,Yes
MP002724,M01356,2024,2024-01-01,2024-12-31,Adult annual,540,0,540,237.6,Yes
MP002725,M01356,2025,2025-01-01,2025-12-31,Adult annual,540,0,540,237.6,Censored
MP002726,M01357,2022,2022-09-29,2022-12-31,Monthly flexible,480,50,430,176.3,No
MP002727,M01358,2025,2025-06-23,2025-12-31,Monthly flexible,480,0,480,196.8,Censored
MP002728,M01359,2022,2022-10-21,2022-12-31,Monthly flexible,480,50,430,176.3,No
MP002729,M01360,2024,2024-03-22,2024-12-31,Adult annual,540,0,540,237.6,Yes
MP002730,M01360,2025,2025-01-01,2025-12-31,Adult annual,540,0,540,237.6,Censored
MP002731,M01361,2023,2023-03-26,2023-12-31,Monthly flexible,480,0,480,196.8,Yes
MP002732,M01361,2024,2024-01-01,2024-12-31,Monthly flexible,480,0,480,196.8,Yes
MP002733,M01361,2025,2025-01-01,2025-12-31,Monthly flexible,480,0,480,196.8,Censored
MP002734,M01362,2025,2025-10-16,2025-12-31,Adult annual,540,0,540,237.6,Censored
MP002735,M01363,2022,2022-02-19,2022-12-31,Adult annual,540,0,540,237.6,Yes
MP002736,M01363,2023,2023-01-01,2023-12-31,Adult annual,540,0,540,237.6,Yes
MP002737,M01363,2024,2024-01-01,2024-12-31,Adult annual,540,50,490,215.6,Yes
MP002738,M01363,2025,2025-01-01,2025-12-31,Adult annual,540,0,540,237.6,Censored
MP002739,M01364,2023,2023-05-26,2023-12-31,Adult annual,540,75,465,204.6,Yes
MP002740,M01364,2024,2024-01-01,2024-12-31,Adult annual,540,50,490,215.6,Yes
MP002741,M01364,2025,2025-01-01,2025-12-31,Adult annual,540,0,540,237.6,Censored
MP002742,M01365,2024,2024-02-05,2024-12-31,Family annual,840,0,840,327.6,Yes
MP002743,M01365,2025,2025-01-01,2025-12-31,Family annual,840,0,840,327.6,Censored
MP002744,M01366,2023,2023-08-21,2023-12-31,Family annual,840,0,840,327.6,Yes
MP002745,M01366,2024,2024-01-01,2024-12-31,Family annual,840,0,840,327.6,Yes
MP002746,M01366,2025,2025-01-01,2025-12-31,Family annual,840,25,815,317.85,Censored
MP002747,M01367,2023,2023-05-25,2023-12-31,Adult annual,540,0,540,237.6,Yes
MP002748,M01367,2024,2024-01-01,2024-12-31,Adult annual,540,50,490,215.6,Yes
MP002749,M01367,2025,2025-01-01,2025-12-31,Adult annual,540,25,515,226.6,Censored
MP002750,M01368,2023,2023-03-14,2023-12-31,Monthly flexible,480,0,480,196.8,Yes
MP002751,M01368,2024,2024-01-01,2024-12-31,Monthly flexible,480,0,480,196.8,Yes
MP002752,M01368,2025,2025-01-01,2025-12-31,Monthly flexible,480,50,430,176.3,Censored
MP002753,M01369,2022,2022-09-03,2022-12-31,Youth annual,300,0,300,93,No
MP002754,M01370,2022,2022-11-03,2022-12-31,Family annual,840,0,840,327.6,No
MP002755,M01371,2024,2024-10-29,2024-12-31,Adult annual,540,0,540,237.6,Yes
MP002756,M01371,2025,2025-01-01,2025-12-31,Adult annual,540,50,490,215.6,Censored
MP002757,M01372,2024,2024-02-15,2024-12-31,Adult annual,540,50,490,215.6,No
MP002758,M01373,2022,2022-05-18,2022-12-31,Family annual,840,0,840,327.6,Yes
MP002759,M01373,2023,2023-01-01,2023-12-31,Family annual,840,0,840,327.6,Yes
MP002760,M01373,2024,2024-01-01,2024-12-31,Family annual,840,0,840,327.6,Yes
MP002761,M01373,2025,2025-01-01,2025-12-31,Family annual,840,25,815,317.85,Censored
MP002762,M01374,2024,2024-03-19,2024-12-31,Youth annual,300,0,300,93,Yes
MP002763,M01374,2025,2025-01-01,2025-12-31,Youth annual,300,25,275,85.25,Censored
MP002764,M01375,2023,2023-01-16,2023-12-31,Adult annual,540,0,540,237.6,Yes
MP002765,M01375,2024,2024-01-01,2024-12-31,Adult annual,540,0,540,237.6,Yes
MP002766,M01375,2025,2025-01-01,2025-12-31,Adult annual,540,25,515,226.6,Censored
MP002767,M01376,2022,2022-08-24,2022-12-31,Family annual,840,0,840,327.6,No
MP002768,M01377,2022,2022-01-12,2022-12-31,Senior annual,390,0,390,140.4,Yes
MP002769,M01377,2023,2023-01-01,2023-12-31,Senior annual,390,25,365,131.4,Yes
MP002770,M01377,2024,2024-01-01,2024-12-31,Senior annual,390,0,390,140.4,Yes
MP002771,M01377,2025,2025-01-01,2025-12-31,Senior annual,390,0,390,140.4,Censored
MP002772,M01378,2024,2024-11-02,2024-12-31,Monthly flexible,480,0,480,196.8,No
MP002773,M01379,2024,2024-10-30,2024-12-31,Family annual,840,25,815,317.85,Yes
MP002774,M01379,2025,2025-01-01,2025-12-31,Family annual,840,0,840,327.6,Censored
MP002775,M01380,2024,2024-03-09,2024-12-31,Adult annual,540,75,465,204.6,Yes
MP002776,M01380,2025,2025-01-01,2025-12-31,Adult annual,540,0,540,237.6,Censored
MP002777,M01381,2024,2024-08-03,2024-12-31,Family annual,840,0,840,327.6,Yes
MP002778,M01381,2025,2025-01-01,2025-12-31,Family annual,840,0,840,327.6,Censored
MP002779,M01382,2025,2025-04-06,2025-12-31,Monthly flexible,480,0,480,196.8,Censored
MP002780,M01383,2023,2023-09-26,2023-12-31,Family annual,840,0,840,327.6,Yes
MP002781,M01383,2024,2024-01-01,2024-12-31,Family annual,840,50,790,308.1,Yes
MP002782,M01383,2025,2025-01-01,2025-12-31,Family annual,840,0,840,327.6,Censored
MP002783,M01384,2024,2024-03-09,2024-12-31,Adult annual,540,0,540,237.6,Yes
MP002784,M01384,2025,2025-01-01,2025-12-31,Adult annual,540,0,540,237.6,Censored
MP002785,M01385,2022,2022-11-15,2022-12-31,Family annual,840,25,815,317.85,Yes
MP002786,M01385,2023,2023-01-01,2023-12-31,Family annual,840,75,765,298.35,Yes
MP002787,M01385,2024,2024-01-01,2024-12-31,Family annual,840,75,765,298.35,Yes
MP002788,M01385,2025,2025-01-01,2025-12-31,Family annual,840,0,840,327.6,Censored
MP002789,M01386,2022,2022-04-19,2022-12-31,Adult annual,540,0,540,237.6,Yes
MP002790,M01386,2023,2023-01-01,2023-12-31,Adult annual,540,75,465,204.6,Yes
MP002791,M01386,2024,2024-01-01,2024-12-31,Adult annual,540,0,540,237.6,Yes
MP002792,M01386,2025,2025-01-01,2025-12-31,Adult annual,540,0,540,237.6,Censored
MP002793,M01387,2022,2022-01-29,2022-12-31,Adult annual,540,0,540,237.6,No
MP002794,M01388,2025,2025-06-17,2025-12-31,Family annual,840,0,840,327.6,Censored
MP002795,M01389,2022,2022-05-08,2022-12-31,Adult annual,540,25,515,226.6,Yes
MP002796,M01389,2023,2023-01-01,2023-12-31,Adult annual,540,0,540,237.6,No
MP002797,M01390,2024,2024-05-28,2024-12-31,Senior annual,390,0,390,140.4,No
MP002798,M01391,2024,2024-06-18,2024-12-31,Family annual,840,0,840,327.6,Yes
MP002799,M01391,2025,2025-01-01,2025-12-31,Family annual,840,50,790,308.1,Censored
MP002800,M01392,2024,2024-02-23,2024-12-31,Family annual,840,25,815,317.85,Yes
MP002801,M01392,2025,2025-01-01,2025-12-31,Family annual,840,50,790,308.1,Censored
MP002802,M01393,2024,2024-10-03,2024-12-31,Senior annual,390,75,315,113.4,Yes
MP002803,M01393,2025,2025-01-01,2025-12-31,Senior annual,390,75,315,113.4,Censored
MP002804,M01394,2024,2024-01-30,2024-12-31,Adult annual,540,0,540,237.6,Yes
MP002805,M01394,2025,2025-01-01,2025-12-31,Adult annual,540,0,540,237.6,Censored
MP002806,M01395,2024,2024-09-19,2024-12-31,Adult annual,540,25,515,226.6,Yes
MP002807,M01395,2025,2025-01-01,2025-12-31,Adult annual,540,0,540,237.6,Censored
MP002808,M01396,2025,2025-01-28,2025-12-31,Family annual,840,0,840,327.6,Censored
MP002809,M01397,2025,2025-04-17,2025-12-31,Monthly flexible,480,0,480,196.8,Censored
MP002810,M01398,2022,2022-10-19,2022-12-31,Adult annual,540,50,490,215.6,No
MP002811,M01399,2022,2022-08-31,2022-12-31,Monthly flexible,480,25,455,186.55,Yes
MP002812,M01399,2023,2023-01-01,2023-12-31,Monthly flexible,480,50,430,176.3,Yes
MP002813,M01399,2024,2024-01-01,2024-12-31,Monthly flexible,480,0,480,196.8,No
MP002814,M01400,2023,2023-05-06,2023-12-31,Senior annual,390,75,315,113.4,Yes
MP002815,M01400,2024,2024-01-01,2024-12-31,Senior annual,390,25,365,131.4,Yes
MP002816,M01400,2025,2025-01-01,2025-12-31,Senior annual,390,50,340,122.4,Censored
