response_id,campaign_id,member_id,contacted,clicked_or_engaged,converted_membership,attributed_revenue
CR0000001,C001,M00405,Yes,No,No,0
CR0000002,C001,M00208,Yes,No,No,0
CR0000003,C001,M00959,Yes,No,No,0
CR0000004,C001,M00070,Yes,No,No,0
CR0000005,C001,M00357,Yes,No,No,0
CR0000006,C001,M01183,Yes,No,No,0
CR0000007,C001,M00343,Yes,Yes,No,0
CR0000008,C001,M00502,Yes,No,No,0
CR0000009,C001,M00103,Yes,No,No,0
CR0000010,C001,M00725,Yes,No,No,0
CR0000011,C001,M01047,Yes,No,No,0
CR0000012,C001,M01055,Yes,Yes,No,0
CR0000013,C001,M00508,Yes,Yes,No,0
CR0000014,C001,M00846,Yes,No,No,0
CR0000015,C001,M01159,Yes,No,No,0
CR0000016,C001,M00130,Yes,Yes,No,0
CR0000017,C001,M01064,Yes,No,No,0
CR0000018,C001,M00220,Yes,No,No,0
CR0000019,C001,M00380,Yes,Yes,No,0
CR0000020,C001,M01391,Yes,No,No,0
CR0000021,C001,M01322,Yes,No,No,0
CR0000022,C001,M00095,Yes,No,No,0
CR0000023,C001,M00931,Yes,No,No,0
CR0000024,C001,M00003,Yes,No,Yes,540
CR0000025,C001,M01383,Yes,No,No,0
CR0000026,C001,M00093,Yes,Yes,No,0
CR0000027,C001,M00837,Yes,No,No,0
CR0000028,C001,M01145,Yes,No,No,0
CR0000029,C001,M00276,Yes,No,No,0
CR0000030,C001,M00098,Yes,No,No,0
CR0000031,C001,M00428,Yes,No,No,0
CR0000032,C001,M00083,Yes,No,No,0
CR0000033,C001,M00064,Yes,Yes,No,0
CR0000034,C001,M00154,Yes,No,No,0
CR0000035,C001,M01124,Yes,No,No,0
CR0000036,C001,M00051,Yes,No,Yes,480
CR0000037,C001,M00362,Yes,No,No,0
CR0000038,C001,M01200,Yes,No,No,0
CR0000039,C001,M00035,Yes,No,No,0
CR0000040,C001,M01092,Yes,No,No,0
CR0000041,C001,M00239,Yes,No,No,0
CR0000042,C001,M00728,Yes,No,No,0
CR0000043,C001,M00878,Yes,No,No,0
CR0000044,C001,M00959,Yes,No,No,0
CR0000045,C001,M00184,Yes,No,No,0
CR0000046,C001,M00609,Yes,No,No,0
CR0000047,C001,M01053,Yes,No,No,0
CR0000048,C001,M00851,Yes,No,No,0
CR0000049,C001,M00459,Yes,Yes,No,0
CR0000050,C001,M00774,Yes,No,No,0
CR0000051,C001,M00887,Yes,No,No,0
CR0000052,C001,M01025,Yes,No,No,0
CR0000053,C001,M01230,Yes,Yes,No,0
CR0000054,C001,M00809,Yes,No,Yes,540
CR0000055,C001,M01299,Yes,No,No,0
CR0000056,C001,M00968,Yes,No,No,0
CR0000057,C001,M00341,Yes,No,No,0
CR0000058,C001,M01009,Yes,Yes,No,0
CR0000059,C001,M00403,Yes,Yes,No,0
CR0000060,C001,M00361,Yes,Yes,No,0
CR0000061,C001,M00066,Yes,No,No,0
CR0000062,C001,M00278,Yes,Yes,No,0
CR0000063,C001,M00998,Yes,No,No,0
CR0000064,C001,M00057,Yes,No,No,0
CR0000065,C001,M01007,Yes,No,No,0
CR0000066,C001,M00079,Yes,No,No,0
CR0000067,C001,M00155,Yes,No,No,0
CR0000068,C001,M00933,Yes,No,No,0
CR0000069,C001,M01286,Yes,No,No,0
CR0000070,C001,M00943,Yes,No,No,0
CR0000071,C001,M00031,Yes,No,No,0
CR0000072,C001,M00575,Yes,No,No,0
CR0000073,C001,M00985,Yes,No,Yes,480
CR0000074,C001,M00291,Yes,No,No,0
CR0000075,C001,M00916,Yes,Yes,No,0
CR0000076,C001,M01194,Yes,No,No,0
CR0000077,C001,M01400,Yes,No,No,0
CR0000078,C001,M00485,Yes,No,No,0
CR0000079,C001,M01394,Yes,Yes,No,0
CR0000080,C001,M00784,Yes,No,No,0
CR0000081,C001,M01029,Yes,No,No,0
CR0000082,C001,M00558,Yes,No,No,0
CR0000083,C001,M01334,Yes,No,No,0
CR0000084,C001,M01125,Yes,No,No,0
CR0000085,C001,M01385,Yes,No,No,0
CR0000086,C001,M01169,Yes,No,No,0
CR0000087,C001,M00684,Yes,No,No,0
CR0000088,C001,M00195,Yes,No,No,0
CR0000089,C001,M00266,Yes,Yes,No,0
CR0000090,C001,M01244,Yes,Yes,No,0
CR0000091,C001,M00293,Yes,Yes,No,0
CR0000092,C001,M01377,Yes,No,No,0
CR0000093,C001,M00133,Yes,No,No,0
CR0000094,C001,M00553,Yes,No,No,0
CR0000095,C001,M00453,Yes,No,No,0
CR0000096,C001,M00631,Yes,Yes,No,0
CR0000097,C001,M01256,Yes,No,No,0
CR0000098,C001,M00700,Yes,No,No,0
CR0000099,C001,M00707,Yes,Yes,No,0
CR0000100,C001,M00040,Yes,No,No,0
CR0000101,C001,M00925,Yes,No,No,0
CR0000102,C001,M00470,Yes,No,No,0
CR0000103,C001,M00649,Yes,Yes,No,0
CR0000104,C001,M00623,Yes,Yes,No,0
CR0000105,C001,M00182,Yes,No,No,0
CR0000106,C001,M00217,Yes,Yes,No,0
CR0000107,C001,M01321,Yes,No,No,0
CR0000108,C001,M00643,Yes,No,No,0
CR0000109,C001,M00568,Yes,Yes,No,0
CR0000110,C001,M01293,Yes,Yes,No,0
CR0000111,C001,M00482,Yes,No,No,0
CR0000112,C001,M00620,Yes,No,No,0
CR0000113,C001,M00815,Yes,No,No,0
CR0000114,C001,M00016,Yes,No,No,0
CR0000115,C001,M00982,Yes,No,No,0
CR0000116,C001,M00813,Yes,No,No,0
CR0000117,C001,M00177,Yes,No,No,0
CR0000118,C001,M00342,Yes,No,No,0
CR0000119,C001,M01330,Yes,No,No,0
CR0000120,C001,M00610,Yes,No,No,0
CR0000121,C001,M01363,Yes,Yes,Yes,540
CR0000122,C001,M01087,Yes,No,No,0
CR0000123,C001,M00194,Yes,No,No,0
CR0000124,C001,M01034,Yes,Yes,No,0
CR0000125,C001,M00536,Yes,No,No,0
CR0000126,C001,M00049,Yes,No,No,0
CR0000127,C001,M01017,Yes,Yes,No,0
CR0000128,C001,M00010,Yes,No,No,0
CR0000129,C001,M00465,Yes,No,No,0
CR0000130,C001,M00709,Yes,No,No,0
CR0000131,C001,M01332,Yes,No,Yes,540
CR0000132,C001,M00630,Yes,No,No,0
CR0000133,C001,M00900,Yes,No,No,0
CR0000134,C001,M00043,Yes,No,No,0
CR0000135,C001,M00623,Yes,No,No,0
CR0000136,C001,M01186,Yes,Yes,No,0
CR0000137,C001,M01075,Yes,No,No,0
CR0000138,C001,M00910,Yes,No,No,0
CR0000139,C001,M00759,Yes,No,No,0
CR0000140,C001,M01184,Yes,No,No,0
CR0000141,C001,M00482,Yes,No,No,0
CR0000142,C001,M00368,Yes,No,No,0
CR0000143,C001,M01244,Yes,Yes,No,0
CR0000144,C001,M00408,Yes,No,No,0
CR0000145,C001,M00306,Yes,No,No,0
CR0000146,C001,M00168,Yes,Yes,No,0
CR0000147,C001,M00189,Yes,Yes,No,0
CR0000148,C001,M00318,Yes,Yes,No,0
CR0000149,C001,M00653,Yes,No,No,0
CR0000150,C001,M00336,Yes,No,No,0
CR0000151,C001,M01005,Yes,No,No,0
CR0000152,C001,M00018,Yes,No,No,0
CR0000153,C001,M01219,Yes,No,No,0
CR0000154,C001,M00480,Yes,Yes,No,0
CR0000155,C001,M00793,Yes,No,No,0
CR0000156,C001,M01329,Yes,No,No,0
CR0000157,C001,M01030,Yes,Yes,No,0
CR0000158,C001,M00337,Yes,No,No,0
CR0000159,C001,M00853,Yes,No,No,0
CR0000160,C001,M00282,Yes,Yes,No,0
CR0000161,C001,M01293,Yes,No,No,0
CR0000162,C001,M01176,Yes,No,No,0
CR0000163,C001,M01027,Yes,No,No,0
CR0000164,C001,M00155,Yes,No,No,0
CR0000165,C001,M00229,Yes,No,No,0
CR0000166,C001,M00578,Yes,Yes,No,0
CR0000167,C001,M00538,Yes,Yes,No,0
CR0000168,C001,M01053,Yes,No,No,0
CR0000169,C001,M00777,Yes,No,No,0
CR0000170,C001,M01266,Yes,No,No,0
CR0000171,C001,M01348,Yes,No,No,0
CR0000172,C001,M00069,Yes,Yes,No,0
CR0000173,C001,M00320,Yes,Yes,No,0
CR0000174,C001,M01351,Yes,No,No,0
CR0000175,C001,M00376,Yes,No,No,0
CR0000176,C001,M00158,Yes,No,No,0
CR0000177,C001,M00427,Yes,No,No,0
CR0000178,C001,M00672,Yes,No,No,0
CR0000179,C001,M01086,Yes,No,No,0
CR0000180,C001,M01096,Yes,No,No,0
CR0000181,C001,M00729,Yes,No,No,0
CR0000182,C001,M00921,Yes,Yes,No,0
CR0000183,C001,M00168,Yes,Yes,No,0
CR0000184,C001,M00220,Yes,No,No,0
CR0000185,C001,M00774,Yes,Yes,No,0
CR0000186,C001,M00540,Yes,No,No,0
CR0000187,C001,M00715,Yes,Yes,No,0
CR0000188,C001,M00508,Yes,Yes,No,0
CR0000189,C001,M01274,Yes,Yes,No,0
CR0000190,C001,M00795,Yes,No,No,0
CR0000191,C001,M00047,Yes,No,No,0
CR0000192,C001,M00588,Yes,Yes,No,0
CR0000193,C001,M00287,Yes,No,No,0
CR0000194,C001,M00245,Yes,No,No,0
CR0000195,C001,M01130,Yes,No,No,0
CR0000196,C001,M00692,Yes,No,No,0
CR0000197,C001,M00368,Yes,Yes,No,0
CR0000198,C001,M01307,Yes,No,No,0
CR0000199,C001,M00250,Yes,Yes,No,0
CR0000200,C001,M01196,Yes,No,No,0
CR0000201,C001,M01188,Yes,No,No,0
CR0000202,C001,M00580,Yes,No,No,0
CR0000203,C001,M00379,Yes,No,No,0
CR0000204,C001,M00296,Yes,No,No,0
CR0000205,C001,M00981,Yes,Yes,No,0
CR0000206,C001,M01325,Yes,No,Yes,480
CR0000207,C001,M00327,Yes,No,No,0
CR0000208,C001,M00281,Yes,No,No,0
CR0000209,C001,M01165,Yes,No,No,0
CR0000210,C001,M01354,Yes,No,No,0
CR0000211,C001,M00696,Yes,No,No,0
CR0000212,C001,M00337,Yes,No,No,0
CR0000213,C001,M01119,Yes,No,No,0
CR0000214,C001,M00195,Yes,No,Yes,840
CR0000215,C001,M00521,Yes,No,Yes,540
CR0000216,C001,M00299,Yes,Yes,No,0
CR0000217,C001,M00101,Yes,No,No,0
CR0000218,C001,M00329,Yes,No,No,0
CR0000219,C001,M00013,Yes,No,No,0
CR0000220,C001,M00367,Yes,No,No,0
CR0000221,C001,M00238,Yes,No,No,0
CR0000222,C001,M01047,Yes,No,No,0
CR0000223,C001,M00570,Yes,Yes,No,0
CR0000224,C001,M00501,Yes,No,No,0
CR0000225,C001,M00988,Yes,No,No,0
CR0000226,C001,M00713,Yes,No,No,0
CR0000227,C001,M00736,Yes,No,No,0
CR0000228,C001,M00227,Yes,No,Yes,390
CR0000229,C001,M00587,Yes,Yes,No,0
CR0000230,C001,M00887,Yes,No,No,0
CR0000231,C002,M00371,Yes,No,No,0
CR0000232,C002,M00072,Yes,No,No,0
CR0000233,C002,M01371,Yes,No,No,0
CR0000234,C002,M00526,Yes,No,Yes,390
CR0000235,C002,M01109,Yes,No,No,0
CR0000236,C002,M00016,Yes,No,No,0
CR0000237,C002,M01086,Yes,No,No,0
CR0000238,C002,M00320,Yes,Yes,No,0
CR0000239,C002,M00069,Yes,No,Yes,390
CR0000240,C002,M00333,Yes,No,No,0
CR0000241,C002,M00040,Yes,No,No,0
CR0000242,C002,M01124,Yes,No,No,0
CR0000243,C002,M00297,Yes,No,No,0
CR0000244,C002,M00131,Yes,No,No,0
CR0000245,C002,M00783,Yes,Yes,No,0
CR0000246,C002,M00603,Yes,No,Yes,390
CR0000247,C002,M01184,Yes,No,No,0
CR0000248,C002,M01288,Yes,No,No,0
CR0000249,C002,M00281,Yes,No,No,0
CR0000250,C002,M00831,Yes,No,No,0
CR0000251,C002,M00880,Yes,No,No,0
CR0000252,C002,M00339,Yes,No,No,0
CR0000253,C002,M01335,Yes,No,No,0
CR0000254,C002,M00481,Yes,No,No,0
CR0000255,C002,M00483,Yes,No,No,0
CR0000256,C002,M00024,Yes,No,No,0
CR0000257,C002,M00626,Yes,No,No,0
CR0000258,C002,M00767,Yes,No,Yes,480
CR0000259,C002,M00115,Yes,No,No,0
CR0000260,C002,M00423,Yes,No,No,0
CR0000261,C002,M00547,Yes,No,No,0
CR0000262,C002,M00152,Yes,No,No,0
CR0000263,C002,M00260,Yes,Yes,No,0
CR0000264,C002,M00670,Yes,No,No,0
CR0000265,C002,M00475,Yes,No,No,0
CR0000266,C002,M00595,Yes,No,No,0
CR0000267,C002,M00775,Yes,No,No,0
CR0000268,C002,M00768,Yes,No,Yes,540
CR0000269,C002,M00866,Yes,No,No,0
CR0000270,C002,M00539,Yes,No,No,0
CR0000271,C002,M00137,Yes,Yes,No,0
CR0000272,C002,M00891,Yes,No,No,0
CR0000273,C002,M01149,Yes,No,No,0
CR0000274,C002,M00658,Yes,No,No,0
CR0000275,C002,M00048,Yes,Yes,No,0
CR0000276,C002,M00026,Yes,No,No,0
CR0000277,C002,M00376,Yes,Yes,No,0
CR0000278,C002,M00743,Yes,No,Yes,300
CR0000279,C002,M01387,Yes,No,No,0
CR0000280,C002,M01099,Yes,No,No,0
CR0000281,C002,M01097,Yes,No,No,0
CR0000282,C002,M00560,Yes,No,Yes,840
CR0000283,C002,M00702,Yes,Yes,No,0
CR0000284,C002,M00892,Yes,Yes,No,0
CR0000285,C002,M01370,Yes,Yes,No,0
CR0000286,C002,M01342,Yes,No,No,0
CR0000287,C002,M00786,Yes,No,No,0
CR0000288,C002,M01032,Yes,No,No,0
CR0000289,C002,M00918,Yes,No,No,0
CR0000290,C002,M00520,Yes,No,No,0
CR0000291,C002,M00927,Yes,Yes,No,0
CR0000292,C002,M00703,Yes,No,No,0
CR0000293,C002,M00552,Yes,No,No,0
CR0000294,C002,M00365,Yes,No,Yes,840
CR0000295,C002,M00559,Yes,No,No,0
CR0000296,C002,M00115,Yes,No,No,0
CR0000297,C002,M00441,Yes,No,No,0
CR0000298,C002,M01210,Yes,No,No,0
CR0000299,C002,M01073,Yes,No,No,0
CR0000300,C002,M00076,Yes,No,Yes,480
CR0000301,C002,M00994,Yes,No,No,0
CR0000302,C002,M00190,Yes,No,No,0
CR0000303,C002,M01003,Yes,No,No,0
CR0000304,C002,M00903,Yes,No,No,0
CR0000305,C002,M00735,Yes,No,No,0
CR0000306,C002,M00714,Yes,No,Yes,540
CR0000307,C002,M01280,Yes,No,No,0
CR0000308,C002,M00089,Yes,No,No,0
CR0000309,C002,M00199,Yes,No,No,0
CR0000310,C002,M00804,Yes,No,No,0
CR0000311,C002,M01101,Yes,No,No,0
CR0000312,C002,M00874,Yes,No,No,0
CR0000313,C002,M01396,Yes,Yes,No,0
CR0000314,C002,M00318,Yes,No,No,0
CR0000315,C002,M01012,Yes,No,No,0
CR0000316,C002,M00624,Yes,No,No,0
CR0000317,C002,M00809,Yes,No,No,0
CR0000318,C002,M01228,Yes,No,No,0
CR0000319,C002,M00764,Yes,No,No,0
CR0000320,C002,M01349,Yes,No,No,0
CR0000321,C002,M00028,Yes,No,No,0
CR0000322,C002,M00578,Yes,No,No,0
CR0000323,C002,M00084,Yes,No,No,0
CR0000324,C002,M01095,Yes,Yes,No,0
CR0000325,C002,M00518,Yes,No,No,0
CR0000326,C002,M00001,Yes,No,Yes,540
CR0000327,C002,M00399,Yes,No,Yes,840
CR0000328,C002,M00960,Yes,No,No,0
CR0000329,C002,M00630,Yes,Yes,No,0
CR0000330,C002,M00316,Yes,No,No,0
CR0000331,C002,M01286,Yes,No,No,0
CR0000332,C002,M00851,Yes,No,No,0
CR0000333,C002,M00089,Yes,No,No,0
CR0000334,C002,M00155,Yes,No,No,0
CR0000335,C002,M00861,Yes,No,No,0
CR0000336,C002,M00067,Yes,No,No,0
CR0000337,C002,M00861,Yes,No,No,0
CR0000338,C002,M00638,Yes,No,No,0
CR0000339,C002,M00947,Yes,Yes,No,0
CR0000340,C002,M00859,Yes,Yes,No,0
CR0000341,C002,M01151,Yes,Yes,No,0
CR0000342,C002,M00678,Yes,No,No,0
CR0000343,C002,M00855,Yes,Yes,Yes,540
CR0000344,C002,M00226,Yes,No,No,0
CR0000345,C002,M00079,Yes,Yes,No,0
CR0000346,C002,M00902,Yes,Yes,No,0
CR0000347,C002,M01339,Yes,No,No,0
CR0000348,C002,M01021,Yes,No,No,0
CR0000349,C002,M00606,Yes,No,Yes,540
CR0000350,C002,M00669,Yes,No,Yes,840
CR0000351,C002,M01279,Yes,No,No,0
CR0000352,C002,M00296,Yes,No,No,0
CR0000353,C002,M01370,Yes,No,No,0
CR0000354,C002,M00013,Yes,No,No,0
CR0000355,C002,M01319,Yes,No,No,0
CR0000356,C002,M01353,Yes,Yes,No,0
CR0000357,C002,M01313,Yes,No,No,0
CR0000358,C002,M00743,Yes,Yes,No,0
CR0000359,C002,M00803,Yes,No,No,0
CR0000360,C002,M00034,Yes,No,No,0
CR0000361,C002,M01368,Yes,No,Yes,480
CR0000362,C002,M00281,Yes,No,No,0
CR0000363,C002,M01096,Yes,Yes,No,0
CR0000364,C002,M00405,Yes,No,No,0
CR0000365,C002,M00877,Yes,No,No,0
CR0000366,C002,M00630,Yes,No,No,0
CR0000367,C002,M00393,Yes,No,No,0
CR0000368,C002,M00081,Yes,No,No,0
CR0000369,C002,M00492,Yes,No,No,0
CR0000370,C002,M01342,Yes,Yes,No,0
CR0000371,C002,M00443,Yes,No,No,0
CR0000372,C002,M00251,Yes,Yes,No,0
CR0000373,C002,M00390,Yes,Yes,No,0
CR0000374,C002,M00235,Yes,No,No,0
CR0000375,C002,M00741,Yes,No,No,0
CR0000376,C002,M00200,Yes,Yes,No,0
CR0000377,C002,M00449,Yes,No,No,0
CR0000378,C002,M01040,Yes,Yes,No,0
CR0000379,C002,M00091,Yes,Yes,No,0
CR0000380,C002,M00286,Yes,No,No,0
CR0000381,C002,M00424,Yes,No,No,0
CR0000382,C002,M01211,Yes,No,No,0
CR0000383,C002,M00079,Yes,Yes,No,0
CR0000384,C002,M00157,Yes,No,No,0
CR0000385,C002,M00246,Yes,No,Yes,840
CR0000386,C002,M00607,Yes,No,No,0
CR0000387,C002,M01263,Yes,Yes,No,0
CR0000388,C002,M00949,Yes,No,No,0
CR0000389,C002,M01053,Yes,No,No,0
CR0000390,C002,M00657,Yes,No,No,0
CR0000391,C002,M01151,Yes,Yes,No,0
CR0000392,C002,M00811,Yes,No,No,0
CR0000393,C002,M00293,Yes,No,No,0
CR0000394,C002,M00585,Yes,No,No,0
CR0000395,C002,M00279,Yes,No,No,0
CR0000396,C002,M01028,Yes,No,No,0
CR0000397,C002,M00187,Yes,No,No,0
CR0000398,C002,M00402,Yes,No,Yes,390
CR0000399,C002,M00038,Yes,Yes,No,0
CR0000400,C002,M00535,Yes,No,No,0
CR0000401,C002,M00215,Yes,No,No,0
CR0000402,C002,M00337,Yes,No,No,0
CR0000403,C002,M00392,Yes,No,No,0
CR0000404,C002,M00246,Yes,No,No,0
CR0000405,C002,M00750,Yes,No,Yes,480
CR0000406,C002,M00785,Yes,Yes,No,0
CR0000407,C002,M00761,Yes,No,No,0
CR0000408,C002,M01027,Yes,No,Yes,540
CR0000409,C002,M00403,Yes,No,No,0
CR0000410,C002,M01076,Yes,No,No,0
CR0000411,C002,M01259,Yes,No,No,0
CR0000412,C002,M01391,Yes,No,No,0
CR0000413,C002,M00019,Yes,No,No,0
CR0000414,C002,M00367,Yes,No,No,0
CR0000415,C002,M01331,Yes,Yes,Yes,540
CR0000416,C002,M00064,Yes,No,No,0
CR0000417,C002,M00074,Yes,No,No,0
CR0000418,C002,M00877,Yes,No,No,0
CR0000419,C002,M01315,Yes,No,No,0
CR0000420,C002,M01114,Yes,No,No,0
CR0000421,C002,M00735,Yes,Yes,No,0
CR0000422,C002,M01331,Yes,Yes,No,0
CR0000423,C002,M01034,Yes,No,No,0
CR0000424,C002,M01260,Yes,Yes,No,0
CR0000425,C002,M00139,Yes,No,No,0
CR0000426,C002,M00574,Yes,No,No,0
CR0000427,C002,M00616,Yes,No,No,0
CR0000428,C002,M00204,Yes,No,No,0
CR0000429,C002,M00235,Yes,Yes,Yes,540
CR0000430,C002,M00324,Yes,No,No,0
CR0000431,C002,M00276,Yes,No,No,0
CR0000432,C002,M00914,Yes,No,No,0
CR0000433,C002,M00626,Yes,No,No,0
CR0000434,C002,M01088,Yes,No,No,0
CR0000435,C002,M01106,Yes,No,No,0
CR0000436,C002,M00454,Yes,No,No,0
CR0000437,C002,M00312,Yes,No,No,0
CR0000438,C002,M00142,Yes,Yes,No,0
CR0000439,C002,M00085,Yes,No,No,0
CR0000440,C002,M00048,Yes,No,No,0
CR0000441,C002,M00263,Yes,No,No,0
CR0000442,C002,M01390,Yes,No,No,0
CR0000443,C002,M00346,Yes,No,No,0
CR0000444,C002,M00871,Yes,No,No,0
CR0000445,C002,M00349,Yes,Yes,No,0
CR0000446,C002,M00649,Yes,No,No,0
CR0000447,C002,M00574,Yes,Yes,Yes,540
CR0000448,C002,M00674,Yes,No,No,0
CR0000449,C002,M01294,Yes,No,No,0
CR0000450,C002,M01043,Yes,No,No,0
CR0000451,C002,M01124,Yes,No,No,0
CR0000452,C002,M01127,Yes,Yes,No,0
CR0000453,C002,M01323,Yes,Yes,No,0
CR0000454,C002,M01055,Yes,No,No,0
CR0000455,C002,M01368,Yes,No,No,0
CR0000456,C002,M01024,Yes,No,No,0
CR0000457,C002,M00324,Yes,No,No,0
CR0000458,C002,M00587,Yes,No,No,0
CR0000459,C002,M00782,Yes,No,No,0
CR0000460,C002,M00411,Yes,Yes,No,0
CR0000461,C002,M00648,Yes,Yes,No,0
CR0000462,C002,M00655,Yes,No,No,0
CR0000463,C002,M00734,Yes,No,No,0
CR0000464,C002,M00726,Yes,No,No,0
CR0000465,C002,M00938,Yes,No,No,0
CR0000466,C002,M00300,Yes,No,No,0
CR0000467,C002,M00550,Yes,No,No,0
CR0000468,C002,M00739,Yes,No,No,0
CR0000469,C002,M00707,Yes,No,No,0
CR0000470,C002,M00024,Yes,No,No,0
CR0000471,C002,M01211,Yes,No,No,0
CR0000472,C002,M00456,Yes,No,No,0
CR0000473,C002,M00164,Yes,No,No,0
CR0000474,C002,M00211,Yes,No,No,0
CR0000475,C002,M00305,Yes,No,No,0
CR0000476,C002,M00496,Yes,No,No,0
CR0000477,C002,M01195,Yes,No,No,0
CR0000478,C002,M01203,Yes,No,No,0
CR0000479,C002,M00492,Yes,Yes,No,0
CR0000480,C002,M00919,Yes,No,No,0
CR0000481,C002,M00188,Yes,No,No,0
CR0000482,C002,M00068,Yes,No,No,0
CR0000483,C002,M00896,Yes,No,No,0
CR0000484,C002,M00292,Yes,No,No,0
CR0000485,C002,M00804,Yes,No,Yes,300
CR0000486,C002,M00730,Yes,No,Yes,540
CR0000487,C002,M01084,Yes,No,No,0
CR0000488,C002,M00824,Yes,No,Yes,540
CR0000489,C002,M00686,Yes,Yes,Yes,840
CR0000490,C002,M01120,Yes,No,No,0
CR0000491,C002,M01242,Yes,No,No,0
CR0000492,C002,M00217,Yes,No,No,0
CR0000493,C002,M00317,Yes,No,No,0
CR0000494,C002,M00522,Yes,No,No,0
CR0000495,C002,M00082,Yes,Yes,No,0
CR0000496,C002,M00432,Yes,No,No,0
CR0000497,C002,M01039,Yes,No,No,0
CR0000498,C002,M00476,Yes,No,Yes,540
CR0000499,C002,M00924,Yes,Yes,No,0
CR0000500,C002,M00275,Yes,Yes,No,0
CR0000501,C002,M01288,Yes,No,No,0
CR0000502,C002,M01235,Yes,No,No,0
CR0000503,C002,M00678,Yes,No,No,0
CR0000504,C002,M00980,Yes,No,No,0
CR0000505,C002,M00716,Yes,No,No,0
CR0000506,C002,M00095,Yes,No,No,0
CR0000507,C002,M01053,Yes,No,No,0
CR0000508,C002,M00348,Yes,No,No,0
CR0000509,C002,M01271,Yes,Yes,No,0
CR0000510,C002,M00806,Yes,No,No,0
CR0000511,C002,M00338,Yes,No,No,0
CR0000512,C002,M01160,Yes,No,No,0
CR0000513,C002,M00573,Yes,No,No,0
CR0000514,C002,M00064,Yes,No,No,0
CR0000515,C002,M00513,Yes,No,No,0
CR0000516,C002,M01159,Yes,No,No,0
CR0000517,C002,M00468,Yes,No,No,0
CR0000518,C002,M00130,Yes,Yes,No,0
CR0000519,C002,M00189,Yes,Yes,No,0
CR0000520,C002,M00506,Yes,No,Yes,540
CR0000521,C002,M00107,Yes,Yes,No,0
CR0000522,C002,M00672,Yes,No,No,0
CR0000523,C002,M00211,Yes,Yes,No,0
CR0000524,C002,M01196,Yes,No,No,0
CR0000525,C002,M01301,Yes,No,No,0
CR0000526,C002,M00808,Yes,No,Yes,840
CR0000527,C002,M00582,Yes,No,No,0
CR0000528,C002,M00149,Yes,No,No,0
CR0000529,C002,M00850,Yes,Yes,Yes,390
CR0000530,C002,M01339,Yes,No,No,0
CR0000531,C002,M00703,Yes,Yes,No,0
CR0000532,C002,M00860,Yes,No,Yes,390
CR0000533,C002,M00280,Yes,Yes,No,0
CR0000534,C002,M00524,Yes,Yes,Yes,540
CR0000535,C002,M01087,Yes,No,Yes,390
CR0000536,C002,M00844,Yes,Yes,No,0
CR0000537,C002,M01358,Yes,No,No,0
CR0000538,C002,M00732,Yes,Yes,No,0
CR0000539,C002,M00117,Yes,No,No,0
CR0000540,C002,M01137,Yes,No,No,0
CR0000541,C002,M00713,Yes,Yes,No,0
CR0000542,C002,M00542,Yes,Yes,No,0
CR0000543,C002,M01046,Yes,No,No,0
CR0000544,C002,M00011,Yes,No,No,0
CR0000545,C002,M00108,Yes,No,No,0
CR0000546,C002,M00153,Yes,No,Yes,480
CR0000547,C002,M00838,Yes,No,No,0
CR0000548,C002,M00795,Yes,No,No,0
CR0000549,C002,M00348,Yes,No,No,0
CR0000550,C002,M00698,Yes,No,No,0
CR0000551,C002,M00325,Yes,No,No,0
CR0000552,C002,M00009,Yes,Yes,No,0
CR0000553,C002,M01377,Yes,Yes,No,0
CR0000554,C002,M00142,Yes,No,No,0
CR0000555,C002,M00219,Yes,No,No,0
CR0000556,C002,M00195,Yes,No,No,0
CR0000557,C002,M01102,Yes,No,No,0
CR0000558,C002,M00665,Yes,Yes,No,0
CR0000559,C002,M00716,Yes,No,No,0
CR0000560,C002,M00008,Yes,No,No,0
CR0000561,C002,M00719,Yes,No,No,0
CR0000562,C002,M00838,Yes,Yes,No,0
CR0000563,C002,M00809,Yes,No,No,0
CR0000564,C002,M00955,Yes,No,No,0
CR0000565,C002,M00129,Yes,No,No,0
CR0000566,C002,M00163,Yes,No,No,0
CR0000567,C002,M00499,Yes,Yes,No,0
CR0000568,C002,M00674,Yes,No,Yes,300
CR0000569,C002,M01389,Yes,No,No,0
CR0000570,C002,M00288,Yes,No,No,0
CR0000571,C003,M01272,Yes,No,No,0
CR0000572,C003,M00282,Yes,No,No,0
CR0000573,C003,M00353,Yes,Yes,No,0
CR0000574,C003,M00487,Yes,No,No,0
CR0000575,C003,M00549,Yes,No,No,0
CR0000576,C003,M01342,Yes,Yes,No,0
CR0000577,C003,M00602,Yes,No,No,0
CR0000578,C003,M00010,Yes,No,No,0
CR0000579,C003,M01349,Yes,No,No,0
CR0000580,C003,M00613,Yes,No,No,0
CR0000581,C003,M00970,Yes,No,No,0
CR0000582,C003,M00638,Yes,No,Yes,840
CR0000583,C003,M00044,Yes,No,No,0
CR0000584,C003,M01224,Yes,No,No,0
CR0000585,C003,M00076,Yes,No,No,0
CR0000586,C003,M00457,Yes,No,No,0
CR0000587,C003,M00797,Yes,No,No,0
CR0000588,C003,M00092,Yes,No,No,0
CR0000589,C003,M00717,Yes,No,No,0
CR0000590,C003,M00118,Yes,No,No,0
CR0000591,C003,M00691,Yes,Yes,No,0
CR0000592,C003,M01383,Yes,Yes,No,0
CR0000593,C003,M00887,Yes,Yes,Yes,540
CR0000594,C003,M00913,Yes,Yes,No,0
CR0000595,C003,M00542,Yes,No,No,0
CR0000596,C003,M00483,Yes,No,No,0
CR0000597,C003,M00112,Yes,No,No,0
CR0000598,C003,M00228,Yes,No,No,0
CR0000599,C003,M01318,Yes,Yes,No,0
CR0000600,C003,M00848,Yes,No,Yes,540
CR0000601,C003,M01005,Yes,Yes,No,0
CR0000602,C003,M00640,Yes,No,No,0
CR0000603,C003,M00400,Yes,Yes,No,0
CR0000604,C003,M01245,Yes,No,No,0
CR0000605,C003,M01260,Yes,No,No,0
CR0000606,C003,M00434,Yes,No,No,0
CR0000607,C003,M01150,Yes,No,No,0
CR0000608,C003,M00753,Yes,No,No,0
CR0000609,C003,M00894,Yes,Yes,No,0
CR0000610,C003,M01169,Yes,No,No,0
CR0000611,C003,M00128,Yes,No,No,0
CR0000612,C003,M01283,Yes,No,No,0
CR0000613,C003,M01020,Yes,No,No,0
CR0000614,C003,M00610,Yes,No,No,0
CR0000615,C003,M00030,Yes,No,No,0
CR0000616,C003,M00457,Yes,No,No,0
CR0000617,C003,M00070,Yes,No,No,0
CR0000618,C003,M00395,Yes,Yes,Yes,540
CR0000619,C003,M00213,Yes,No,No,0
CR0000620,C003,M00226,Yes,No,No,0
CR0000621,C003,M01113,Yes,No,No,0
CR0000622,C003,M00108,Yes,No,No,0
CR0000623,C003,M00829,Yes,Yes,No,0
CR0000624,C003,M00401,Yes,No,No,0
CR0000625,C003,M00787,Yes,No,No,0
CR0000626,C003,M00976,Yes,Yes,Yes,300
CR0000627,C003,M00018,Yes,No,No,0
CR0000628,C003,M00871,Yes,No,No,0
CR0000629,C003,M00786,Yes,No,Yes,540
CR0000630,C003,M00779,Yes,No,No,0
CR0000631,C003,M00755,Yes,No,Yes,840
CR0000632,C003,M00044,Yes,No,No,0
CR0000633,C003,M01215,Yes,No,No,0
CR0000634,C003,M01022,Yes,No,No,0
CR0000635,C003,M01265,Yes,No,No,0
CR0000636,C003,M00505,Yes,Yes,No,0
CR0000637,C003,M00219,Yes,No,No,0
CR0000638,C003,M00045,Yes,No,No,0
CR0000639,C003,M01400,Yes,No,No,0
CR0000640,C003,M01236,Yes,Yes,No,0
CR0000641,C003,M00674,Yes,Yes,No,0
CR0000642,C003,M00129,Yes,No,No,0
CR0000643,C003,M00676,Yes,No,No,0
CR0000644,C003,M01001,Yes,Yes,No,0
CR0000645,C003,M00782,Yes,Yes,No,0
CR0000646,C003,M01133,Yes,Yes,No,0
CR0000647,C003,M00840,Yes,No,No,0
CR0000648,C003,M01003,Yes,No,Yes,390
CR0000649,C003,M00407,Yes,No,No,0
CR0000650,C003,M01142,Yes,No,Yes,540
CR0000651,C003,M00296,Yes,No,No,0
CR0000652,C003,M00346,Yes,No,No,0
CR0000653,C003,M01255,Yes,No,No,0
CR0000654,C003,M01146,Yes,No,No,0
CR0000655,C003,M00089,Yes,No,No,0
CR0000656,C003,M00996,Yes,No,No,0
CR0000657,C003,M00259,Yes,Yes,Yes,540
CR0000658,C003,M00389,Yes,No,No,0
CR0000659,C003,M01083,Yes,No,No,0
CR0000660,C003,M01185,Yes,No,No,0
CR0000661,C003,M01230,Yes,No,No,0
CR0000662,C003,M00769,Yes,No,No,0
CR0000663,C003,M01231,Yes,Yes,No,0
CR0000664,C003,M00238,Yes,No,Yes,840
CR0000665,C003,M00410,Yes,No,No,0
CR0000666,C003,M00320,Yes,No,No,0
CR0000667,C003,M00090,Yes,No,No,0
CR0000668,C003,M00891,Yes,No,No,0
CR0000669,C003,M01389,Yes,No,No,0
CR0000670,C003,M01081,Yes,No,Yes,540
CR0000671,C003,M01154,Yes,No,No,0
CR0000672,C003,M00629,Yes,No,No,0
CR0000673,C003,M00424,Yes,No,No,0
CR0000674,C003,M00810,Yes,Yes,No,0
CR0000675,C003,M00308,Yes,Yes,No,0
CR0000676,C003,M00803,Yes,No,No,0
CR0000677,C003,M00099,Yes,No,No,0
CR0000678,C003,M00340,Yes,No,No,0
CR0000679,C003,M00099,Yes,No,No,0
CR0000680,C003,M00723,Yes,No,Yes,390
CR0000681,C003,M01116,Yes,No,No,0
CR0000682,C003,M00237,Yes,No,Yes,840
CR0000683,C003,M00647,Yes,Yes,No,0
CR0000684,C003,M00456,Yes,No,No,0
CR0000685,C003,M00008,Yes,No,No,0
CR0000686,C003,M01174,Yes,No,No,0
CR0000687,C003,M00358,Yes,No,Yes,390
CR0000688,C003,M01234,Yes,No,No,0
CR0000689,C003,M01047,Yes,No,No,0
CR0000690,C003,M00585,Yes,No,No,0
CR0000691,C003,M00903,Yes,No,No,0
CR0000692,C003,M00558,Yes,No,No,0
CR0000693,C003,M00170,Yes,No,No,0
CR0000694,C003,M00568,Yes,Yes,No,0
CR0000695,C003,M01203,Yes,Yes,No,0
CR0000696,C003,M01069,Yes,No,No,0
CR0000697,C003,M00400,Yes,No,No,0
CR0000698,C003,M00768,Yes,No,Yes,540
CR0000699,C003,M01155,Yes,No,No,0
CR0000700,C003,M00445,Yes,No,Yes,840
CR0000701,C003,M00298,Yes,No,No,0
CR0000702,C003,M00297,Yes,No,No,0
CR0000703,C003,M00534,Yes,No,No,0
CR0000704,C003,M00584,Yes,No,No,0
CR0000705,C003,M00697,Yes,No,No,0
CR0000706,C003,M00789,Yes,Yes,No,0
CR0000707,C003,M00547,Yes,No,No,0
CR0000708,C003,M00693,Yes,No,No,0
CR0000709,C003,M01127,Yes,Yes,No,0
CR0000710,C003,M01255,Yes,Yes,No,0
CR0000711,C003,M00138,Yes,No,No,0
CR0000712,C003,M01051,Yes,No,No,0
CR0000713,C003,M00964,Yes,No,No,0
CR0000714,C003,M00909,Yes,Yes,No,0
CR0000715,C003,M00441,Yes,No,No,0
CR0000716,C003,M00207,Yes,No,No,0
CR0000717,C003,M00245,Yes,No,No,0
CR0000718,C003,M00129,Yes,No,No,0
CR0000719,C003,M00492,Yes,Yes,No,0
CR0000720,C003,M01371,Yes,No,No,0
CR0000721,C003,M00653,Yes,Yes,No,0
CR0000722,C003,M00899,Yes,Yes,No,0
CR0000723,C003,M00863,Yes,Yes,No,0
CR0000724,C003,M00829,Yes,No,No,0
CR0000725,C003,M00754,Yes,No,No,0
CR0000726,C003,M00789,Yes,No,No,0
CR0000727,C003,M00325,Yes,No,Yes,390
CR0000728,C003,M00186,Yes,No,Yes,540
CR0000729,C003,M00572,Yes,No,No,0
CR0000730,C003,M00456,Yes,No,No,0
CR0000731,C003,M01155,Yes,No,No,0
CR0000732,C003,M00686,Yes,No,No,0
CR0000733,C003,M00626,Yes,No,No,0
CR0000734,C003,M01098,Yes,No,No,0
CR0000735,C003,M00033,Yes,Yes,No,0
CR0000736,C003,M01119,Yes,Yes,No,0
CR0000737,C003,M01025,Yes,Yes,No,0
CR0000738,C003,M00983,Yes,No,No,0
CR0000739,C003,M00985,Yes,No,No,0
CR0000740,C003,M01025,Yes,Yes,No,0
CR0000741,C003,M00581,Yes,No,No,0
CR0000742,C003,M00360,Yes,No,Yes,390
CR0000743,C003,M00383,Yes,No,No,0
CR0000744,C003,M00127,Yes,No,No,0
CR0000745,C003,M01160,Yes,Yes,No,0
CR0000746,C003,M01119,Yes,Yes,No,0
CR0000747,C003,M01116,Yes,No,No,0
CR0000748,C003,M01018,Yes,No,Yes,540
CR0000749,C003,M01057,Yes,Yes,No,0
CR0000750,C003,M01369,Yes,Yes,No,0
CR0000751,C003,M00527,Yes,No,No,0
CR0000752,C003,M00819,Yes,Yes,No,0
CR0000753,C003,M01030,Yes,No,No,0
CR0000754,C003,M00161,Yes,No,No,0
CR0000755,C003,M00056,Yes,No,Yes,540
CR0000756,C003,M01000,Yes,No,No,0
CR0000757,C003,M00671,Yes,No,No,0
CR0000758,C003,M00834,Yes,Yes,No,0
CR0000759,C003,M00512,Yes,No,No,0
CR0000760,C003,M00601,Yes,No,No,0
CR0000761,C003,M00745,Yes,No,No,0
CR0000762,C003,M01318,Yes,Yes,No,0
CR0000763,C003,M01218,Yes,Yes,No,0
CR0000764,C003,M00748,Yes,Yes,No,0
CR0000765,C003,M00514,Yes,No,Yes,540
CR0000766,C003,M01201,Yes,No,No,0
CR0000767,C003,M01321,Yes,No,No,0
CR0000768,C003,M01045,Yes,No,No,0
CR0000769,C003,M00892,Yes,No,No,0
CR0000770,C003,M00057,Yes,Yes,No,0
CR0000771,C003,M00227,Yes,No,No,0
CR0000772,C003,M01372,Yes,No,No,0
CR0000773,C003,M00725,Yes,No,Yes,840
CR0000774,C003,M00145,Yes,No,No,0
CR0000775,C003,M01317,Yes,No,No,0
CR0000776,C003,M00057,Yes,No,No,0
CR0000777,C003,M00123,Yes,No,No,0
CR0000778,C003,M00038,Yes,Yes,No,0
CR0000779,C003,M00728,Yes,Yes,No,0
CR0000780,C003,M01052,Yes,Yes,No,0
CR0000781,C003,M00197,Yes,Yes,No,0
CR0000782,C003,M00854,Yes,Yes,Yes,540
CR0000783,C003,M00255,Yes,No,No,0
CR0000784,C003,M01208,Yes,No,No,0
CR0000785,C003,M01153,Yes,No,No,0
CR0000786,C003,M00300,Yes,No,No,0
CR0000787,C003,M00983,Yes,No,No,0
CR0000788,C003,M00886,Yes,No,No,0
CR0000789,C003,M00753,Yes,No,No,0
CR0000790,C003,M00460,Yes,Yes,Yes,480
CR0000791,C003,M01347,Yes,Yes,No,0
CR0000792,C003,M01110,Yes,No,No,0
CR0000793,C003,M00902,Yes,Yes,No,0
CR0000794,C003,M00197,Yes,Yes,No,0
CR0000795,C003,M01225,Yes,No,No,0
CR0000796,C003,M01133,Yes,Yes,No,0
CR0000797,C003,M00932,Yes,No,Yes,390
CR0000798,C003,M00617,Yes,Yes,No,0
CR0000799,C003,M00796,Yes,Yes,No,0
CR0000800,C003,M00586,Yes,No,No,0
CR0000801,C003,M00025,Yes,No,No,0
CR0000802,C003,M00174,Yes,No,No,0
CR0000803,C003,M00131,Yes,No,No,0
CR0000804,C003,M00849,Yes,Yes,No,0
CR0000805,C003,M00134,Yes,No,No,0
CR0000806,C003,M00495,Yes,No,Yes,840
CR0000807,C003,M01099,Yes,No,No,0
CR0000808,C003,M00189,Yes,Yes,No,0
CR0000809,C003,M00708,Yes,No,No,0
CR0000810,C003,M00934,Yes,No,No,0
CR0000811,C003,M00511,Yes,No,No,0
CR0000812,C003,M00553,Yes,No,No,0
CR0000813,C003,M00284,Yes,No,No,0
CR0000814,C003,M01089,Yes,No,No,0
CR0000815,C003,M00198,Yes,No,No,0
CR0000816,C003,M00263,Yes,Yes,No,0
CR0000817,C003,M00548,Yes,Yes,No,0
CR0000818,C003,M00392,Yes,No,No,0
CR0000819,C003,M01245,Yes,No,No,0
CR0000820,C003,M01200,Yes,No,No,0
CR0000821,C003,M00476,Yes,No,No,0
CR0000822,C003,M00977,Yes,No,No,0
CR0000823,C003,M00057,Yes,No,No,0
CR0000824,C003,M01006,Yes,No,No,0
CR0000825,C003,M01098,Yes,Yes,No,0
CR0000826,C003,M01184,Yes,No,No,0
CR0000827,C003,M01169,Yes,No,No,0
CR0000828,C003,M00369,Yes,No,No,0
CR0000829,C003,M00609,Yes,Yes,No,0
CR0000830,C003,M00702,Yes,Yes,No,0
CR0000831,C003,M00247,Yes,Yes,No,0
CR0000832,C003,M00642,Yes,No,No,0
CR0000833,C003,M00186,Yes,No,No,0
CR0000834,C003,M01393,Yes,No,No,0
CR0000835,C003,M01349,Yes,No,No,0
CR0000836,C003,M00406,Yes,No,No,0
CR0000837,C003,M00153,Yes,Yes,No,0
CR0000838,C003,M00491,Yes,No,No,0
CR0000839,C003,M01025,Yes,No,No,0
CR0000840,C003,M01106,Yes,No,No,0
CR0000841,C003,M00044,Yes,No,No,0
CR0000842,C003,M01387,Yes,No,No,0
CR0000843,C003,M00550,Yes,Yes,Yes,540
CR0000844,C003,M00359,Yes,Yes,No,0
CR0000845,C003,M01313,Yes,No,No,0
CR0000846,C003,M01027,Yes,No,No,0
CR0000847,C003,M01097,Yes,Yes,No,0
CR0000848,C003,M01129,Yes,No,No,0
CR0000849,C003,M00334,Yes,Yes,No,0
CR0000850,C003,M00499,Yes,No,No,0
CR0000851,C003,M00435,Yes,Yes,Yes,840
CR0000852,C003,M00969,Yes,No,No,0
CR0000853,C003,M00974,Yes,No,No,0
CR0000854,C003,M00962,Yes,No,No,0
CR0000855,C003,M00283,Yes,Yes,No,0
CR0000856,C003,M00087,Yes,Yes,No,0
CR0000857,C003,M00657,Yes,Yes,No,0
CR0000858,C003,M00740,Yes,No,No,0
CR0000859,C003,M00161,Yes,No,No,0
CR0000860,C003,M00688,Yes,No,No,0
CR0000861,C003,M00041,Yes,No,No,0
CR0000862,C003,M00458,Yes,Yes,Yes,390
CR0000863,C003,M01246,Yes,No,No,0
CR0000864,C003,M00046,Yes,No,No,0
CR0000865,C003,M01114,Yes,No,No,0
CR0000866,C003,M00992,Yes,No,No,0
CR0000867,C003,M01285,Yes,No,No,0
CR0000868,C003,M00637,Yes,No,No,0
CR0000869,C003,M00826,Yes,No,No,0
CR0000870,C003,M00212,Yes,No,No,0
CR0000871,C003,M00881,Yes,No,No,0
CR0000872,C003,M00783,Yes,Yes,No,0
CR0000873,C003,M00188,Yes,No,Yes,390
CR0000874,C003,M01328,Yes,No,No,0
CR0000875,C003,M00917,Yes,No,No,0
CR0000876,C003,M00180,Yes,No,No,0
CR0000877,C003,M00197,Yes,No,No,0
CR0000878,C003,M00371,Yes,No,No,0
CR0000879,C003,M01311,Yes,No,No,0
CR0000880,C003,M00595,Yes,No,No,0
CR0000881,C004,M01115,Yes,Yes,No,0
CR0000882,C004,M01360,Yes,No,No,0
CR0000883,C004,M00875,Yes,No,No,0
CR0000884,C004,M01194,Yes,No,No,0
CR0000885,C004,M01226,Yes,No,Yes,540
CR0000886,C004,M01325,Yes,No,No,0
CR0000887,C004,M00084,Yes,No,No,0
CR0000888,C004,M00053,Yes,No,No,0
CR0000889,C004,M00242,Yes,Yes,No,0
CR0000890,C004,M00650,Yes,No,No,0
CR0000891,C004,M01361,Yes,Yes,No,0
CR0000892,C004,M00999,Yes,No,No,0
CR0000893,C004,M00695,Yes,Yes,No,0
CR0000894,C004,M01041,Yes,No,No,0
CR0000895,C004,M00188,Yes,Yes,Yes,390
CR0000896,C004,M00294,Yes,No,No,0
CR0000897,C004,M00927,Yes,No,No,0
CR0000898,C004,M01363,Yes,No,No,0
CR0000899,C004,M00368,Yes,Yes,No,0
CR0000900,C004,M01323,Yes,Yes,No,0
CR0000901,C004,M00519,Yes,Yes,No,0
CR0000902,C004,M00096,Yes,No,No,0
CR0000903,C004,M00521,Yes,No,No,0
CR0000904,C004,M00407,Yes,Yes,No,0
CR0000905,C004,M00253,Yes,No,No,0
CR0000906,C004,M00515,Yes,No,No,0
CR0000907,C004,M00749,Yes,No,No,0
CR0000908,C004,M00254,Yes,No,No,0
CR0000909,C004,M00541,Yes,No,No,0
CR0000910,C004,M00567,Yes,Yes,No,0
CR0000911,C004,M01311,Yes,Yes,No,0
CR0000912,C004,M01049,Yes,No,No,0
CR0000913,C004,M00424,Yes,No,No,0
CR0000914,C004,M00895,Yes,No,No,0
CR0000915,C004,M01214,Yes,No,No,0
CR0000916,C004,M00990,Yes,No,No,0
CR0000917,C004,M00932,Yes,No,No,0
CR0000918,C004,M00850,Yes,No,No,0
CR0000919,C004,M00729,Yes,No,Yes,480
CR0000920,C004,M00381,Yes,No,No,0
CR0000921,C004,M00211,Yes,Yes,No,0
CR0000922,C004,M00341,Yes,No,No,0
CR0000923,C004,M01291,Yes,No,No,0
CR0000924,C004,M00208,Yes,No,No,0
CR0000925,C004,M00159,Yes,Yes,No,0
CR0000926,C004,M00041,Yes,No,No,0
CR0000927,C004,M00770,Yes,No,No,0
CR0000928,C004,M00382,Yes,No,No,0
CR0000929,C004,M00327,Yes,No,No,0
CR0000930,C004,M00678,Yes,No,No,0
CR0000931,C004,M00543,Yes,Yes,No,0
CR0000932,C004,M01058,Yes,No,No,0
CR0000933,C004,M01012,Yes,Yes,No,0
CR0000934,C004,M00995,Yes,No,No,0
CR0000935,C004,M00297,Yes,No,No,0
CR0000936,C004,M00020,Yes,No,No,0
CR0000937,C004,M01343,Yes,No,No,0
CR0000938,C004,M00579,Yes,No,Yes,840
CR0000939,C004,M00204,Yes,No,No,0
CR0000940,C004,M01247,Yes,No,No,0
CR0000941,C004,M00632,Yes,No,No,0
CR0000942,C004,M00818,Yes,No,No,0
CR0000943,C004,M01257,Yes,Yes,No,0
CR0000944,C004,M00740,Yes,No,No,0
CR0000945,C004,M00449,Yes,No,No,0
CR0000946,C004,M00440,Yes,No,No,0
CR0000947,C004,M00118,Yes,Yes,No,0
CR0000948,C004,M00366,Yes,No,No,0
CR0000949,C004,M00015,Yes,No,No,0
CR0000950,C004,M00733,Yes,Yes,Yes,840
CR0000951,C004,M00588,Yes,No,Yes,300
CR0000952,C004,M00757,Yes,No,No,0
CR0000953,C004,M01115,Yes,No,No,0
CR0000954,C004,M00639,Yes,No,No,0
CR0000955,C004,M01027,Yes,No,No,0
CR0000956,C004,M00764,Yes,Yes,No,0
CR0000957,C004,M00230,Yes,No,No,0
CR0000958,C004,M01353,Yes,No,No,0
CR0000959,C004,M00076,Yes,Yes,No,0
CR0000960,C004,M00488,Yes,No,No,0
CR0000961,C004,M00913,Yes,Yes,No,0
CR0000962,C004,M01094,Yes,No,No,0
CR0000963,C004,M00499,Yes,No,No,0
CR0000964,C004,M01331,Yes,No,No,0
CR0000965,C004,M01001,Yes,No,No,0
CR0000966,C004,M00027,Yes,No,No,0
CR0000967,C004,M00668,Yes,No,No,0
CR0000968,C004,M00287,Yes,Yes,Yes,540
CR0000969,C004,M00110,Yes,No,Yes,300
CR0000970,C004,M00280,Yes,No,No,0
CR0000971,C004,M00651,Yes,No,Yes,540
CR0000972,C004,M01023,Yes,No,No,0
CR0000973,C004,M00184,Yes,No,No,0
CR0000974,C004,M01054,Yes,No,No,0
CR0000975,C004,M00508,Yes,No,No,0
CR0000976,C004,M00921,Yes,Yes,No,0
CR0000977,C004,M01106,Yes,Yes,No,0
CR0000978,C004,M00909,Yes,Yes,No,0
CR0000979,C004,M00037,Yes,No,No,0
CR0000980,C004,M01388,Yes,Yes,No,0
CR0000981,C004,M01136,Yes,No,No,0
CR0000982,C004,M00878,Yes,Yes,Yes,840
CR0000983,C004,M00802,Yes,No,No,0
CR0000984,C004,M00490,Yes,No,No,0
CR0000985,C004,M00559,Yes,No,Yes,390
CR0000986,C004,M00279,Yes,No,No,0
CR0000987,C004,M00695,Yes,Yes,No,0
CR0000988,C004,M01006,Yes,No,No,0
CR0000989,C004,M01050,Yes,No,Yes,840
CR0000990,C004,M00344,Yes,No,No,0
CR0000991,C004,M01158,Yes,No,No,0
CR0000992,C004,M01354,Yes,Yes,No,0
CR0000993,C004,M00806,Yes,No,Yes,480
CR0000994,C004,M00122,Yes,No,No,0
CR0000995,C004,M01313,Yes,No,No,0
CR0000996,C004,M00024,Yes,No,No,0
CR0000997,C004,M00692,Yes,Yes,No,0
CR0000998,C004,M00606,Yes,No,No,0
CR0000999,C004,M00043,Yes,No,No,0
CR0001000,C004,M01212,Yes,No,Yes,480
CR0001001,C004,M01354,Yes,No,No,0
CR0001002,C004,M00488,Yes,No,No,0
CR0001003,C004,M00481,Yes,No,Yes,300
CR0001004,C004,M00157,Yes,No,No,0
CR0001005,C004,M00187,Yes,No,No,0
CR0001006,C004,M01227,Yes,No,No,0
CR0001007,C004,M00971,Yes,No,No,0
CR0001008,C004,M00756,Yes,Yes,No,0
CR0001009,C004,M00603,Yes,No,No,0
CR0001010,C004,M01208,Yes,No,No,0
CR0001011,C004,M01248,Yes,No,Yes,840
CR0001012,C004,M01130,Yes,No,Yes,540
CR0001013,C004,M01306,Yes,No,No,0
CR0001014,C004,M00768,Yes,No,No,0
CR0001015,C004,M01114,Yes,No,No,0
CR0001016,C004,M00689,Yes,No,No,0
CR0001017,C004,M00393,Yes,No,No,0
CR0001018,C004,M00601,Yes,Yes,No,0
CR0001019,C004,M00551,Yes,Yes,No,0
CR0001020,C004,M00213,Yes,No,No,0
CR0001021,C004,M00234,Yes,No,No,0
CR0001022,C004,M00426,Yes,No,No,0
CR0001023,C004,M00088,Yes,Yes,No,0
CR0001024,C004,M01064,Yes,No,No,0
CR0001025,C004,M01198,Yes,Yes,No,0
CR0001026,C004,M01298,Yes,No,No,0
CR0001027,C004,M00170,Yes,No,Yes,540
CR0001028,C004,M00980,Yes,No,Yes,480
CR0001029,C004,M00042,Yes,No,No,0
CR0001030,C004,M01246,Yes,No,No,0
CR0001031,C004,M01172,Yes,No,No,0
CR0001032,C004,M00349,Yes,No,No,0
CR0001033,C004,M01351,Yes,No,No,0
CR0001034,C004,M01088,Yes,No,Yes,300
CR0001035,C004,M01395,Yes,No,No,0
CR0001036,C004,M00927,Yes,Yes,No,0
CR0001037,C004,M01001,Yes,No,No,0
CR0001038,C004,M01242,Yes,No,Yes,480
CR0001039,C004,M01382,Yes,No,No,0
CR0001040,C004,M00568,Yes,No,Yes,840
CR0001041,C004,M01400,Yes,Yes,No,0
CR0001042,C004,M00290,Yes,Yes,No,0
CR0001043,C004,M00796,Yes,No,No,0
CR0001044,C004,M00579,Yes,No,No,0
CR0001045,C004,M00769,Yes,Yes,No,0
CR0001046,C004,M00621,Yes,No,No,0
CR0001047,C004,M01142,Yes,No,No,0
CR0001048,C004,M00737,Yes,No,No,0
CR0001049,C004,M00293,Yes,No,Yes,390
CR0001050,C004,M01005,Yes,Yes,No,0
CR0001051,C004,M00996,Yes,No,No,0
CR0001052,C004,M01164,Yes,Yes,No,0
CR0001053,C004,M00053,Yes,No,Yes,840
CR0001054,C004,M00072,Yes,No,No,0
CR0001055,C004,M00066,Yes,No,No,0
CR0001056,C004,M00813,Yes,Yes,No,0
CR0001057,C004,M01299,Yes,No,No,0
CR0001058,C004,M01016,Yes,Yes,No,0
CR0001059,C004,M00073,Yes,No,No,0
CR0001060,C004,M01222,Yes,Yes,Yes,540
CR0001061,C004,M00922,Yes,Yes,No,0
CR0001062,C004,M01143,Yes,No,No,0
CR0001063,C004,M00930,Yes,Yes,No,0
CR0001064,C004,M00415,Yes,No,Yes,840
CR0001065,C004,M01213,Yes,Yes,No,0
CR0001066,C004,M00175,Yes,Yes,No,0
CR0001067,C004,M01108,Yes,Yes,No,0
CR0001068,C004,M01021,Yes,No,No,0
CR0001069,C004,M01126,Yes,No,No,0
CR0001070,C004,M00297,Yes,Yes,No,0
CR0001071,C004,M00133,Yes,No,No,0
CR0001072,C004,M01375,Yes,No,No,0
CR0001073,C004,M01052,Yes,No,No,0
CR0001074,C004,M00770,Yes,No,No,0
CR0001075,C004,M00720,Yes,Yes,No,0
CR0001076,C004,M01234,Yes,No,No,0
CR0001077,C004,M00798,Yes,No,No,0
CR0001078,C004,M00436,Yes,Yes,No,0
CR0001079,C004,M00971,Yes,No,No,0
CR0001080,C004,M00229,Yes,No,No,0
CR0001081,C004,M01005,Yes,No,No,0
CR0001082,C004,M01255,Yes,No,No,0
CR0001083,C004,M00971,Yes,No,No,0
CR0001084,C004,M00603,Yes,No,No,0
CR0001085,C004,M00313,Yes,Yes,No,0
CR0001086,C004,M01298,Yes,No,No,0
CR0001087,C004,M01072,Yes,No,Yes,390
CR0001088,C004,M00400,Yes,No,No,0
CR0001089,C004,M00730,Yes,No,No,0
CR0001090,C004,M00166,Yes,No,No,0
CR0001091,C004,M01332,Yes,No,No,0
CR0001092,C004,M00958,Yes,Yes,No,0
CR0001093,C004,M00814,Yes,No,No,0
CR0001094,C004,M01300,Yes,No,No,0
CR0001095,C004,M00075,Yes,Yes,Yes,300
CR0001096,C004,M00115,Yes,No,No,0
CR0001097,C004,M00122,Yes,No,No,0
CR0001098,C004,M00036,Yes,No,No,0
CR0001099,C004,M00214,Yes,No,No,0
CR0001100,C004,M00003,Yes,No,No,0
CR0001101,C004,M00948,Yes,No,No,0
CR0001102,C004,M01283,Yes,No,No,0
CR0001103,C004,M00731,Yes,No,No,0
CR0001104,C004,M00986,Yes,No,No,0
CR0001105,C004,M00558,Yes,No,No,0
CR0001106,C004,M00168,Yes,No,No,0
CR0001107,C004,M00696,Yes,No,No,0
CR0001108,C004,M00563,Yes,No,No,0
CR0001109,C004,M00679,Yes,No,No,0
CR0001110,C004,M00820,Yes,No,No,0
CR0001111,C004,M00642,Yes,Yes,No,0
CR0001112,C004,M00424,Yes,No,No,0
CR0001113,C004,M00137,Yes,Yes,No,0
CR0001114,C004,M00606,Yes,No,No,0
CR0001115,C004,M00620,Yes,No,No,0
CR0001116,C004,M01211,Yes,No,No,0
CR0001117,C004,M00502,Yes,No,No,0
CR0001118,C004,M00255,Yes,No,No,0
CR0001119,C004,M00386,Yes,No,No,0
CR0001120,C004,M00770,Yes,No,No,0
CR0001121,C004,M00530,Yes,No,No,0
CR0001122,C004,M01339,Yes,No,No,0
CR0001123,C004,M00349,Yes,Yes,No,0
CR0001124,C004,M00169,Yes,No,Yes,480
CR0001125,C004,M01393,Yes,No,No,0
CR0001126,C004,M00568,Yes,Yes,No,0
CR0001127,C004,M00438,Yes,No,Yes,480
CR0001128,C004,M00698,Yes,Yes,No,0
CR0001129,C004,M00296,Yes,No,No,0
CR0001130,C004,M01125,Yes,No,No,0
CR0001131,C004,M00541,Yes,Yes,No,0
CR0001132,C004,M00677,Yes,Yes,No,0
CR0001133,C005,M00978,Yes,No,No,0
CR0001134,C005,M00919,Yes,No,No,0
CR0001135,C005,M00852,Yes,No,No,0
CR0001136,C005,M00904,Yes,No,No,0
CR0001137,C005,M00259,Yes,Yes,No,0
CR0001138,C005,M00817,Yes,No,No,0
CR0001139,C005,M00384,Yes,Yes,No,0
CR0001140,C005,M00385,Yes,Yes,No,0
CR0001141,C005,M00520,Yes,No,No,0
CR0001142,C005,M00912,Yes,Yes,No,0
CR0001143,C005,M01337,Yes,No,No,0
CR0001144,C005,M00100,Yes,No,No,0
CR0001145,C005,M00573,Yes,No,No,0
CR0001146,C005,M00658,Yes,Yes,No,0
CR0001147,C005,M00198,Yes,No,No,0
CR0001148,C005,M01035,Yes,No,No,0
CR0001149,C005,M00608,Yes,No,No,0
CR0001150,C005,M00638,Yes,No,No,0
CR0001151,C005,M00246,Yes,No,No,0
CR0001152,C005,M00816,Yes,No,No,0
CR0001153,C005,M00847,Yes,No,No,0
CR0001154,C005,M00802,Yes,No,No,0
CR0001155,C005,M00347,Yes,No,Yes,480
CR0001156,C005,M00592,Yes,No,No,0
CR0001157,C005,M00396,Yes,No,No,0
CR0001158,C005,M00414,Yes,No,No,0
CR0001159,C005,M00882,Yes,Yes,No,0
CR0001160,C005,M00852,Yes,No,No,0
CR0001161,C005,M00584,Yes,No,No,0
CR0001162,C005,M00934,Yes,No,No,0
CR0001163,C005,M00839,Yes,No,No,0
CR0001164,C005,M00906,Yes,No,No,0
CR0001165,C005,M01030,Yes,No,No,0
CR0001166,C005,M00469,Yes,No,No,0
CR0001167,C005,M00809,Yes,No,No,0
CR0001168,C005,M00892,Yes,No,Yes,840
CR0001169,C005,M00466,Yes,No,No,0
CR0001170,C005,M01016,Yes,No,No,0
CR0001171,C005,M01347,Yes,No,No,0
CR0001172,C005,M00467,Yes,Yes,No,0
CR0001173,C005,M00446,Yes,No,No,0
CR0001174,C005,M00660,Yes,No,No,0
CR0001175,C005,M00009,Yes,No,No,0
CR0001176,C005,M00411,Yes,No,No,0
CR0001177,C005,M00656,Yes,No,No,0
CR0001178,C005,M00751,Yes,No,No,0
CR0001179,C005,M00862,Yes,No,No,0
CR0001180,C005,M00531,Yes,No,No,0
CR0001181,C005,M00322,Yes,No,No,0
CR0001182,C005,M01208,Yes,No,No,0
CR0001183,C005,M00073,Yes,No,No,0
CR0001184,C005,M00514,Yes,No,No,0
CR0001185,C005,M01212,Yes,No,No,0
CR0001186,C005,M00154,Yes,No,No,0
CR0001187,C005,M00766,Yes,No,Yes,300
CR0001188,C005,M01021,Yes,No,No,0
CR0001189,C005,M00705,Yes,Yes,No,0
CR0001190,C005,M00456,Yes,No,No,0
CR0001191,C005,M00502,Yes,No,No,0
CR0001192,C005,M00143,Yes,No,No,0
CR0001193,C005,M00566,Yes,No,No,0
CR0001194,C005,M00973,Yes,No,No,0
CR0001195,C005,M00913,Yes,Yes,No,0
CR0001196,C005,M00455,Yes,Yes,No,0
CR0001197,C005,M00632,Yes,No,No,0
CR0001198,C005,M00783,Yes,Yes,No,0
CR0001199,C005,M01045,Yes,No,No,0
CR0001200,C005,M01331,Yes,No,No,0
CR0001201,C005,M00623,Yes,Yes,Yes,480
CR0001202,C005,M00841,Yes,No,Yes,840
CR0001203,C005,M01044,Yes,No,No,0
CR0001204,C005,M01101,Yes,Yes,No,0
CR0001205,C005,M01318,Yes,No,No,0
CR0001206,C005,M00199,Yes,No,No,0
CR0001207,C005,M00848,Yes,Yes,No,0
CR0001208,C005,M00836,Yes,Yes,No,0
CR0001209,C005,M00653,Yes,No,No,0
CR0001210,C005,M00792,Yes,No,No,0
CR0001211,C005,M00190,Yes,No,No,0
CR0001212,C005,M00495,Yes,No,No,0
CR0001213,C005,M00358,Yes,Yes,No,0
CR0001214,C005,M00350,Yes,No,No,0
CR0001215,C005,M00692,Yes,Yes,No,0
CR0001216,C005,M00409,Yes,No,No,0
CR0001217,C005,M00041,Yes,No,No,0
CR0001218,C005,M01368,Yes,No,No,0
CR0001219,C005,M01066,Yes,No,No,0
CR0001220,C005,M00076,Yes,Yes,Yes,480
CR0001221,C005,M00358,Yes,No,No,0
CR0001222,C005,M00314,Yes,No,No,0
CR0001223,C005,M00483,Yes,No,No,0
CR0001224,C005,M00837,Yes,No,Yes,540
CR0001225,C005,M00376,Yes,Yes,No,0
CR0001226,C005,M01371,Yes,No,No,0
CR0001227,C005,M00485,Yes,No,No,0
CR0001228,C005,M01396,Yes,No,No,0
CR0001229,C005,M00563,Yes,No,No,0
CR0001230,C005,M00588,Yes,No,No,0
CR0001231,C005,M01364,Yes,Yes,No,0
CR0001232,C005,M00908,Yes,No,No,0
CR0001233,C005,M00529,Yes,No,No,0
CR0001234,C005,M00261,Yes,Yes,No,0
CR0001235,C005,M00438,Yes,No,No,0
CR0001236,C005,M00311,Yes,No,Yes,540
CR0001237,C005,M00643,Yes,No,No,0
CR0001238,C005,M00262,Yes,No,Yes,840
CR0001239,C005,M00918,Yes,Yes,Yes,390
CR0001240,C005,M00582,Yes,No,No,0
CR0001241,C005,M00771,Yes,Yes,No,0
CR0001242,C005,M00870,Yes,No,No,0
CR0001243,C005,M00282,Yes,No,No,0
CR0001244,C005,M00596,Yes,No,No,0
CR0001245,C005,M01143,Yes,No,No,0
CR0001246,C005,M00499,Yes,Yes,No,0
CR0001247,C005,M01229,Yes,No,Yes,840
CR0001248,C005,M01207,Yes,No,No,0
CR0001249,C005,M01213,Yes,No,No,0
CR0001250,C005,M00473,Yes,No,No,0
CR0001251,C005,M00799,Yes,Yes,No,0
CR0001252,C005,M00776,Yes,No,No,0
CR0001253,C005,M01026,Yes,No,No,0
CR0001254,C005,M00882,Yes,Yes,No,0
CR0001255,C005,M00765,Yes,No,No,0
CR0001256,C005,M01130,Yes,No,No,0
CR0001257,C005,M01381,Yes,No,No,0
CR0001258,C005,M00009,Yes,Yes,No,0
CR0001259,C005,M01344,Yes,No,No,0
CR0001260,C005,M00765,Yes,No,No,0
CR0001261,C005,M00364,Yes,No,No,0
CR0001262,C005,M01145,Yes,No,No,0
CR0001263,C005,M01060,Yes,No,No,0
CR0001264,C005,M00367,Yes,No,No,0
CR0001265,C005,M00934,Yes,No,No,0
CR0001266,C005,M01188,Yes,No,No,0
CR0001267,C005,M00004,Yes,No,No,0
CR0001268,C005,M00929,Yes,Yes,No,0
CR0001269,C005,M00124,Yes,No,No,0
CR0001270,C005,M01069,Yes,Yes,No,0
CR0001271,C005,M00006,Yes,Yes,No,0
CR0001272,C005,M00471,Yes,Yes,No,0
CR0001273,C005,M00780,Yes,No,No,0
CR0001274,C005,M01384,Yes,No,No,0
CR0001275,C005,M01326,Yes,No,No,0
CR0001276,C005,M00224,Yes,No,No,0
CR0001277,C005,M00989,Yes,No,No,0
CR0001278,C005,M01268,Yes,No,No,0
CR0001279,C005,M00530,Yes,No,No,0
CR0001280,C005,M01114,Yes,Yes,Yes,540
CR0001281,C005,M00095,Yes,Yes,No,0
CR0001282,C005,M00638,Yes,Yes,No,0
CR0001283,C005,M00824,Yes,No,No,0
CR0001284,C005,M01091,Yes,No,No,0
CR0001285,C005,M00941,Yes,Yes,No,0
CR0001286,C005,M00683,Yes,No,No,0
CR0001287,C005,M01253,Yes,No,No,0
CR0001288,C005,M01372,Yes,No,No,0
CR0001289,C005,M00792,Yes,No,No,0
CR0001290,C005,M00091,Yes,Yes,Yes,840
CR0001291,C005,M00062,Yes,No,No,0
CR0001292,C005,M00158,Yes,No,No,0
CR0001293,C005,M00709,Yes,No,No,0
CR0001294,C005,M00813,Yes,No,No,0
CR0001295,C005,M00428,Yes,Yes,No,0
CR0001296,C005,M00136,Yes,Yes,No,0
CR0001297,C005,M00150,Yes,No,No,0
CR0001298,C005,M00718,Yes,No,No,0
CR0001299,C005,M00593,Yes,Yes,No,0
CR0001300,C005,M00824,Yes,No,No,0
CR0001301,C005,M01181,Yes,No,No,0
CR0001302,C005,M00977,Yes,No,No,0
CR0001303,C005,M00462,Yes,No,No,0
CR0001304,C005,M01175,Yes,Yes,No,0
CR0001305,C005,M00916,Yes,Yes,No,0
CR0001306,C005,M00892,Yes,No,No,0
CR0001307,C005,M00566,Yes,Yes,No,0
CR0001308,C005,M01210,Yes,No,No,0
CR0001309,C005,M00222,Yes,No,No,0
CR0001310,C005,M01105,Yes,Yes,No,0
CR0001311,C005,M00106,Yes,Yes,No,0
CR0001312,C005,M00719,Yes,No,No,0
CR0001313,C005,M01306,Yes,No,No,0
CR0001314,C005,M01244,Yes,Yes,No,0
CR0001315,C005,M00191,Yes,No,No,0
CR0001316,C005,M00848,Yes,No,Yes,540
CR0001317,C005,M00755,Yes,Yes,No,0
CR0001318,C005,M01028,Yes,No,No,0
CR0001319,C005,M00640,Yes,No,No,0
CR0001320,C005,M00678,Yes,No,No,0
CR0001321,C005,M00363,Yes,No,No,0
CR0001322,C005,M00413,Yes,No,No,0
CR0001323,C005,M00728,Yes,No,No,0
CR0001324,C005,M01169,Yes,No,No,0
CR0001325,C005,M00229,Yes,No,No,0
CR0001326,C005,M01143,Yes,No,No,0
CR0001327,C005,M00296,Yes,Yes,No,0
CR0001328,C005,M00105,Yes,No,No,0
CR0001329,C005,M01063,Yes,No,No,0
CR0001330,C005,M00264,Yes,No,No,0
CR0001331,C005,M00386,Yes,No,No,0
CR0001332,C005,M00394,Yes,No,No,0
CR0001333,C005,M00415,Yes,Yes,No,0
CR0001334,C005,M00660,Yes,No,Yes,390
CR0001335,C005,M00869,Yes,No,No,0
CR0001336,C005,M00077,Yes,No,No,0
CR0001337,C005,M00697,Yes,Yes,No,0
CR0001338,C005,M01361,Yes,Yes,No,0
CR0001339,C005,M00796,Yes,No,No,0
CR0001340,C005,M00324,Yes,No,No,0
CR0001341,C005,M00329,Yes,No,No,0
CR0001342,C005,M00767,Yes,No,No,0
CR0001343,C005,M00222,Yes,No,No,0
CR0001344,C005,M00119,Yes,No,No,0
CR0001345,C005,M00831,Yes,No,No,0
CR0001346,C005,M00113,Yes,No,No,0
CR0001347,C005,M01317,Yes,No,No,0
CR0001348,C005,M00275,Yes,Yes,No,0
CR0001349,C005,M00901,Yes,No,No,0
CR0001350,C005,M01340,Yes,No,No,0
CR0001351,C005,M00186,Yes,No,No,0
CR0001352,C005,M01182,Yes,No,No,0
CR0001353,C005,M01197,Yes,Yes,No,0
CR0001354,C005,M00189,Yes,Yes,No,0
CR0001355,C005,M01220,Yes,No,No,0
CR0001356,C005,M01082,Yes,No,No,0
CR0001357,C005,M00951,Yes,No,No,0
CR0001358,C005,M01344,Yes,No,No,0
CR0001359,C005,M00342,Yes,No,No,0
CR0001360,C005,M00034,Yes,No,No,0
CR0001361,C005,M00810,Yes,Yes,No,0
CR0001362,C005,M00224,Yes,No,No,0
CR0001363,C005,M01249,Yes,No,No,0
CR0001364,C005,M00792,Yes,Yes,No,0
CR0001365,C005,M01258,Yes,No,Yes,540
CR0001366,C005,M00995,Yes,Yes,No,0
CR0001367,C005,M00304,Yes,No,No,0
CR0001368,C005,M00514,Yes,No,No,0
CR0001369,C005,M01143,Yes,No,No,0
CR0001370,C005,M00951,Yes,No,No,0
CR0001371,C005,M00424,Yes,No,No,0
CR0001372,C005,M00988,Yes,No,No,0
CR0001373,C005,M00872,Yes,No,No,0
CR0001374,C005,M01278,Yes,No,No,0
CR0001375,C005,M00862,Yes,No,No,0
CR0001376,C005,M00063,Yes,No,No,0
CR0001377,C005,M00423,Yes,No,No,0
CR0001378,C005,M00909,Yes,No,No,0
CR0001379,C005,M00822,Yes,No,No,0
CR0001380,C005,M01202,Yes,Yes,No,0
CR0001381,C005,M01400,Yes,No,No,0
CR0001382,C005,M01378,Yes,No,No,0
CR0001383,C005,M00682,Yes,No,No,0
CR0001384,C005,M00988,Yes,No,No,0
CR0001385,C005,M00134,Yes,No,No,0
CR0001386,C005,M01165,Yes,No,No,0
CR0001387,C005,M00733,Yes,No,No,0
CR0001388,C005,M01290,Yes,No,No,0
CR0001389,C005,M00512,Yes,Yes,No,0
CR0001390,C005,M00418,Yes,No,No,0
CR0001391,C005,M00022,Yes,No,No,0
CR0001392,C005,M01163,Yes,No,No,0
CR0001393,C005,M00446,Yes,No,No,0
CR0001394,C005,M00582,Yes,Yes,No,0
CR0001395,C005,M00464,Yes,Yes,No,0
CR0001396,C005,M00352,Yes,Yes,No,0
CR0001397,C005,M00614,Yes,Yes,Yes,540
CR0001398,C005,M00787,Yes,No,No,0
CR0001399,C005,M00273,Yes,No,No,0
CR0001400,C005,M00022,Yes,Yes,No,0
CR0001401,C006,M00953,Yes,Yes,No,0
CR0001402,C006,M00304,Yes,No,Yes,840
CR0001403,C006,M01011,Yes,No,No,0
CR0001404,C006,M01076,Yes,No,No,0
CR0001405,C006,M00679,Yes,No,Yes,540
CR0001406,C006,M01030,Yes,No,No,0
CR0001407,C006,M01097,Yes,No,No,0
CR0001408,C006,M01220,Yes,No,Yes,840
CR0001409,C006,M01180,Yes,No,No,0
CR0001410,C006,M01394,Yes,Yes,No,0
CR0001411,C006,M00974,Yes,No,No,0
CR0001412,C006,M00277,Yes,Yes,No,0
CR0001413,C006,M01363,Yes,No,No,0
CR0001414,C006,M00648,Yes,Yes,No,0
CR0001415,C006,M01050,Yes,No,Yes,840
CR0001416,C006,M00738,Yes,No,No,0
CR0001417,C006,M00948,Yes,No,No,0
CR0001418,C006,M00017,Yes,Yes,Yes,540
CR0001419,C006,M01305,Yes,No,Yes,300
CR0001420,C006,M01250,Yes,Yes,No,0
CR0001421,C006,M01344,Yes,No,No,0
CR0001422,C006,M01133,Yes,Yes,No,0
CR0001423,C006,M01205,Yes,No,Yes,390
CR0001424,C006,M00640,Yes,No,No,0
CR0001425,C006,M00507,Yes,No,No,0
CR0001426,C006,M00365,Yes,No,No,0
CR0001427,C006,M00161,Yes,Yes,No,0
CR0001428,C006,M00885,Yes,No,No,0
CR0001429,C006,M01189,Yes,No,No,0
CR0001430,C006,M00281,Yes,No,No,0
CR0001431,C006,M01084,Yes,No,No,0
CR0001432,C006,M00302,Yes,No,No,0
CR0001433,C006,M00736,Yes,No,No,0
CR0001434,C006,M00212,Yes,No,No,0
CR0001435,C006,M01186,Yes,No,No,0
CR0001436,C006,M01067,Yes,No,No,0
CR0001437,C006,M00315,Yes,No,No,0
CR0001438,C006,M01271,Yes,No,No,0
CR0001439,C006,M01248,Yes,No,No,0
CR0001440,C006,M00552,Yes,Yes,No,0
CR0001441,C006,M00718,Yes,Yes,No,0
CR0001442,C006,M00669,Yes,No,No,0
CR0001443,C006,M00955,Yes,No,No,0
CR0001444,C006,M00678,Yes,Yes,No,0
CR0001445,C006,M00350,Yes,No,No,0
CR0001446,C006,M00308,Yes,No,No,0
CR0001447,C006,M00034,Yes,No,No,0
CR0001448,C006,M00448,Yes,Yes,No,0
CR0001449,C006,M00794,Yes,Yes,No,0
CR0001450,C006,M00889,Yes,Yes,No,0
CR0001451,C006,M00822,Yes,No,No,0
CR0001452,C006,M00845,Yes,No,No,0
CR0001453,C006,M00974,Yes,No,No,0
CR0001454,C006,M01065,Yes,No,No,0
CR0001455,C006,M00986,Yes,No,No,0
CR0001456,C006,M00932,Yes,No,No,0
CR0001457,C006,M01099,Yes,No,No,0
CR0001458,C006,M00605,Yes,No,No,0
CR0001459,C006,M00397,Yes,No,No,0
CR0001460,C006,M00297,Yes,Yes,No,0
CR0001461,C006,M00249,Yes,No,No,0
CR0001462,C006,M00535,Yes,No,No,0
CR0001463,C006,M00559,Yes,No,No,0
CR0001464,C006,M01394,Yes,No,No,0
CR0001465,C006,M00807,Yes,No,Yes,840
CR0001466,C006,M01080,Yes,Yes,Yes,390
CR0001467,C006,M00694,Yes,No,No,0
CR0001468,C006,M00639,Yes,No,No,0
CR0001469,C006,M01263,Yes,Yes,No,0
CR0001470,C006,M00929,Yes,No,No,0
CR0001471,C006,M00989,Yes,No,No,0
CR0001472,C006,M00737,Yes,No,No,0
CR0001473,C006,M00092,Yes,No,No,0
CR0001474,C006,M01314,Yes,No,No,0
CR0001475,C006,M00807,Yes,No,No,0
CR0001476,C006,M00084,Yes,No,No,0
CR0001477,C006,M00162,Yes,No,No,0
CR0001478,C006,M01038,Yes,No,No,0
CR0001479,C006,M01183,Yes,Yes,No,0
CR0001480,C006,M00121,Yes,No,No,0
CR0001481,C006,M00380,Yes,No,No,0
CR0001482,C006,M00473,Yes,No,No,0
CR0001483,C006,M00961,Yes,No,No,0
CR0001484,C006,M01015,Yes,Yes,No,0
CR0001485,C006,M00685,Yes,No,No,0
CR0001486,C006,M00636,Yes,Yes,No,0
CR0001487,C006,M00732,Yes,No,No,0
CR0001488,C006,M00012,Yes,Yes,No,0
CR0001489,C006,M01133,Yes,No,No,0
CR0001490,C006,M00218,Yes,No,No,0
CR0001491,C006,M01400,Yes,No,No,0
CR0001492,C006,M01007,Yes,No,No,0
CR0001493,C006,M00570,Yes,No,No,0
CR0001494,C006,M00783,Yes,Yes,No,0
CR0001495,C006,M00741,Yes,No,No,0
CR0001496,C006,M00252,Yes,No,No,0
CR0001497,C006,M00730,Yes,No,No,0
CR0001498,C006,M00697,Yes,No,No,0
CR0001499,C006,M00843,Yes,Yes,No,0
CR0001500,C006,M01337,Yes,No,No,0
CR0001501,C006,M00268,Yes,No,No,0
CR0001502,C006,M00383,Yes,No,No,0
CR0001503,C006,M01034,Yes,No,No,0
CR0001504,C006,M00525,Yes,No,No,0
CR0001505,C006,M00874,Yes,No,No,0
CR0001506,C006,M00780,Yes,No,No,0
CR0001507,C006,M00018,Yes,No,No,0
CR0001508,C006,M00653,Yes,No,Yes,480
CR0001509,C006,M00192,Yes,No,No,0
CR0001510,C006,M00875,Yes,No,No,0
CR0001511,C006,M00475,Yes,No,No,0
CR0001512,C006,M01359,Yes,No,No,0
CR0001513,C006,M00659,Yes,No,No,0
CR0001514,C006,M00165,Yes,No,No,0
CR0001515,C006,M01108,Yes,No,No,0
CR0001516,C006,M00116,Yes,No,No,0
CR0001517,C006,M01193,Yes,Yes,Yes,480
CR0001518,C006,M00707,Yes,Yes,No,0
CR0001519,C006,M00362,Yes,No,No,0
CR0001520,C006,M00033,Yes,No,No,0
CR0001521,C006,M00820,Yes,No,No,0
CR0001522,C006,M00202,Yes,No,No,0
CR0001523,C006,M00885,Yes,No,No,0
CR0001524,C006,M00715,Yes,No,No,0
CR0001525,C006,M00507,Yes,No,No,0
CR0001526,C006,M00694,Yes,Yes,No,0
CR0001527,C006,M00201,Yes,No,No,0
CR0001528,C006,M00199,Yes,No,No,0
CR0001529,C006,M01272,Yes,Yes,No,0
CR0001530,C006,M00158,Yes,Yes,Yes,840
CR0001531,C006,M00209,Yes,No,Yes,300
CR0001532,C006,M00229,Yes,No,No,0
CR0001533,C006,M00891,Yes,No,No,0
CR0001534,C006,M01239,Yes,No,No,0
CR0001535,C006,M00279,Yes,No,No,0
CR0001536,C006,M01154,Yes,No,No,0
CR0001537,C006,M00767,Yes,No,No,0
CR0001538,C006,M01077,Yes,Yes,No,0
CR0001539,C006,M00473,Yes,No,Yes,390
CR0001540,C006,M01054,Yes,No,No,0
CR0001541,C006,M01009,Yes,Yes,No,0
CR0001542,C006,M01220,Yes,Yes,No,0
CR0001543,C006,M01082,Yes,No,No,0
CR0001544,C006,M00224,Yes,Yes,No,0
CR0001545,C006,M00444,Yes,Yes,No,0
CR0001546,C006,M00977,Yes,No,No,0
CR0001547,C006,M00598,Yes,No,No,0
CR0001548,C006,M01287,Yes,No,No,0
CR0001549,C006,M00989,Yes,No,No,0
CR0001550,C006,M01348,Yes,No,No,0
CR0001551,C006,M00546,Yes,No,No,0
CR0001552,C006,M00671,Yes,Yes,No,0
CR0001553,C006,M00518,Yes,No,No,0
CR0001554,C006,M00183,Yes,No,Yes,840
CR0001555,C006,M00861,Yes,Yes,Yes,540
CR0001556,C006,M00410,Yes,Yes,No,0
CR0001557,C006,M00655,Yes,No,Yes,390
CR0001558,C006,M00848,Yes,No,No,0
CR0001559,C006,M00388,Yes,No,No,0
CR0001560,C006,M00631,Yes,Yes,No,0
CR0001561,C006,M00077,Yes,No,No,0
CR0001562,C006,M01398,Yes,Yes,No,0
CR0001563,C006,M00135,Yes,No,No,0
CR0001564,C006,M00565,Yes,No,No,0
CR0001565,C006,M00888,Yes,No,No,0
CR0001566,C006,M00672,Yes,Yes,No,0
CR0001567,C006,M00933,Yes,No,Yes,480
CR0001568,C006,M00338,Yes,Yes,No,0
CR0001569,C006,M00742,Yes,No,No,0
CR0001570,C006,M01134,Yes,No,No,0
CR0001571,C006,M00655,Yes,No,No,0
CR0001572,C006,M01084,Yes,No,No,0
CR0001573,C006,M00368,Yes,No,No,0
CR0001574,C006,M00403,Yes,Yes,No,0
CR0001575,C006,M00256,Yes,No,No,0
CR0001576,C006,M00514,Yes,No,No,0
CR0001577,C006,M00683,Yes,No,No,0
CR0001578,C006,M01331,Yes,Yes,No,0
CR0001579,C006,M00650,Yes,No,No,0
CR0001580,C006,M01092,Yes,No,Yes,540
CR0001581,C006,M00913,Yes,No,No,0
CR0001582,C006,M00760,Yes,No,No,0
CR0001583,C006,M01078,Yes,No,No,0
CR0001584,C006,M00699,Yes,Yes,No,0
CR0001585,C006,M00089,Yes,Yes,No,0
CR0001586,C006,M00177,Yes,No,No,0
CR0001587,C006,M00223,Yes,Yes,No,0
CR0001588,C006,M00717,Yes,No,Yes,480
CR0001589,C006,M01211,Yes,Yes,No,0
CR0001590,C006,M01254,Yes,No,No,0
CR0001591,C006,M00311,Yes,No,No,0
CR0001592,C006,M01007,Yes,No,No,0
CR0001593,C006,M00699,Yes,No,Yes,300
CR0001594,C006,M00295,Yes,Yes,No,0
CR0001595,C006,M01110,Yes,No,No,0
CR0001596,C006,M01259,Yes,No,No,0
CR0001597,C006,M01054,Yes,No,No,0
CR0001598,C006,M00140,Yes,No,Yes,840
CR0001599,C006,M00738,Yes,No,No,0
CR0001600,C006,M00972,Yes,No,No,0
CR0001601,C006,M00831,Yes,No,No,0
CR0001602,C006,M00382,Yes,No,No,0
CR0001603,C006,M01056,Yes,No,No,0
CR0001604,C006,M01128,Yes,Yes,No,0
CR0001605,C006,M00124,Yes,Yes,No,0
CR0001606,C006,M00215,Yes,Yes,No,0
CR0001607,C006,M00427,Yes,No,Yes,840
CR0001608,C006,M00708,Yes,Yes,No,0
CR0001609,C006,M00433,Yes,Yes,No,0
CR0001610,C006,M00583,Yes,No,Yes,390
CR0001611,C006,M00550,Yes,Yes,No,0
CR0001612,C006,M00053,Yes,Yes,Yes,840
CR0001613,C006,M00916,Yes,No,No,0
CR0001614,C006,M00297,Yes,No,No,0
CR0001615,C006,M00420,Yes,Yes,No,0
CR0001616,C006,M01006,Yes,Yes,No,0
CR0001617,C006,M01120,Yes,Yes,No,0
CR0001618,C006,M00927,Yes,Yes,No,0
CR0001619,C006,M00317,Yes,No,No,0
CR0001620,C006,M00399,Yes,No,No,0
CR0001621,C006,M00225,Yes,No,No,0
CR0001622,C006,M01173,Yes,No,No,0
CR0001623,C006,M01091,Yes,Yes,No,0
CR0001624,C006,M01205,Yes,No,No,0
CR0001625,C006,M01328,Yes,No,No,0
CR0001626,C006,M00580,Yes,No,No,0
CR0001627,C006,M01350,Yes,No,No,0
CR0001628,C006,M00347,Yes,No,No,0
CR0001629,C006,M01131,Yes,No,No,0
CR0001630,C006,M00517,Yes,Yes,No,0
CR0001631,C006,M01012,Yes,No,No,0
CR0001632,C006,M01125,Yes,No,No,0
CR0001633,C006,M00582,Yes,No,No,0
CR0001634,C006,M00976,Yes,Yes,Yes,300
CR0001635,C006,M01316,Yes,No,Yes,540
CR0001636,C006,M00107,Yes,No,No,0
CR0001637,C006,M00146,Yes,No,No,0
CR0001638,C006,M00345,Yes,No,No,0
CR0001639,C006,M00172,Yes,No,No,0
CR0001640,C006,M01223,Yes,Yes,No,0
CR0001641,C006,M00922,Yes,No,Yes,540
CR0001642,C006,M01302,Yes,Yes,No,0
CR0001643,C006,M00881,Yes,No,No,0
CR0001644,C006,M00288,Yes,No,No,0
CR0001645,C006,M00200,Yes,No,No,0
CR0001646,C006,M00582,Yes,No,No,0
CR0001647,C006,M01209,Yes,Yes,No,0
CR0001648,C006,M00232,Yes,No,No,0
CR0001649,C006,M00043,Yes,Yes,No,0
CR0001650,C006,M01243,Yes,No,No,0
CR0001651,C006,M00754,Yes,No,No,0
CR0001652,C006,M00868,Yes,No,No,0
CR0001653,C006,M00265,Yes,No,No,0
CR0001654,C006,M00580,Yes,No,No,0
CR0001655,C006,M00040,Yes,No,No,0
CR0001656,C006,M01261,Yes,No,No,0
CR0001657,C006,M00335,Yes,No,No,0
CR0001658,C006,M00129,Yes,No,No,0
CR0001659,C006,M00305,Yes,No,No,0
CR0001660,C006,M01374,Yes,Yes,No,0
CR0001661,C006,M01022,Yes,No,No,0
CR0001662,C006,M00013,Yes,Yes,No,0
CR0001663,C006,M01142,Yes,No,No,0
CR0001664,C006,M01297,Yes,No,No,0
CR0001665,C006,M00798,Yes,No,No,0
CR0001666,C006,M00685,Yes,Yes,No,0
CR0001667,C006,M01196,Yes,Yes,No,0
CR0001668,C006,M01115,Yes,No,No,0
CR0001669,C006,M00211,Yes,Yes,No,0
CR0001670,C007,M00427,Yes,No,No,0
CR0001671,C007,M00657,Yes,No,No,0
CR0001672,C007,M01271,Yes,No,No,0
CR0001673,C007,M01291,Yes,No,No,0
CR0001674,C007,M00897,Yes,No,No,0
CR0001675,C007,M00797,Yes,No,No,0
CR0001676,C007,M00124,Yes,No,No,0
CR0001677,C007,M00926,Yes,No,No,0
CR0001678,C007,M00686,Yes,Yes,No,0
CR0001679,C007,M00761,Yes,No,No,0
CR0001680,C007,M00934,Yes,No,No,0
CR0001681,C007,M00221,Yes,No,No,0
CR0001682,C007,M00515,Yes,No,No,0
CR0001683,C007,M01127,Yes,No,No,0
CR0001684,C007,M00383,Yes,No,Yes,480
CR0001685,C007,M00457,Yes,Yes,No,0
CR0001686,C007,M00856,Yes,Yes,No,0
CR0001687,C007,M00234,Yes,Yes,Yes,840
CR0001688,C007,M00099,Yes,No,No,0
CR0001689,C007,M00244,Yes,No,No,0
CR0001690,C007,M01120,Yes,No,No,0
CR0001691,C007,M00590,Yes,Yes,No,0
CR0001692,C007,M00996,Yes,No,No,0
CR0001693,C007,M01085,Yes,No,No,0
CR0001694,C007,M00274,Yes,No,No,0
CR0001695,C007,M00428,Yes,No,Yes,540
CR0001696,C007,M00225,Yes,No,No,0
CR0001697,C007,M00600,Yes,No,No,0
CR0001698,C007,M01163,Yes,Yes,No,0
CR0001699,C007,M00996,Yes,No,No,0
CR0001700,C007,M00601,Yes,No,No,0
CR0001701,C007,M00716,Yes,No,No,0
CR0001702,C007,M01088,Yes,No,No,0
CR0001703,C007,M00862,Yes,No,No,0
CR0001704,C007,M01146,Yes,No,Yes,390
CR0001705,C007,M01074,Yes,No,No,0
CR0001706,C007,M01167,Yes,Yes,No,0
CR0001707,C007,M00154,Yes,No,No,0
CR0001708,C007,M00956,Yes,No,Yes,390
CR0001709,C007,M00227,Yes,Yes,No,0
CR0001710,C007,M00709,Yes,No,No,0
CR0001711,C007,M00342,Yes,No,No,0
CR0001712,C007,M00756,Yes,Yes,No,0
CR0001713,C007,M00767,Yes,No,No,0
CR0001714,C007,M01000,Yes,No,No,0
CR0001715,C007,M01098,Yes,No,Yes,540
CR0001716,C007,M00688,Yes,No,No,0
CR0001717,C007,M01300,Yes,Yes,No,0
CR0001718,C007,M00268,Yes,No,No,0
CR0001719,C007,M00694,Yes,No,No,0
CR0001720,C007,M00249,Yes,No,Yes,390
CR0001721,C007,M00204,Yes,No,No,0
CR0001722,C007,M00975,Yes,Yes,No,0
CR0001723,C007,M01203,Yes,Yes,Yes,540
CR0001724,C007,M00366,Yes,No,No,0
CR0001725,C007,M00868,Yes,No,No,0
CR0001726,C007,M00324,Yes,No,No,0
CR0001727,C007,M00403,Yes,No,No,0
CR0001728,C007,M00763,Yes,No,Yes,840
CR0001729,C007,M00385,Yes,No,No,0
CR0001730,C007,M00548,Yes,No,Yes,540
CR0001731,C007,M01078,Yes,Yes,No,0
CR0001732,C007,M00660,Yes,No,No,0
CR0001733,C007,M00674,Yes,Yes,No,0
CR0001734,C007,M00545,Yes,No,No,0
CR0001735,C007,M00910,Yes,No,No,0
CR0001736,C007,M00526,Yes,No,No,0
CR0001737,C007,M00722,Yes,Yes,Yes,540
CR0001738,C007,M01265,Yes,No,No,0
CR0001739,C007,M00399,Yes,No,No,0
CR0001740,C007,M00697,Yes,Yes,No,0
CR0001741,C007,M00754,Yes,No,No,0
CR0001742,C007,M00398,Yes,No,No,0
CR0001743,C007,M00614,Yes,No,No,0
CR0001744,C007,M01046,Yes,No,No,0
CR0001745,C007,M00562,Yes,No,Yes,540
CR0001746,C007,M00432,Yes,No,No,0
CR0001747,C007,M00066,Yes,No,No,0
CR0001748,C007,M00115,Yes,Yes,No,0
CR0001749,C007,M00535,Yes,Yes,No,0
CR0001750,C007,M00162,Yes,No,No,0
CR0001751,C007,M00156,Yes,Yes,No,0
CR0001752,C007,M01182,Yes,No,No,0
CR0001753,C007,M01288,Yes,No,No,0
CR0001754,C007,M01025,Yes,No,No,0
CR0001755,C007,M00105,Yes,No,No,0
CR0001756,C007,M00847,Yes,No,No,0
CR0001757,C007,M00018,Yes,No,No,0
CR0001758,C007,M00732,Yes,No,No,0
CR0001759,C007,M00728,Yes,No,No,0
CR0001760,C007,M00637,Yes,No,No,0
CR0001761,C007,M00012,Yes,No,Yes,540
CR0001762,C007,M00005,Yes,No,Yes,480
CR0001763,C007,M01329,Yes,No,No,0
CR0001764,C007,M00081,Yes,Yes,No,0
CR0001765,C007,M01109,Yes,No,No,0
CR0001766,C007,M01039,Yes,No,No,0
CR0001767,C007,M00525,Yes,No,No,0
CR0001768,C007,M01172,Yes,Yes,No,0
CR0001769,C007,M00086,Yes,No,No,0
CR0001770,C007,M01223,Yes,No,No,0
CR0001771,C007,M01008,Yes,No,No,0
CR0001772,C007,M00905,Yes,No,No,0
CR0001773,C007,M00695,Yes,No,No,0
CR0001774,C007,M01384,Yes,No,No,0
CR0001775,C007,M00166,Yes,No,No,0
CR0001776,C007,M01345,Yes,Yes,No,0
CR0001777,C007,M00424,Yes,Yes,No,0
CR0001778,C007,M01010,Yes,No,No,0
CR0001779,C007,M00945,Yes,No,Yes,540
CR0001780,C007,M01124,Yes,No,No,0
CR0001781,C007,M00233,Yes,No,Yes,390
CR0001782,C007,M00947,Yes,No,No,0
CR0001783,C007,M00096,Yes,No,No,0
CR0001784,C007,M01350,Yes,No,No,0
CR0001785,C007,M01392,Yes,No,No,0
CR0001786,C007,M00566,Yes,No,No,0
CR0001787,C007,M00826,Yes,No,No,0
CR0001788,C007,M00290,Yes,No,No,0
CR0001789,C007,M00183,Yes,No,No,0
CR0001790,C007,M00991,Yes,No,No,0
CR0001791,C007,M01112,Yes,Yes,No,0
CR0001792,C007,M00840,Yes,No,No,0
CR0001793,C007,M00274,Yes,No,No,0
CR0001794,C007,M00535,Yes,No,No,0
CR0001795,C007,M00731,Yes,No,No,0
CR0001796,C007,M01142,Yes,No,No,0
CR0001797,C007,M00764,Yes,No,No,0
CR0001798,C007,M00395,Yes,No,No,0
CR0001799,C007,M01203,Yes,Yes,No,0
CR0001800,C007,M00870,Yes,No,No,0
CR0001801,C007,M00363,Yes,Yes,No,0
CR0001802,C007,M00533,Yes,No,No,0
CR0001803,C007,M00420,Yes,No,No,0
CR0001804,C007,M00643,Yes,Yes,No,0
CR0001805,C007,M01073,Yes,No,No,0
CR0001806,C007,M00263,Yes,Yes,No,0
CR0001807,C007,M01092,Yes,No,Yes,540
CR0001808,C007,M00805,Yes,No,No,0
CR0001809,C007,M00335,Yes,No,No,0
CR0001810,C007,M00907,Yes,No,Yes,540
CR0001811,C007,M00699,Yes,No,No,0
CR0001812,C007,M01128,Yes,No,No,0
CR0001813,C007,M00372,Yes,No,No,0
CR0001814,C007,M00751,Yes,Yes,No,0
CR0001815,C007,M01190,Yes,No,No,0
CR0001816,C007,M00012,Yes,Yes,No,0
CR0001817,C007,M01368,Yes,No,No,0
CR0001818,C007,M01057,Yes,No,Yes,840
CR0001819,C007,M00432,Yes,Yes,No,0
CR0001820,C007,M00733,Yes,No,No,0
CR0001821,C007,M01245,Yes,Yes,No,0
CR0001822,C007,M01024,Yes,No,No,0
CR0001823,C007,M00542,Yes,No,No,0
CR0001824,C007,M00483,Yes,No,No,0
CR0001825,C007,M00044,Yes,No,Yes,480
CR0001826,C007,M00124,Yes,No,No,0
CR0001827,C007,M01115,Yes,Yes,No,0
CR0001828,C007,M00246,Yes,No,No,0
CR0001829,C007,M00759,Yes,Yes,No,0
CR0001830,C007,M00698,Yes,No,No,0
CR0001831,C007,M00852,Yes,No,No,0
CR0001832,C007,M00079,Yes,No,No,0
CR0001833,C007,M00052,Yes,No,No,0
CR0001834,C007,M00095,Yes,No,No,0
CR0001835,C007,M01186,Yes,Yes,No,0
CR0001836,C007,M00246,Yes,Yes,No,0
CR0001837,C007,M01165,Yes,No,No,0
CR0001838,C007,M00500,Yes,No,No,0
CR0001839,C007,M00661,Yes,Yes,No,0
CR0001840,C007,M00455,Yes,Yes,No,0
CR0001841,C007,M00936,Yes,Yes,No,0
CR0001842,C007,M00273,Yes,No,No,0
CR0001843,C007,M00757,Yes,Yes,Yes,480
CR0001844,C007,M01157,Yes,No,No,0
CR0001845,C007,M00785,Yes,No,No,0
CR0001846,C007,M01098,Yes,No,No,0
CR0001847,C007,M01360,Yes,Yes,No,0
CR0001848,C007,M00452,Yes,No,No,0
CR0001849,C007,M00084,Yes,No,No,0
CR0001850,C007,M00595,Yes,No,No,0
CR0001851,C007,M00235,Yes,No,No,0
CR0001852,C007,M00466,Yes,No,Yes,540
CR0001853,C007,M00820,Yes,No,No,0
CR0001854,C007,M01168,Yes,Yes,No,0
CR0001855,C007,M00112,Yes,Yes,No,0
CR0001856,C007,M00549,Yes,No,Yes,390
CR0001857,C007,M00593,Yes,No,No,0
CR0001858,C007,M00061,Yes,No,No,0
CR0001859,C007,M00258,Yes,Yes,No,0
CR0001860,C007,M00755,Yes,No,No,0
CR0001861,C007,M01214,Yes,Yes,No,0
CR0001862,C007,M00676,Yes,No,No,0
CR0001863,C007,M00011,Yes,No,No,0
CR0001864,C007,M00682,Yes,Yes,No,0
CR0001865,C007,M01365,Yes,No,No,0
CR0001866,C007,M01293,Yes,No,No,0
CR0001867,C007,M01306,Yes,No,No,0
CR0001868,C007,M01239,Yes,No,No,0
CR0001869,C007,M00931,Yes,No,No,0
CR0001870,C007,M00724,Yes,No,No,0
CR0001871,C007,M00048,Yes,No,No,0
CR0001872,C007,M00377,Yes,No,No,0
CR0001873,C007,M01256,Yes,No,No,0
CR0001874,C007,M01165,Yes,No,No,0
CR0001875,C007,M00663,Yes,No,No,0
CR0001876,C007,M01211,Yes,No,No,0
CR0001877,C007,M00395,Yes,No,No,0
CR0001878,C007,M01261,Yes,No,No,0
CR0001879,C007,M00112,Yes,Yes,No,0
CR0001880,C007,M01360,Yes,No,No,0
CR0001881,C007,M00891,Yes,No,No,0
CR0001882,C007,M00528,Yes,Yes,No,0
CR0001883,C007,M01268,Yes,No,No,0
CR0001884,C007,M01129,Yes,No,No,0
CR0001885,C007,M01163,Yes,No,No,0
CR0001886,C007,M01090,Yes,No,No,0
CR0001887,C007,M00951,Yes,No,No,0
CR0001888,C007,M00526,Yes,No,No,0
CR0001889,C007,M01157,Yes,No,No,0
CR0001890,C007,M00086,Yes,No,No,0
CR0001891,C007,M00044,Yes,No,No,0
CR0001892,C007,M01296,Yes,No,No,0
CR0001893,C007,M01300,Yes,No,No,0
CR0001894,C007,M01275,Yes,No,No,0
CR0001895,C007,M00696,Yes,No,No,0
CR0001896,C007,M00637,Yes,No,No,0
CR0001897,C007,M00324,Yes,No,Yes,480
CR0001898,C007,M00374,Yes,No,No,0
CR0001899,C007,M01321,Yes,No,No,0
CR0001900,C007,M00669,Yes,No,No,0
CR0001901,C007,M00981,Yes,Yes,Yes,840
CR0001902,C007,M01218,Yes,Yes,No,0
CR0001903,C007,M01355,Yes,No,No,0
CR0001904,C007,M01007,Yes,No,No,0
CR0001905,C007,M01153,Yes,Yes,No,0
CR0001906,C007,M00198,Yes,No,No,0
CR0001907,C007,M00355,Yes,Yes,No,0
CR0001908,C007,M00932,Yes,No,No,0
CR0001909,C007,M00075,Yes,Yes,No,0
CR0001910,C007,M01259,Yes,No,No,0
CR0001911,C007,M00236,Yes,No,No,0
CR0001912,C007,M00388,Yes,Yes,No,0
CR0001913,C007,M00984,Yes,No,Yes,540
CR0001914,C007,M00937,Yes,Yes,No,0
CR0001915,C007,M01049,Yes,No,No,0
CR0001916,C007,M00030,Yes,No,No,0
CR0001917,C007,M00193,Yes,No,Yes,390
CR0001918,C007,M01357,Yes,Yes,No,0
CR0001919,C007,M00511,Yes,No,No,0
CR0001920,C007,M01387,Yes,No,Yes,540
CR0001921,C007,M00021,Yes,Yes,No,0
CR0001922,C007,M01036,Yes,No,No,0
CR0001923,C007,M00288,Yes,No,No,0
CR0001924,C007,M01245,Yes,No,No,0
CR0001925,C007,M00474,Yes,Yes,No,0
CR0001926,C007,M00717,Yes,No,No,0
CR0001927,C007,M00917,Yes,No,No,0
CR0001928,C007,M00083,Yes,No,No,0
CR0001929,C007,M00110,Yes,No,No,0
CR0001930,C007,M01181,Yes,No,No,0
CR0001931,C007,M01257,Yes,No,No,0
CR0001932,C007,M00179,Yes,No,No,0
CR0001933,C007,M01152,Yes,No,No,0
CR0001934,C007,M01111,Yes,No,No,0
CR0001935,C007,M00124,Yes,No,No,0
CR0001936,C007,M01014,Yes,No,No,0
CR0001937,C007,M00763,Yes,Yes,No,0
CR0001938,C007,M00747,Yes,No,No,0
CR0001939,C007,M00725,Yes,Yes,No,0
CR0001940,C007,M01206,Yes,No,No,0
CR0001941,C007,M01285,Yes,No,No,0
CR0001942,C007,M00638,Yes,No,No,0
CR0001943,C007,M00458,Yes,Yes,No,0
CR0001944,C007,M00930,Yes,Yes,No,0
CR0001945,C007,M01205,Yes,Yes,No,0
CR0001946,C007,M00631,Yes,No,No,0
CR0001947,C007,M00040,Yes,No,No,0
CR0001948,C007,M00183,Yes,No,No,0
CR0001949,C007,M01198,Yes,No,No,0
CR0001950,C007,M00729,Yes,Yes,No,0
CR0001951,C007,M00157,Yes,No,No,0
CR0001952,C007,M01087,Yes,No,No,0
CR0001953,C007,M00922,Yes,No,No,0
CR0001954,C007,M00763,Yes,Yes,No,0
CR0001955,C007,M00425,Yes,No,No,0
CR0001956,C007,M01004,Yes,No,No,0
CR0001957,C007,M01031,Yes,No,No,0
CR0001958,C007,M00254,Yes,No,No,0
CR0001959,C007,M00816,Yes,No,No,0
CR0001960,C007,M00356,Yes,Yes,No,0
CR0001961,C007,M01162,Yes,No,No,0
CR0001962,C007,M00694,Yes,No,No,0
CR0001963,C007,M00725,Yes,No,No,0
CR0001964,C007,M00228,Yes,Yes,No,0
CR0001965,C007,M00327,Yes,No,No,0
CR0001966,C007,M00523,Yes,No,No,0
CR0001967,C007,M00090,Yes,No,No,0
CR0001968,C007,M00441,Yes,Yes,No,0
CR0001969,C007,M00275,Yes,Yes,No,0
CR0001970,C007,M00414,Yes,No,No,0
CR0001971,C007,M00987,Yes,No,No,0
CR0001972,C007,M00663,Yes,Yes,No,0
CR0001973,C007,M00160,Yes,No,No,0
CR0001974,C007,M00207,Yes,No,No,0
CR0001975,C007,M00451,Yes,No,No,0
CR0001976,C007,M00945,Yes,Yes,No,0
CR0001977,C007,M01048,Yes,No,No,0
CR0001978,C007,M01380,Yes,No,No,0
CR0001979,C007,M00421,Yes,No,No,0
CR0001980,C007,M00252,Yes,No,No,0
CR0001981,C007,M01280,Yes,Yes,No,0
CR0001982,C007,M00751,Yes,No,No,0
CR0001983,C007,M01311,Yes,No,No,0
CR0001984,C007,M00903,Yes,Yes,No,0
CR0001985,C007,M00212,Yes,No,No,0
CR0001986,C007,M00641,Yes,Yes,No,0
CR0001987,C007,M00895,Yes,No,No,0
CR0001988,C007,M00701,Yes,No,No,0
CR0001989,C007,M01107,Yes,No,No,0
CR0001990,C007,M00497,Yes,Yes,No,0
CR0001991,C008,M01287,Yes,No,No,0
CR0001992,C008,M00675,Yes,No,No,0
CR0001993,C008,M00443,Yes,No,No,0
CR0001994,C008,M00530,Yes,No,No,0
CR0001995,C008,M00597,Yes,No,No,0
CR0001996,C008,M00923,Yes,No,No,0
CR0001997,C008,M00622,Yes,No,No,0
CR0001998,C008,M00780,Yes,No,Yes,840
CR0001999,C008,M00378,Yes,No,No,0
CR0002000,C008,M01088,Yes,Yes,No,0
CR0002001,C008,M00346,Yes,Yes,No,0
CR0002002,C008,M01238,Yes,No,No,0
CR0002003,C008,M01123,Yes,No,No,0
CR0002004,C008,M00229,Yes,No,No,0
CR0002005,C008,M00866,Yes,Yes,No,0
CR0002006,C008,M00855,Yes,No,No,0
CR0002007,C008,M01072,Yes,Yes,No,0
CR0002008,C008,M00371,Yes,Yes,No,0
CR0002009,C008,M00419,Yes,No,No,0
CR0002010,C008,M00250,Yes,No,No,0
CR0002011,C008,M00435,Yes,Yes,No,0
CR0002012,C008,M00689,Yes,No,No,0
CR0002013,C008,M01302,Yes,No,No,0
CR0002014,C008,M01264,Yes,No,No,0
CR0002015,C008,M00027,Yes,No,No,0
CR0002016,C008,M00179,Yes,Yes,No,0
CR0002017,C008,M00936,Yes,No,No,0
CR0002018,C008,M01195,Yes,Yes,No,0
CR0002019,C008,M00674,Yes,No,No,0
CR0002020,C008,M00528,Yes,No,No,0
CR0002021,C008,M00577,Yes,No,No,0
CR0002022,C008,M01187,Yes,No,No,0
CR0002023,C008,M00620,Yes,No,No,0
CR0002024,C008,M00560,Yes,No,No,0
CR0002025,C008,M01203,Yes,No,No,0
CR0002026,C008,M00359,Yes,No,No,0
CR0002027,C008,M00770,Yes,Yes,No,0
CR0002028,C008,M01158,Yes,No,No,0
CR0002029,C008,M00980,Yes,No,No,0
CR0002030,C008,M00745,Yes,No,No,0
CR0002031,C008,M00261,Yes,No,No,0
CR0002032,C008,M00778,Yes,No,No,0
CR0002033,C008,M00235,Yes,No,No,0
CR0002034,C008,M01037,Yes,Yes,No,0
CR0002035,C008,M01206,Yes,Yes,No,0
CR0002036,C008,M00826,Yes,No,Yes,480
CR0002037,C008,M01049,Yes,No,No,0
CR0002038,C008,M00622,Yes,No,No,0
CR0002039,C008,M00248,Yes,Yes,No,0
CR0002040,C008,M00884,Yes,No,Yes,840
CR0002041,C008,M00160,Yes,No,No,0
CR0002042,C008,M01291,Yes,Yes,No,0
CR0002043,C008,M01271,Yes,Yes,No,0
CR0002044,C008,M00945,Yes,Yes,No,0
CR0002045,C008,M00432,Yes,Yes,No,0
CR0002046,C008,M01111,Yes,Yes,Yes,300
CR0002047,C008,M00947,Yes,No,No,0
CR0002048,C008,M01054,Yes,No,No,0
CR0002049,C008,M00010,Yes,No,No,0
CR0002050,C008,M00972,Yes,No,Yes,540
CR0002051,C008,M00643,Yes,No,No,0
CR0002052,C008,M00179,Yes,Yes,No,0
CR0002053,C008,M00583,Yes,No,No,0
CR0002054,C008,M00615,Yes,No,No,0
CR0002055,C008,M01026,Yes,No,No,0
CR0002056,C008,M00756,Yes,No,No,0
CR0002057,C008,M00469,Yes,No,Yes,390
CR0002058,C008,M01138,Yes,No,No,0
CR0002059,C008,M00055,Yes,No,No,0
CR0002060,C008,M00342,Yes,Yes,No,0
CR0002061,C008,M00412,Yes,No,No,0
CR0002062,C008,M00370,Yes,No,No,0
CR0002063,C008,M00254,Yes,No,No,0
CR0002064,C008,M00614,Yes,No,No,0
CR0002065,C008,M01283,Yes,Yes,No,0
CR0002066,C008,M00234,Yes,No,No,0
CR0002067,C008,M00168,Yes,No,No,0
CR0002068,C008,M00073,Yes,Yes,No,0
CR0002069,C008,M01240,Yes,No,No,0
CR0002070,C008,M00837,Yes,No,No,0
CR0002071,C008,M00956,Yes,No,No,0
CR0002072,C008,M01001,Yes,No,No,0
CR0002073,C008,M00657,Yes,No,No,0
CR0002074,C008,M00772,Yes,No,No,0
CR0002075,C008,M01093,Yes,No,No,0
CR0002076,C008,M00962,Yes,No,No,0
CR0002077,C008,M00503,Yes,No,No,0
CR0002078,C008,M00427,Yes,No,No,0
CR0002079,C008,M01026,Yes,No,No,0
CR0002080,C008,M00446,Yes,No,No,0
CR0002081,C008,M01361,Yes,No,No,0
CR0002082,C008,M00211,Yes,No,No,0
CR0002083,C008,M00780,Yes,No,No,0
CR0002084,C008,M00718,Yes,No,No,0
CR0002085,C008,M00696,Yes,Yes,No,0
CR0002086,C008,M00332,Yes,Yes,No,0
CR0002087,C008,M00030,Yes,No,No,0
CR0002088,C008,M00102,Yes,No,No,0
CR0002089,C008,M00192,Yes,No,No,0
CR0002090,C008,M00552,Yes,No,No,0
CR0002091,C008,M00786,Yes,No,No,0
CR0002092,C008,M01331,Yes,Yes,Yes,540
CR0002093,C008,M00185,Yes,No,No,0
CR0002094,C008,M00779,Yes,No,No,0
CR0002095,C008,M01192,Yes,No,No,0
CR0002096,C008,M00778,Yes,No,No,0
CR0002097,C008,M00709,Yes,No,No,0
CR0002098,C008,M00794,Yes,Yes,No,0
CR0002099,C008,M00240,Yes,No,No,0
CR0002100,C008,M01142,Yes,No,No,0
CR0002101,C008,M00926,Yes,No,No,0
CR0002102,C008,M00375,Yes,No,No,0
CR0002103,C008,M00290,Yes,No,No,0
CR0002104,C008,M00847,Yes,No,No,0
CR0002105,C008,M01107,Yes,No,No,0
CR0002106,C008,M00170,Yes,No,No,0
CR0002107,C008,M00571,Yes,No,Yes,480
CR0002108,C008,M00833,Yes,No,No,0
CR0002109,C008,M01128,Yes,No,No,0
CR0002110,C008,M00325,Yes,No,No,0
CR0002111,C008,M00241,Yes,No,No,0
CR0002112,C008,M01171,Yes,No,Yes,540
CR0002113,C008,M00776,Yes,No,No,0
CR0002114,C008,M00376,Yes,No,No,0
CR0002115,C008,M01016,Yes,Yes,No,0
CR0002116,C008,M00809,Yes,No,No,0
CR0002117,C008,M00367,Yes,Yes,No,0
CR0002118,C008,M00848,Yes,No,No,0
CR0002119,C008,M00434,Yes,Yes,No,0
CR0002120,C008,M00637,Yes,Yes,No,0
CR0002121,C008,M00330,Yes,No,Yes,480
CR0002122,C008,M01307,Yes,No,No,0
CR0002123,C008,M01233,Yes,No,No,0
CR0002124,C008,M00237,Yes,No,No,0
CR0002125,C008,M00237,Yes,No,No,0
CR0002126,C008,M00185,Yes,No,No,0
CR0002127,C008,M01260,Yes,No,No,0
CR0002128,C008,M00258,Yes,No,No,0
CR0002129,C008,M01193,Yes,No,Yes,480
CR0002130,C008,M00992,Yes,No,No,0
CR0002131,C008,M01253,Yes,Yes,No,0
CR0002132,C008,M00651,Yes,No,No,0
CR0002133,C008,M00022,Yes,No,No,0
CR0002134,C008,M00015,Yes,No,No,0
CR0002135,C008,M00442,Yes,No,No,0
CR0002136,C008,M00054,Yes,Yes,No,0
CR0002137,C008,M00028,Yes,Yes,No,0
CR0002138,C008,M01349,Yes,No,Yes,540
CR0002139,C008,M00999,Yes,No,No,0
CR0002140,C008,M00967,Yes,No,No,0
CR0002141,C008,M00889,Yes,No,No,0
CR0002142,C008,M00647,Yes,Yes,No,0
CR0002143,C008,M00182,Yes,Yes,No,0
CR0002144,C008,M00651,Yes,No,No,0
CR0002145,C008,M00513,Yes,No,No,0
CR0002146,C008,M00149,Yes,No,No,0
CR0002147,C008,M00699,Yes,No,Yes,300
CR0002148,C008,M00568,Yes,No,No,0
CR0002149,C008,M00619,Yes,No,No,0
CR0002150,C008,M00716,Yes,No,No,0
CR0002151,C008,M01023,Yes,No,No,0
CR0002152,C008,M00443,Yes,Yes,Yes,540
CR0002153,C008,M00647,Yes,No,No,0
CR0002154,C008,M00738,Yes,No,No,0
CR0002155,C008,M00350,Yes,No,No,0
CR0002156,C008,M00383,Yes,No,No,0
CR0002157,C008,M01233,Yes,Yes,Yes,540
CR0002158,C008,M00889,Yes,No,No,0
CR0002159,C008,M00815,Yes,No,No,0
CR0002160,C008,M00162,Yes,No,No,0
CR0002161,C008,M01348,Yes,No,No,0
CR0002162,C008,M00818,Yes,No,No,0
CR0002163,C008,M01357,Yes,No,No,0
CR0002164,C008,M01304,Yes,No,No,0
CR0002165,C008,M01201,Yes,Yes,No,0
CR0002166,C008,M00632,Yes,No,No,0
CR0002167,C008,M01212,Yes,No,No,0
CR0002168,C008,M01333,Yes,Yes,No,0
CR0002169,C008,M00062,Yes,No,Yes,540
CR0002170,C008,M00523,Yes,Yes,No,0
CR0002171,C008,M00723,Yes,No,No,0
CR0002172,C008,M00004,Yes,No,No,0
CR0002173,C008,M00011,Yes,No,No,0
CR0002174,C008,M01076,Yes,No,No,0
CR0002175,C008,M01009,Yes,No,Yes,840
CR0002176,C008,M00771,Yes,Yes,No,0
CR0002177,C008,M00911,Yes,Yes,No,0
CR0002178,C008,M01384,Yes,No,No,0
CR0002179,C008,M01259,Yes,No,No,0
CR0002180,C008,M01010,Yes,Yes,No,0
CR0002181,C008,M00619,Yes,No,No,0
CR0002182,C008,M01197,Yes,Yes,No,0
CR0002183,C008,M00854,Yes,No,No,0
CR0002184,C008,M01203,Yes,No,No,0
CR0002185,C008,M00082,Yes,No,No,0
CR0002186,C008,M00834,Yes,Yes,No,0
CR0002187,C008,M00951,Yes,No,No,0
CR0002188,C008,M00652,Yes,No,No,0
CR0002189,C008,M00053,Yes,No,Yes,840
CR0002190,C008,M00519,Yes,No,No,0
CR0002191,C008,M01124,Yes,No,No,0
CR0002192,C008,M01036,Yes,No,No,0
CR0002193,C008,M01345,Yes,No,Yes,840
CR0002194,C008,M00110,Yes,No,No,0
CR0002195,C008,M00153,Yes,No,No,0
CR0002196,C008,M00521,Yes,No,No,0
CR0002197,C008,M01350,Yes,No,No,0
CR0002198,C008,M01076,Yes,No,No,0
CR0002199,C008,M00355,Yes,Yes,No,0
CR0002200,C008,M00712,Yes,No,No,0
CR0002201,C008,M00595,Yes,No,No,0
CR0002202,C008,M01250,Yes,Yes,No,0
CR0002203,C008,M00234,Yes,No,No,0
CR0002204,C008,M01221,Yes,No,No,0
CR0002205,C008,M00087,Yes,No,No,0
CR0002206,C008,M00213,Yes,Yes,No,0
CR0002207,C008,M00430,Yes,No,Yes,840
CR0002208,C008,M01325,Yes,Yes,No,0
CR0002209,C008,M00764,Yes,No,Yes,480
CR0002210,C008,M00184,Yes,No,No,0
CR0002211,C008,M00172,Yes,No,No,0
CR0002212,C008,M00707,Yes,No,No,0
CR0002213,C008,M00310,Yes,No,No,0
CR0002214,C008,M00217,Yes,No,No,0
CR0002215,C008,M00350,Yes,No,No,0
CR0002216,C008,M00938,Yes,No,No,0
CR0002217,C008,M00799,Yes,Yes,No,0
CR0002218,C009,M00150,Yes,No,No,0
CR0002219,C009,M00174,Yes,Yes,No,0
CR0002220,C009,M00840,Yes,No,No,0
CR0002221,C009,M00531,Yes,No,No,0
CR0002222,C009,M00753,Yes,No,No,0
CR0002223,C009,M00296,Yes,Yes,No,0
CR0002224,C009,M01310,Yes,No,No,0
CR0002225,C009,M01008,Yes,Yes,No,0
CR0002226,C009,M00060,Yes,Yes,No,0
CR0002227,C009,M00325,Yes,No,No,0
CR0002228,C009,M00990,Yes,Yes,No,0
CR0002229,C009,M00675,Yes,No,No,0
CR0002230,C009,M00702,Yes,No,No,0
CR0002231,C009,M00361,Yes,No,No,0
CR0002232,C009,M00022,Yes,No,No,0
CR0002233,C009,M01128,Yes,No,No,0
CR0002234,C009,M01285,Yes,No,No,0
CR0002235,C009,M00565,Yes,Yes,No,0
CR0002236,C009,M00128,Yes,No,No,0
CR0002237,C009,M00836,Yes,No,No,0
CR0002238,C009,M00730,Yes,No,No,0
CR0002239,C009,M01246,Yes,No,No,0
CR0002240,C009,M00503,Yes,No,No,0
CR0002241,C009,M00007,Yes,No,No,0
CR0002242,C009,M00662,Yes,No,No,0
CR0002243,C009,M00278,Yes,No,No,0
CR0002244,C009,M00351,Yes,No,No,0
CR0002245,C009,M01045,Yes,No,No,0
CR0002246,C009,M00606,Yes,No,No,0
CR0002247,C009,M00226,Yes,No,No,0
CR0002248,C009,M01380,Yes,No,No,0
CR0002249,C009,M00051,Yes,No,No,0
CR0002250,C009,M01347,Yes,Yes,No,0
CR0002251,C009,M00487,Yes,Yes,No,0
CR0002252,C009,M01061,Yes,Yes,No,0
CR0002253,C009,M00176,Yes,Yes,No,0
CR0002254,C009,M01167,Yes,No,No,0
CR0002255,C009,M00478,Yes,No,No,0
CR0002256,C009,M01319,Yes,No,No,0
CR0002257,C009,M00454,Yes,No,No,0
CR0002258,C009,M01400,Yes,No,No,0
CR0002259,C009,M00252,Yes,No,No,0
CR0002260,C009,M00810,Yes,Yes,No,0
CR0002261,C009,M01192,Yes,No,No,0
CR0002262,C009,M00470,Yes,Yes,No,0
CR0002263,C009,M00138,Yes,Yes,No,0
CR0002264,C009,M00746,Yes,Yes,No,0
CR0002265,C009,M00774,Yes,No,No,0
CR0002266,C009,M00475,Yes,No,No,0
CR0002267,C009,M00704,Yes,No,No,0
CR0002268,C009,M00511,Yes,No,No,0
CR0002269,C009,M00383,Yes,No,No,0
CR0002270,C009,M00578,Yes,No,No,0
CR0002271,C009,M00641,Yes,No,No,0
CR0002272,C009,M00680,Yes,No,No,0
CR0002273,C009,M01020,Yes,No,Yes,840
CR0002274,C009,M00359,Yes,No,No,0
CR0002275,C009,M00035,Yes,No,No,0
CR0002276,C009,M00293,Yes,No,No,0
CR0002277,C009,M00788,Yes,No,No,0
CR0002278,C009,M01029,Yes,No,No,0
CR0002279,C009,M00408,Yes,No,No,0
CR0002280,C009,M00941,Yes,Yes,No,0
CR0002281,C009,M00833,Yes,No,No,0
CR0002282,C009,M00043,Yes,Yes,No,0
CR0002283,C009,M00472,Yes,No,No,0
CR0002284,C009,M00220,Yes,No,No,0
CR0002285,C009,M00653,Yes,No,No,0
CR0002286,C009,M00128,Yes,No,No,0
CR0002287,C009,M01123,Yes,Yes,No,0
CR0002288,C009,M00770,Yes,Yes,No,0
CR0002289,C009,M01049,Yes,No,No,0
CR0002290,C009,M01181,Yes,No,No,0
CR0002291,C009,M00100,Yes,No,Yes,480
CR0002292,C009,M01149,Yes,No,No,0
CR0002293,C009,M00207,Yes,No,No,0
CR0002294,C009,M01100,Yes,No,No,0
CR0002295,C009,M01048,Yes,No,No,0
CR0002296,C009,M00180,Yes,No,No,0
CR0002297,C009,M00812,Yes,No,No,0
CR0002298,C009,M00584,Yes,Yes,No,0
CR0002299,C009,M01289,Yes,Yes,No,0
CR0002300,C009,M00597,Yes,No,No,0
CR0002301,C009,M00182,Yes,No,No,0
CR0002302,C009,M00260,Yes,No,Yes,480
CR0002303,C009,M01352,Yes,No,No,0
CR0002304,C009,M00855,Yes,Yes,No,0
CR0002305,C009,M00849,Yes,No,No,0
CR0002306,C009,M01045,Yes,Yes,No,0
CR0002307,C009,M01400,Yes,No,No,0
CR0002308,C009,M00628,Yes,No,No,0
CR0002309,C009,M00882,Yes,No,No,0
CR0002310,C009,M00045,Yes,Yes,No,0
CR0002311,C009,M01182,Yes,No,Yes,840
CR0002312,C009,M01244,Yes,No,No,0
CR0002313,C009,M00489,Yes,No,No,0
CR0002314,C009,M01201,Yes,No,No,0
CR0002315,C009,M01346,Yes,No,No,0
CR0002316,C009,M00233,Yes,No,No,0
CR0002317,C009,M01352,Yes,No,No,0
CR0002318,C009,M00154,Yes,Yes,No,0
CR0002319,C009,M00909,Yes,No,Yes,480
CR0002320,C009,M00917,Yes,No,No,0
CR0002321,C009,M01114,Yes,No,No,0
CR0002322,C009,M01199,Yes,No,No,0
CR0002323,C009,M00401,Yes,No,No,0
CR0002324,C009,M00067,Yes,Yes,No,0
CR0002325,C009,M00600,Yes,No,No,0
CR0002326,C009,M00148,Yes,No,No,0
CR0002327,C009,M00641,Yes,No,No,0
CR0002328,C009,M00024,Yes,Yes,No,0
CR0002329,C009,M00872,Yes,No,No,0
CR0002330,C009,M00298,Yes,No,Yes,540
CR0002331,C009,M00045,Yes,No,No,0
CR0002332,C009,M00274,Yes,No,No,0
CR0002333,C009,M01159,Yes,No,No,0
CR0002334,C009,M01074,Yes,Yes,No,0
CR0002335,C009,M00267,Yes,No,No,0
CR0002336,C009,M00026,Yes,No,No,0
CR0002337,C009,M00697,Yes,No,No,0
CR0002338,C009,M00360,Yes,No,No,0
CR0002339,C009,M00764,Yes,No,No,0
CR0002340,C009,M00165,Yes,Yes,No,0
CR0002341,C009,M00900,Yes,Yes,No,0
CR0002342,C009,M00858,Yes,No,No,0
CR0002343,C009,M01354,Yes,No,No,0
CR0002344,C009,M00503,Yes,No,No,0
CR0002345,C009,M01037,Yes,No,No,0
CR0002346,C009,M01159,Yes,Yes,No,0
CR0002347,C009,M01304,Yes,No,No,0
CR0002348,C009,M00562,Yes,No,No,0
CR0002349,C009,M01342,Yes,No,No,0
CR0002350,C009,M00783,Yes,No,No,0
CR0002351,C009,M00990,Yes,No,No,0
CR0002352,C009,M00595,Yes,No,No,0
CR0002353,C009,M00469,Yes,Yes,Yes,390
CR0002354,C009,M00911,Yes,No,No,0
CR0002355,C009,M00434,Yes,Yes,No,0
CR0002356,C009,M01086,Yes,Yes,No,0
CR0002357,C009,M01298,Yes,No,No,0
CR0002358,C009,M00411,Yes,No,No,0
CR0002359,C009,M00979,Yes,No,No,0
CR0002360,C009,M00634,Yes,No,No,0
CR0002361,C009,M01193,Yes,No,No,0
CR0002362,C009,M00447,Yes,No,No,0
CR0002363,C009,M01069,Yes,No,No,0
CR0002364,C009,M01156,Yes,No,No,0
CR0002365,C009,M01048,Yes,Yes,No,0
CR0002366,C009,M01113,Yes,Yes,No,0
CR0002367,C009,M01053,Yes,No,No,0
CR0002368,C009,M00772,Yes,No,No,0
CR0002369,C009,M00702,Yes,No,No,0
CR0002370,C009,M01254,Yes,No,No,0
CR0002371,C009,M00318,Yes,No,No,0
CR0002372,C009,M00757,Yes,No,No,0
CR0002373,C009,M01116,Yes,Yes,No,0
CR0002374,C009,M00967,Yes,No,No,0
CR0002375,C009,M00004,Yes,Yes,No,0
CR0002376,C009,M01071,Yes,No,No,0
CR0002377,C009,M00491,Yes,No,No,0
CR0002378,C009,M00187,Yes,No,No,0
CR0002379,C009,M00850,Yes,No,No,0
CR0002380,C009,M01071,Yes,No,No,0
CR0002381,C009,M00046,Yes,No,No,0
CR0002382,C009,M00365,Yes,No,No,0
CR0002383,C009,M01127,Yes,No,No,0
CR0002384,C009,M01009,Yes,Yes,No,0
CR0002385,C009,M00913,Yes,No,No,0
CR0002386,C009,M00785,Yes,Yes,No,0
CR0002387,C009,M00970,Yes,Yes,No,0
CR0002388,C009,M01070,Yes,No,No,0
CR0002389,C009,M00045,Yes,Yes,No,0
CR0002390,C009,M01076,Yes,No,No,0
CR0002391,C009,M00463,Yes,Yes,No,0
CR0002392,C009,M00685,Yes,No,No,0
CR0002393,C009,M00054,Yes,No,No,0
CR0002394,C009,M00515,Yes,No,No,0
CR0002395,C009,M01008,Yes,No,No,0
CR0002396,C009,M00761,Yes,No,No,0
CR0002397,C009,M00697,Yes,No,No,0
CR0002398,C009,M01391,Yes,No,No,0
CR0002399,C009,M00639,Yes,Yes,No,0
CR0002400,C009,M01003,Yes,No,No,0
CR0002401,C009,M00251,Yes,No,No,0
CR0002402,C009,M00089,Yes,No,No,0
CR0002403,C009,M01347,Yes,No,No,0
CR0002404,C009,M00529,Yes,No,No,0
CR0002405,C009,M00562,Yes,No,No,0
CR0002406,C009,M00842,Yes,No,No,0
CR0002407,C009,M00272,Yes,No,No,0
CR0002408,C009,M00465,Yes,No,No,0
CR0002409,C009,M01045,Yes,Yes,No,0
CR0002410,C009,M01287,Yes,No,No,0
CR0002411,C009,M00927,Yes,No,No,0
CR0002412,C009,M00901,Yes,No,No,0
CR0002413,C009,M00297,Yes,No,No,0
CR0002414,C009,M00043,Yes,No,No,0
CR0002415,C009,M00053,Yes,No,No,0
CR0002416,C009,M00818,Yes,Yes,No,0
CR0002417,C009,M01120,Yes,No,Yes,840
CR0002418,C009,M00388,Yes,No,No,0
CR0002419,C009,M01208,Yes,No,No,0
CR0002420,C009,M00408,Yes,No,No,0
CR0002421,C009,M00398,Yes,No,No,0
CR0002422,C009,M01360,Yes,Yes,No,0
CR0002423,C009,M00675,Yes,Yes,No,0
CR0002424,C009,M00224,Yes,No,No,0
CR0002425,C009,M00315,Yes,No,No,0
CR0002426,C009,M00068,Yes,No,No,0
CR0002427,C009,M00400,Yes,No,No,0
CR0002428,C009,M01023,Yes,No,No,0
CR0002429,C009,M00159,Yes,No,No,0
CR0002430,C009,M00715,Yes,No,No,0
CR0002431,C009,M00631,Yes,No,No,0
CR0002432,C009,M01039,Yes,No,No,0
CR0002433,C009,M01377,Yes,No,No,0
CR0002434,C009,M00567,Yes,No,Yes,390
CR0002435,C009,M01297,Yes,No,No,0
CR0002436,C009,M00439,Yes,No,No,0
CR0002437,C009,M00482,Yes,No,No,0
CR0002438,C009,M01214,Yes,No,No,0
CR0002439,C009,M01170,Yes,Yes,No,0
CR0002440,C009,M00925,Yes,No,No,0
CR0002441,C009,M01260,Yes,No,No,0
CR0002442,C009,M00429,Yes,No,No,0
CR0002443,C009,M00893,Yes,No,No,0
CR0002444,C009,M00905,Yes,No,No,0
CR0002445,C009,M00884,Yes,No,No,0
CR0002446,C009,M00724,Yes,Yes,No,0
CR0002447,C009,M00137,Yes,Yes,No,0
CR0002448,C009,M01276,Yes,No,No,0
CR0002449,C009,M00603,Yes,No,No,0
CR0002450,C009,M00420,Yes,No,No,0
CR0002451,C009,M01034,Yes,No,No,0
CR0002452,C009,M00083,Yes,No,No,0
CR0002453,C009,M01084,Yes,Yes,No,0
CR0002454,C009,M00944,Yes,No,No,0
CR0002455,C009,M01099,Yes,No,No,0
CR0002456,C009,M00676,Yes,Yes,No,0
CR0002457,C009,M00674,Yes,No,No,0
CR0002458,C009,M00416,Yes,No,No,0
CR0002459,C009,M00498,Yes,No,No,0
CR0002460,C009,M01098,Yes,No,No,0
CR0002461,C009,M00424,Yes,No,Yes,480
CR0002462,C009,M00059,Yes,Yes,No,0
CR0002463,C009,M00633,Yes,No,No,0
CR0002464,C009,M01356,Yes,No,No,0
CR0002465,C009,M00623,Yes,No,No,0
CR0002466,C009,M00350,Yes,No,No,0
CR0002467,C009,M00467,Yes,No,No,0
CR0002468,C009,M00826,Yes,No,No,0
CR0002469,C009,M00990,Yes,No,No,0
CR0002470,C009,M00853,Yes,No,No,0
CR0002471,C009,M01210,Yes,No,No,0
CR0002472,C009,M00412,Yes,No,No,0
CR0002473,C009,M00662,Yes,No,No,0
CR0002474,C009,M00217,Yes,No,No,0
CR0002475,C009,M01364,Yes,No,No,0
CR0002476,C009,M00545,Yes,Yes,No,0
CR0002477,C009,M00108,Yes,No,No,0
CR0002478,C009,M01120,Yes,Yes,No,0
CR0002479,C009,M00719,Yes,No,No,0
CR0002480,C009,M00602,Yes,No,No,0
CR0002481,C009,M00606,Yes,No,No,0
CR0002482,C009,M01066,Yes,No,No,0
CR0002483,C009,M00299,Yes,No,No,0
CR0002484,C009,M00761,Yes,No,No,0
CR0002485,C009,M00745,Yes,No,No,0
CR0002486,C009,M00927,Yes,No,No,0
CR0002487,C009,M00330,Yes,No,No,0
CR0002488,C009,M00064,Yes,Yes,No,0
CR0002489,C009,M00610,Yes,No,No,0
CR0002490,C009,M01270,Yes,No,No,0
CR0002491,C009,M00313,Yes,No,Yes,480
CR0002492,C009,M01029,Yes,No,No,0
CR0002493,C009,M00626,Yes,No,No,0
CR0002494,C009,M00853,Yes,No,No,0
CR0002495,C009,M01106,Yes,No,No,0
CR0002496,C009,M01236,Yes,No,No,0
CR0002497,C009,M00563,Yes,No,No,0
CR0002498,C009,M00622,Yes,No,No,0
CR0002499,C009,M00617,Yes,No,No,0
CR0002500,C009,M00754,Yes,No,No,0
CR0002501,C009,M00196,Yes,No,No,0
CR0002502,C009,M01269,Yes,No,No,0
CR0002503,C009,M01191,Yes,No,No,0
CR0002504,C009,M00460,Yes,Yes,No,0
CR0002505,C009,M00757,Yes,No,No,0
CR0002506,C009,M00131,Yes,No,No,0
CR0002507,C009,M00368,Yes,No,Yes,480
CR0002508,C009,M00873,Yes,Yes,No,0
CR0002509,C009,M00510,Yes,No,No,0
CR0002510,C009,M00560,Yes,Yes,No,0
CR0002511,C009,M00659,Yes,Yes,No,0
CR0002512,C009,M01196,Yes,No,No,0
CR0002513,C009,M00878,Yes,No,No,0
CR0002514,C009,M00137,Yes,Yes,No,0
CR0002515,C009,M00192,Yes,No,No,0
CR0002516,C009,M00191,Yes,Yes,No,0
CR0002517,C009,M00176,Yes,No,No,0
CR0002518,C009,M00997,Yes,Yes,No,0
CR0002519,C009,M00755,Yes,Yes,No,0
CR0002520,C009,M00777,Yes,No,No,0
CR0002521,C009,M00012,Yes,No,Yes,540
CR0002522,C009,M00227,Yes,No,No,0
CR0002523,C009,M00336,Yes,No,No,0
CR0002524,C009,M01248,Yes,No,No,0
CR0002525,C009,M00618,Yes,No,No,0
CR0002526,C009,M00077,Yes,No,No,0
CR0002527,C009,M00664,Yes,Yes,Yes,540
CR0002528,C009,M00505,Yes,No,No,0
CR0002529,C009,M00122,Yes,Yes,No,0
CR0002530,C009,M00885,Yes,Yes,Yes,540
CR0002531,C009,M01269,Yes,No,No,0
CR0002532,C009,M01397,Yes,Yes,No,0
CR0002533,C009,M01339,Yes,No,No,0
CR0002534,C009,M00189,Yes,No,No,0
CR0002535,C009,M00861,Yes,No,No,0
CR0002536,C009,M00948,Yes,No,No,0
CR0002537,C009,M01252,Yes,No,No,0
CR0002538,C009,M01307,Yes,No,No,0
CR0002539,C009,M00495,Yes,No,No,0
CR0002540,C009,M01376,Yes,No,No,0
CR0002541,C009,M01011,Yes,No,No,0
CR0002542,C009,M00143,Yes,No,No,0
CR0002543,C009,M00193,Yes,No,No,0
CR0002544,C009,M00280,Yes,No,No,0
CR0002545,C009,M01248,Yes,No,No,0
CR0002546,C009,M01330,Yes,Yes,No,0
CR0002547,C009,M00560,Yes,No,No,0
CR0002548,C009,M00585,Yes,No,No,0
CR0002549,C009,M00345,Yes,Yes,No,0
CR0002550,C009,M00158,Yes,No,No,0
CR0002551,C009,M00929,Yes,No,No,0
CR0002552,C009,M00033,Yes,No,No,0
CR0002553,C009,M00221,Yes,Yes,No,0
CR0002554,C009,M01343,Yes,No,No,0
CR0002555,C009,M00470,Yes,No,No,0
CR0002556,C009,M00542,Yes,No,No,0
CR0002557,C009,M00060,Yes,No,No,0
CR0002558,C009,M00915,Yes,No,No,0
CR0002559,C009,M01255,Yes,No,No,0
CR0002560,C009,M01321,Yes,No,No,0
CR0002561,C009,M00691,Yes,No,No,0
CR0002562,C009,M01324,Yes,Yes,No,0
CR0002563,C009,M00780,Yes,Yes,No,0
CR0002564,C009,M01174,Yes,No,No,0
CR0002565,C009,M00337,Yes,No,No,0
CR0002566,C009,M00036,Yes,Yes,No,0
CR0002567,C009,M01291,Yes,Yes,No,0
CR0002568,C009,M00692,Yes,No,No,0
CR0002569,C009,M00852,Yes,No,No,0
CR0002570,C009,M00696,Yes,No,No,0
CR0002571,C009,M01355,Yes,No,No,0
CR0002572,C009,M00460,Yes,No,No,0
CR0002573,C009,M00521,Yes,No,No,0
CR0002574,C009,M00500,Yes,Yes,No,0
CR0002575,C009,M00620,Yes,No,No,0
CR0002576,C009,M00014,Yes,No,No,0
CR0002577,C009,M00503,Yes,No,Yes,840
CR0002578,C009,M00732,Yes,No,Yes,390
CR0002579,C009,M00298,Yes,No,No,0
CR0002580,C009,M00547,Yes,No,No,0
CR0002581,C009,M00673,Yes,Yes,No,0
CR0002582,C009,M01186,Yes,No,No,0
CR0002583,C009,M01039,Yes,No,No,0
CR0002584,C009,M00983,Yes,Yes,No,0
CR0002585,C009,M01145,Yes,No,Yes,540
CR0002586,C009,M01049,Yes,No,No,0
CR0002587,C009,M00950,Yes,No,No,0
CR0002588,C009,M00768,Yes,Yes,No,0
CR0002589,C009,M01172,Yes,No,No,0
CR0002590,C009,M00987,Yes,No,No,0
CR0002591,C009,M00370,Yes,No,No,0
CR0002592,C009,M00411,Yes,No,No,0
CR0002593,C009,M00471,Yes,No,No,0
CR0002594,C009,M00082,Yes,No,No,0
CR0002595,C009,M00187,Yes,No,No,0
CR0002596,C009,M00939,Yes,No,No,0
CR0002597,C009,M00615,Yes,No,No,0
CR0002598,C009,M00859,Yes,Yes,No,0
CR0002599,C009,M00771,Yes,No,No,0
CR0002600,C009,M01192,Yes,No,No,0
CR0002601,C009,M01290,Yes,No,No,0
CR0002602,C009,M01384,Yes,Yes,No,0
CR0002603,C009,M01318,Yes,No,No,0
CR0002604,C009,M00733,Yes,No,No,0
CR0002605,C009,M01155,Yes,No,No,0
CR0002606,C009,M00106,Yes,No,Yes,300
CR0002607,C009,M00055,Yes,No,No,0
CR0002608,C009,M01354,Yes,No,No,0
CR0002609,C009,M01277,Yes,No,No,0
CR0002610,C009,M00632,Yes,Yes,No,0
CR0002611,C009,M01286,Yes,No,Yes,540
CR0002612,C009,M00194,Yes,No,No,0
CR0002613,C009,M00386,Yes,No,No,0
CR0002614,C009,M00013,Yes,No,No,0
CR0002615,C009,M00809,Yes,No,No,0
CR0002616,C009,M01325,Yes,No,No,0
CR0002617,C009,M00901,Yes,Yes,No,0
CR0002618,C009,M00035,Yes,No,No,0
CR0002619,C009,M01242,Yes,No,No,0
CR0002620,C009,M00072,Yes,No,No,0
CR0002621,C009,M00117,Yes,No,No,0
CR0002622,C009,M01210,Yes,No,No,0
CR0002623,C009,M00748,Yes,No,No,0
CR0002624,C009,M00041,Yes,No,No,0
CR0002625,C009,M00591,Yes,Yes,No,0
CR0002626,C009,M00382,Yes,No,No,0
CR0002627,C009,M00544,Yes,Yes,No,0
CR0002628,C009,M01035,Yes,No,Yes,390
CR0002629,C009,M01316,Yes,Yes,No,0
CR0002630,C009,M01328,Yes,No,No,0
CR0002631,C009,M00767,Yes,No,No,0
CR0002632,C009,M01400,Yes,No,Yes,390
CR0002633,C009,M00155,Yes,No,No,0
CR0002634,C009,M00380,Yes,No,No,0
CR0002635,C009,M00646,Yes,No,No,0
CR0002636,C009,M00732,Yes,Yes,No,0
CR0002637,C009,M00739,Yes,No,No,0
CR0002638,C009,M01394,Yes,No,No,0
CR0002639,C009,M00679,Yes,No,No,0
CR0002640,C009,M01213,Yes,No,No,0
CR0002641,C009,M01357,Yes,Yes,Yes,480
CR0002642,C009,M00390,Yes,No,No,0
CR0002643,C009,M00337,Yes,No,No,0
CR0002644,C010,M01177,Yes,Yes,No,0
CR0002645,C010,M00688,Yes,No,No,0
CR0002646,C010,M00376,Yes,No,No,0
CR0002647,C010,M01362,Yes,No,No,0
CR0002648,C010,M00123,Yes,No,No,0
CR0002649,C010,M00041,Yes,No,No,0
CR0002650,C010,M01263,Yes,Yes,No,0
CR0002651,C010,M00488,Yes,No,No,0
CR0002652,C010,M00250,Yes,No,No,0
CR0002653,C010,M00258,Yes,No,No,0
CR0002654,C010,M00613,Yes,No,No,0
CR0002655,C010,M00851,Yes,Yes,No,0
CR0002656,C010,M01032,Yes,Yes,No,0
CR0002657,C010,M00389,Yes,No,No,0
CR0002658,C010,M01038,Yes,No,No,0
CR0002659,C010,M00071,Yes,No,No,0
CR0002660,C010,M00324,Yes,No,No,0
CR0002661,C010,M00259,Yes,No,No,0
CR0002662,C010,M00611,Yes,No,No,0
CR0002663,C010,M00108,Yes,No,No,0
CR0002664,C010,M01084,Yes,Yes,No,0
CR0002665,C010,M00127,Yes,No,No,0
CR0002666,C010,M00564,Yes,No,No,0
CR0002667,C010,M01114,Yes,No,No,0
CR0002668,C010,M01398,Yes,No,Yes,540
CR0002669,C010,M00114,Yes,No,No,0
CR0002670,C010,M00369,Yes,No,No,0
CR0002671,C010,M00786,Yes,No,No,0
CR0002672,C010,M01024,Yes,No,No,0
CR0002673,C010,M01233,Yes,No,No,0
CR0002674,C010,M00640,Yes,No,No,0
CR0002675,C010,M00277,Yes,No,No,0
CR0002676,C010,M00916,Yes,No,No,0
CR0002677,C010,M00861,Yes,No,No,0
CR0002678,C010,M01142,Yes,No,No,0
CR0002679,C010,M01188,Yes,No,No,0
CR0002680,C010,M01142,Yes,No,No,0
CR0002681,C010,M01363,Yes,No,No,0
CR0002682,C010,M00197,Yes,Yes,No,0
CR0002683,C010,M00014,Yes,Yes,No,0
CR0002684,C010,M01232,Yes,Yes,No,0
CR0002685,C010,M01325,Yes,No,No,0
CR0002686,C010,M00314,Yes,No,No,0
CR0002687,C010,M00173,Yes,Yes,No,0
CR0002688,C010,M00364,Yes,No,No,0
CR0002689,C010,M01366,Yes,Yes,No,0
CR0002690,C010,M00453,Yes,Yes,No,0
CR0002691,C010,M00429,Yes,No,No,0
CR0002692,C010,M00834,Yes,No,No,0
CR0002693,C010,M01392,Yes,No,No,0
CR0002694,C010,M00243,Yes,No,No,0
CR0002695,C010,M00825,Yes,No,No,0
CR0002696,C010,M00798,Yes,No,No,0
CR0002697,C010,M00001,Yes,No,No,0
CR0002698,C010,M00983,Yes,No,No,0
CR0002699,C010,M00702,Yes,No,No,0
CR0002700,C010,M00886,Yes,No,No,0
CR0002701,C010,M00165,Yes,No,No,0
CR0002702,C010,M00482,Yes,No,No,0
CR0002703,C010,M00337,Yes,No,No,0
CR0002704,C010,M01095,Yes,No,Yes,540
CR0002705,C010,M00932,Yes,No,No,0
CR0002706,C010,M01166,Yes,No,No,0
CR0002707,C010,M00142,Yes,No,No,0
CR0002708,C010,M01282,Yes,Yes,No,0
CR0002709,C010,M00055,Yes,No,No,0
CR0002710,C010,M00935,Yes,No,No,0
CR0002711,C010,M00813,Yes,No,No,0
CR0002712,C010,M00528,Yes,No,No,0
CR0002713,C010,M01092,Yes,No,No,0
CR0002714,C010,M01334,Yes,Yes,No,0
CR0002715,C010,M01122,Yes,No,No,0
CR0002716,C010,M00682,Yes,No,No,0
CR0002717,C010,M00819,Yes,No,No,0
CR0002718,C010,M00321,Yes,Yes,No,0
CR0002719,C010,M00541,Yes,Yes,No,0
CR0002720,C010,M00235,Yes,No,Yes,540
CR0002721,C010,M01394,Yes,No,No,0
CR0002722,C010,M00575,Yes,No,No,0
CR0002723,C010,M00936,Yes,No,No,0
CR0002724,C010,M01281,Yes,No,No,0
CR0002725,C010,M00123,Yes,No,No,0
CR0002726,C010,M00641,Yes,Yes,No,0
CR0002727,C010,M00536,Yes,No,No,0
CR0002728,C010,M00466,Yes,No,No,0
CR0002729,C010,M00523,Yes,No,No,0
CR0002730,C010,M00735,Yes,Yes,No,0
CR0002731,C010,M00315,Yes,Yes,No,0
CR0002732,C010,M01159,Yes,No,No,0
CR0002733,C010,M00948,Yes,Yes,No,0
CR0002734,C010,M00409,Yes,No,No,0
CR0002735,C010,M00740,Yes,No,No,0
CR0002736,C010,M00782,Yes,No,No,0
CR0002737,C010,M00085,Yes,No,No,0
CR0002738,C010,M00393,Yes,No,No,0
CR0002739,C010,M00088,Yes,Yes,No,0
CR0002740,C010,M01184,Yes,No,No,0
CR0002741,C010,M00193,Yes,No,No,0
CR0002742,C010,M00116,Yes,No,No,0
CR0002743,C010,M00667,Yes,No,No,0
CR0002744,C010,M00998,Yes,No,No,0
CR0002745,C010,M00930,Yes,No,No,0
CR0002746,C010,M00063,Yes,No,No,0
CR0002747,C010,M00072,Yes,No,No,0
CR0002748,C010,M01035,Yes,No,No,0
CR0002749,C010,M00170,Yes,No,No,0
CR0002750,C010,M00517,Yes,No,No,0
CR0002751,C010,M00969,Yes,No,No,0
CR0002752,C010,M00734,Yes,No,No,0
CR0002753,C010,M00645,Yes,Yes,No,0
CR0002754,C010,M00188,Yes,No,No,0
CR0002755,C010,M01059,Yes,No,No,0
CR0002756,C010,M00299,Yes,Yes,No,0
CR0002757,C010,M01386,Yes,Yes,No,0
CR0002758,C010,M00893,Yes,No,No,0
CR0002759,C010,M01233,Yes,Yes,No,0
CR0002760,C010,M00303,Yes,Yes,No,0
CR0002761,C010,M00251,Yes,No,No,0
CR0002762,C010,M00896,Yes,Yes,No,0
CR0002763,C010,M00679,Yes,No,No,0
CR0002764,C010,M00333,Yes,No,No,0
CR0002765,C010,M00632,Yes,No,No,0
CR0002766,C010,M01366,Yes,No,No,0
CR0002767,C010,M00401,Yes,No,No,0
CR0002768,C010,M01334,Yes,No,No,0
CR0002769,C010,M00968,Yes,Yes,No,0
CR0002770,C010,M01116,Yes,No,No,0
CR0002771,C010,M01331,Yes,No,No,0
CR0002772,C010,M00524,Yes,No,No,0
CR0002773,C010,M00542,Yes,No,No,0
CR0002774,C010,M00935,Yes,No,No,0
CR0002775,C010,M01331,Yes,No,No,0
CR0002776,C010,M00616,Yes,No,No,0
CR0002777,C010,M00398,Yes,No,No,0
CR0002778,C010,M01129,Yes,No,No,0
CR0002779,C010,M00672,Yes,No,No,0
CR0002780,C010,M00759,Yes,Yes,No,0
CR0002781,C010,M00568,Yes,No,No,0
CR0002782,C010,M00830,Yes,No,No,0
CR0002783,C010,M01373,Yes,No,No,0
CR0002784,C010,M00530,Yes,No,No,0
CR0002785,C010,M00222,Yes,No,No,0
CR0002786,C010,M01150,Yes,Yes,No,0
CR0002787,C010,M00220,Yes,No,No,0
CR0002788,C010,M01187,Yes,No,No,0
CR0002789,C010,M00163,Yes,Yes,No,0
CR0002790,C010,M00056,Yes,Yes,No,0
CR0002791,C010,M01287,Yes,No,No,0
CR0002792,C010,M00109,Yes,Yes,No,0
CR0002793,C010,M00146,Yes,No,No,0
CR0002794,C010,M00549,Yes,No,No,0
CR0002795,C010,M00800,Yes,No,Yes,540
CR0002796,C010,M00495,Yes,No,No,0
CR0002797,C010,M00844,Yes,Yes,No,0
CR0002798,C010,M00028,Yes,No,No,0
CR0002799,C010,M00332,Yes,No,No,0
CR0002800,C010,M00896,Yes,No,No,0
CR0002801,C010,M01117,Yes,No,No,0
CR0002802,C010,M01175,Yes,No,No,0
CR0002803,C010,M00402,Yes,No,No,0
CR0002804,C010,M00316,Yes,No,Yes,840
CR0002805,C010,M00904,Yes,No,No,0
CR0002806,C010,M00853,Yes,Yes,No,0
CR0002807,C010,M00404,Yes,No,No,0
CR0002808,C010,M00624,Yes,No,No,0
CR0002809,C010,M00423,Yes,No,No,0
CR0002810,C010,M00415,Yes,No,No,0
CR0002811,C010,M00408,Yes,Yes,Yes,480
CR0002812,C010,M01250,Yes,No,No,0
CR0002813,C010,M01131,Yes,Yes,No,0
CR0002814,C010,M00910,Yes,No,No,0
CR0002815,C010,M01344,Yes,No,No,0
CR0002816,C010,M00425,Yes,Yes,No,0
CR0002817,C010,M01258,Yes,Yes,No,0
CR0002818,C010,M01247,Yes,No,No,0
CR0002819,C010,M00311,Yes,No,No,0
CR0002820,C010,M01386,Yes,No,No,0
CR0002821,C010,M00793,Yes,No,No,0
CR0002822,C010,M00393,Yes,No,No,0
CR0002823,C010,M00918,Yes,No,No,0
CR0002824,C010,M01191,Yes,No,No,0
CR0002825,C010,M00659,Yes,No,No,0
CR0002826,C010,M00146,Yes,Yes,No,0
CR0002827,C010,M00110,Yes,No,No,0
CR0002828,C010,M00698,Yes,No,No,0
CR0002829,C010,M00682,Yes,No,No,0
CR0002830,C010,M00642,Yes,No,No,0
CR0002831,C010,M01301,Yes,No,No,0
CR0002832,C010,M00769,Yes,No,No,0
CR0002833,C010,M01248,Yes,Yes,No,0
CR0002834,C010,M00118,Yes,No,No,0
CR0002835,C010,M00363,Yes,No,No,0
CR0002836,C010,M01343,Yes,No,No,0
CR0002837,C010,M00197,Yes,No,No,0
CR0002838,C010,M01057,Yes,No,No,0
CR0002839,C010,M00240,Yes,No,No,0
CR0002840,C010,M00271,Yes,No,No,0
CR0002841,C010,M00580,Yes,Yes,No,0
CR0002842,C010,M00501,Yes,No,No,0
CR0002843,C010,M01373,Yes,No,No,0
CR0002844,C010,M00624,Yes,No,No,0
CR0002845,C010,M00064,Yes,No,Yes,390
CR0002846,C010,M00228,Yes,No,No,0
CR0002847,C010,M01382,Yes,No,No,0
CR0002848,C010,M00278,Yes,No,No,0
CR0002849,C010,M00307,Yes,No,No,0
CR0002850,C010,M00991,Yes,No,No,0
CR0002851,C010,M01127,Yes,No,No,0
CR0002852,C010,M01386,Yes,No,No,0
CR0002853,C010,M00456,Yes,Yes,No,0
CR0002854,C010,M00260,Yes,No,Yes,480
CR0002855,C010,M00314,Yes,No,No,0
CR0002856,C010,M01079,Yes,Yes,No,0
CR0002857,C010,M01309,Yes,No,No,0
CR0002858,C010,M00161,Yes,No,No,0
CR0002859,C010,M00512,Yes,No,No,0
CR0002860,C010,M00183,Yes,Yes,No,0
CR0002861,C010,M01267,Yes,No,No,0
CR0002862,C010,M00516,Yes,Yes,No,0
CR0002863,C010,M01331,Yes,No,No,0
CR0002864,C010,M00522,Yes,No,No,0
CR0002865,C010,M01215,Yes,No,No,0
CR0002866,C010,M01337,Yes,No,No,0
CR0002867,C010,M00262,Yes,No,No,0
CR0002868,C010,M00641,Yes,No,No,0
CR0002869,C010,M00977,Yes,No,Yes,540
CR0002870,C010,M00649,Yes,No,No,0
CR0002871,C010,M00994,Yes,No,No,0
CR0002872,C010,M00104,Yes,No,No,0
CR0002873,C010,M01174,Yes,No,No,0
CR0002874,C010,M01344,Yes,No,No,0
CR0002875,C010,M01283,Yes,No,No,0
CR0002876,C010,M00414,Yes,Yes,No,0
CR0002877,C010,M00137,Yes,No,No,0
CR0002878,C010,M01051,Yes,No,No,0
CR0002879,C010,M00780,Yes,Yes,No,0
CR0002880,C010,M01318,Yes,Yes,No,0
CR0002881,C010,M01127,Yes,Yes,No,0
CR0002882,C010,M00619,Yes,No,No,0
CR0002883,C010,M00502,Yes,No,No,0
CR0002884,C010,M01310,Yes,Yes,No,0
CR0002885,C010,M00711,Yes,No,No,0
CR0002886,C010,M00319,Yes,No,No,0
CR0002887,C010,M00982,Yes,No,No,0
CR0002888,C010,M00900,Yes,Yes,No,0
CR0002889,C010,M00689,Yes,No,No,0
CR0002890,C010,M01020,Yes,Yes,No,0
CR0002891,C010,M00452,Yes,No,No,0
CR0002892,C010,M00795,Yes,No,No,0
CR0002893,C010,M00234,Yes,No,No,0
CR0002894,C010,M00790,Yes,Yes,No,0
CR0002895,C010,M00133,Yes,No,No,0
CR0002896,C010,M01038,Yes,No,Yes,540
CR0002897,C010,M01049,Yes,No,No,0
CR0002898,C010,M00411,Yes,No,No,0
CR0002899,C010,M00646,Yes,No,No,0
CR0002900,C010,M00753,Yes,No,No,0
CR0002901,C010,M00197,Yes,Yes,No,0
CR0002902,C010,M00813,Yes,No,No,0
CR0002903,C010,M00517,Yes,No,No,0
CR0002904,C010,M01228,Yes,No,No,0
CR0002905,C010,M00995,Yes,Yes,No,0
CR0002906,C010,M00017,Yes,No,No,0
CR0002907,C010,M00271,Yes,No,No,0
CR0002908,C010,M01378,Yes,Yes,No,0
CR0002909,C010,M00674,Yes,No,No,0
CR0002910,C010,M00980,Yes,No,No,0
CR0002911,C010,M01264,Yes,Yes,No,0
CR0002912,C010,M00063,Yes,No,No,0
CR0002913,C010,M00593,Yes,No,No,0
CR0002914,C010,M00520,Yes,Yes,No,0
CR0002915,C010,M00979,Yes,Yes,Yes,840
CR0002916,C010,M00116,Yes,No,No,0
CR0002917,C010,M00541,Yes,No,No,0
CR0002918,C010,M00501,Yes,No,No,0
CR0002919,C010,M00258,Yes,No,No,0
CR0002920,C010,M00083,Yes,No,Yes,540
CR0002921,C010,M01195,Yes,Yes,No,0
CR0002922,C010,M00326,Yes,No,No,0
CR0002923,C010,M01321,Yes,No,No,0
CR0002924,C010,M01304,Yes,No,No,0
CR0002925,C010,M01137,Yes,No,No,0
CR0002926,C010,M01008,Yes,No,No,0
CR0002927,C010,M01350,Yes,No,No,0
CR0002928,C010,M00747,Yes,No,No,0
CR0002929,C010,M01335,Yes,No,No,0
CR0002930,C010,M00350,Yes,No,No,0
CR0002931,C010,M00080,Yes,No,No,0
CR0002932,C010,M01201,Yes,No,No,0
CR0002933,C010,M00025,Yes,No,No,0
CR0002934,C010,M00077,Yes,Yes,No,0
CR0002935,C010,M00870,Yes,Yes,No,0
CR0002936,C010,M00435,Yes,Yes,No,0
CR0002937,C010,M00224,Yes,No,No,0
CR0002938,C010,M00882,Yes,Yes,No,0
CR0002939,C010,M00929,Yes,No,No,0
CR0002940,C010,M00904,Yes,No,No,0
CR0002941,C010,M00970,Yes,Yes,No,0
CR0002942,C010,M00833,Yes,No,No,0
CR0002943,C010,M00906,Yes,No,No,0
CR0002944,C010,M00637,Yes,No,No,0
CR0002945,C010,M00322,Yes,No,No,0
CR0002946,C010,M00073,Yes,No,No,0
CR0002947,C010,M01056,Yes,No,No,0
CR0002948,C010,M00006,Yes,Yes,No,0
CR0002949,C010,M00836,Yes,No,No,0
CR0002950,C010,M00345,Yes,No,No,0
CR0002951,C010,M00492,Yes,No,No,0
CR0002952,C010,M00341,Yes,Yes,No,0
CR0002953,C010,M00060,Yes,No,No,0
CR0002954,C010,M00794,Yes,No,No,0
CR0002955,C010,M01244,Yes,No,No,0
CR0002956,C010,M01368,Yes,No,No,0
CR0002957,C010,M01178,Yes,No,No,0
CR0002958,C010,M00730,Yes,No,No,0
CR0002959,C010,M01187,Yes,No,No,0
CR0002960,C010,M00323,Yes,No,No,0
CR0002961,C010,M00070,Yes,No,No,0
CR0002962,C010,M00481,Yes,No,Yes,300
CR0002963,C010,M00357,Yes,No,No,0
CR0002964,C010,M00788,Yes,No,No,0
CR0002965,C010,M01233,Yes,No,No,0
CR0002966,C010,M00654,Yes,No,No,0
CR0002967,C010,M01386,Yes,No,No,0
CR0002968,C010,M00976,Yes,No,No,0
CR0002969,C010,M00536,Yes,No,No,0
CR0002970,C010,M00388,Yes,No,No,0
CR0002971,C010,M00306,Yes,No,No,0
CR0002972,C010,M00360,Yes,No,No,0
CR0002973,C010,M01376,Yes,No,Yes,840
CR0002974,C010,M00762,Yes,No,No,0
CR0002975,C010,M01001,Yes,No,No,0
CR0002976,C010,M00293,Yes,No,No,0
CR0002977,C010,M00775,Yes,No,Yes,480
CR0002978,C010,M00039,Yes,No,No,0
CR0002979,C010,M01035,Yes,No,Yes,390
CR0002980,C010,M01166,Yes,No,No,0
CR0002981,C010,M00790,Yes,Yes,No,0
CR0002982,C010,M00452,Yes,No,No,0
CR0002983,C010,M00772,Yes,No,No,0
CR0002984,C010,M00825,Yes,No,No,0
CR0002985,C010,M01242,Yes,No,No,0
CR0002986,C010,M01070,Yes,Yes,No,0
CR0002987,C010,M00806,Yes,No,No,0
CR0002988,C010,M00908,Yes,Yes,No,0
CR0002989,C010,M00578,Yes,No,No,0
CR0002990,C010,M01054,Yes,Yes,No,0
CR0002991,C010,M00424,Yes,Yes,No,0
CR0002992,C010,M01303,Yes,No,No,0
CR0002993,C011,M01195,Yes,No,No,0
CR0002994,C011,M01098,Yes,No,No,0
CR0002995,C011,M00439,Yes,Yes,No,0
CR0002996,C011,M00628,Yes,No,No,0
CR0002997,C011,M01360,Yes,No,Yes,540
CR0002998,C011,M01193,Yes,No,No,0
CR0002999,C011,M01383,Yes,No,No,0
CR0003000,C011,M00442,Yes,No,No,0
CR0003001,C011,M01309,Yes,No,No,0
CR0003002,C011,M00209,Yes,No,No,0
CR0003003,C011,M00449,Yes,No,No,0
CR0003004,C011,M00871,Yes,Yes,No,0
CR0003005,C011,M01004,Yes,No,No,0
CR0003006,C011,M01362,Yes,No,No,0
CR0003007,C011,M00930,Yes,Yes,Yes,540
CR0003008,C011,M00684,Yes,No,No,0
CR0003009,C011,M00945,Yes,No,Yes,540
CR0003010,C011,M00789,Yes,Yes,No,0
CR0003011,C011,M01301,Yes,No,Yes,480
CR0003012,C011,M00165,Yes,No,No,0
CR0003013,C011,M01150,Yes,No,Yes,540
CR0003014,C011,M00812,Yes,Yes,No,0
CR0003015,C011,M00089,Yes,No,No,0
CR0003016,C011,M01400,Yes,Yes,No,0
CR0003017,C011,M00570,Yes,No,No,0
CR0003018,C011,M00818,Yes,No,No,0
CR0003019,C011,M00293,Yes,Yes,No,0
CR0003020,C011,M00939,Yes,No,No,0
CR0003021,C011,M00946,Yes,No,No,0
CR0003022,C011,M00839,Yes,Yes,No,0
CR0003023,C011,M00859,Yes,Yes,No,0
CR0003024,C011,M01154,Yes,Yes,No,0
CR0003025,C011,M01176,Yes,No,No,0
CR0003026,C011,M00974,Yes,No,Yes,540
CR0003027,C011,M01137,Yes,No,Yes,840
CR0003028,C011,M00581,Yes,Yes,No,0
CR0003029,C011,M01191,Yes,No,No,0
CR0003030,C011,M00961,Yes,No,No,0
CR0003031,C011,M00507,Yes,No,No,0
CR0003032,C011,M00842,Yes,No,No,0
CR0003033,C011,M00122,Yes,Yes,No,0
CR0003034,C011,M00538,Yes,No,No,0
CR0003035,C011,M00472,Yes,No,No,0
CR0003036,C011,M00832,Yes,Yes,No,0
CR0003037,C011,M00663,Yes,No,No,0
CR0003038,C011,M00116,Yes,No,No,0
CR0003039,C011,M00495,Yes,No,No,0
CR0003040,C011,M00105,Yes,No,No,0
CR0003041,C011,M01120,Yes,No,No,0
CR0003042,C011,M00061,Yes,No,No,0
CR0003043,C011,M00419,Yes,No,No,0
CR0003044,C011,M00085,Yes,No,No,0
CR0003045,C011,M00101,Yes,No,No,0
CR0003046,C011,M00683,Yes,No,Yes,540
CR0003047,C011,M00242,Yes,No,No,0
CR0003048,C011,M00287,Yes,Yes,No,0
CR0003049,C011,M01381,Yes,No,No,0
CR0003050,C011,M00741,Yes,No,No,0
CR0003051,C011,M00986,Yes,No,No,0
CR0003052,C011,M00970,Yes,No,No,0
CR0003053,C011,M00768,Yes,Yes,Yes,540
CR0003054,C011,M00814,Yes,No,No,0
CR0003055,C011,M01304,Yes,No,No,0
CR0003056,C011,M00841,Yes,No,No,0
CR0003057,C011,M00386,Yes,Yes,No,0
CR0003058,C011,M00566,Yes,No,Yes,540
CR0003059,C011,M01011,Yes,No,No,0
CR0003060,C011,M00954,Yes,No,No,0
CR0003061,C011,M01218,Yes,No,No,0
CR0003062,C011,M01174,Yes,Yes,No,0
CR0003063,C011,M00491,Yes,No,No,0
CR0003064,C011,M00589,Yes,No,No,0
CR0003065,C011,M00522,Yes,No,No,0
CR0003066,C011,M00416,Yes,No,No,0
CR0003067,C011,M00716,Yes,No,No,0
CR0003068,C011,M01279,Yes,No,No,0
CR0003069,C011,M00343,Yes,No,No,0
CR0003070,C011,M01189,Yes,No,No,0
CR0003071,C011,M01048,Yes,No,Yes,480
CR0003072,C011,M01165,Yes,No,No,0
CR0003073,C011,M00722,Yes,No,No,0
CR0003074,C011,M01121,Yes,No,No,0
CR0003075,C011,M00474,Yes,No,No,0
CR0003076,C011,M00727,Yes,No,No,0
CR0003077,C011,M01193,Yes,No,No,0
CR0003078,C011,M00493,Yes,Yes,No,0
CR0003079,C011,M00610,Yes,No,No,0
CR0003080,C011,M00846,Yes,No,No,0
CR0003081,C011,M00328,Yes,No,No,0
CR0003082,C011,M00174,Yes,Yes,No,0
CR0003083,C011,M00734,Yes,Yes,No,0
CR0003084,C011,M00816,Yes,Yes,Yes,480
CR0003085,C011,M00999,Yes,No,No,0
CR0003086,C011,M00350,Yes,No,No,0
CR0003087,C011,M00711,Yes,No,Yes,540
CR0003088,C011,M01024,Yes,No,No,0
CR0003089,C011,M00016,Yes,No,No,0
CR0003090,C011,M00355,Yes,Yes,No,0
CR0003091,C011,M00425,Yes,No,No,0
CR0003092,C011,M01039,Yes,Yes,No,0
CR0003093,C011,M00440,Yes,No,No,0
CR0003094,C011,M01198,Yes,No,No,0
CR0003095,C011,M00953,Yes,Yes,No,0
CR0003096,C011,M00193,Yes,No,No,0
CR0003097,C011,M01214,Yes,No,No,0
CR0003098,C011,M00618,Yes,Yes,No,0
CR0003099,C011,M00296,Yes,Yes,No,0
CR0003100,C011,M00136,Yes,No,No,0
CR0003101,C011,M00035,Yes,No,No,0
CR0003102,C011,M01100,Yes,No,No,0
CR0003103,C011,M00944,Yes,No,No,0
CR0003104,C011,M00367,Yes,No,No,0
CR0003105,C011,M01372,Yes,No,No,0
CR0003106,C011,M00474,Yes,Yes,No,0
CR0003107,C011,M01294,Yes,No,No,0
CR0003108,C011,M00091,Yes,No,No,0
CR0003109,C011,M00115,Yes,Yes,Yes,540
CR0003110,C011,M00896,Yes,No,No,0
CR0003111,C011,M00717,Yes,No,No,0
CR0003112,C011,M01066,Yes,No,No,0
CR0003113,C011,M00222,Yes,Yes,No,0
CR0003114,C011,M00745,Yes,No,No,0
CR0003115,C011,M00837,Yes,No,No,0
CR0003116,C011,M00785,Yes,No,No,0
CR0003117,C011,M00723,Yes,No,No,0
CR0003118,C011,M00104,Yes,No,No,0
CR0003119,C011,M00748,Yes,No,Yes,540
CR0003120,C011,M00401,Yes,Yes,No,0
CR0003121,C011,M00258,Yes,Yes,No,0
CR0003122,C011,M01135,Yes,No,Yes,540
CR0003123,C011,M00165,Yes,Yes,No,0
CR0003124,C011,M00770,Yes,No,No,0
CR0003125,C011,M01043,Yes,No,No,0
CR0003126,C011,M00392,Yes,No,No,0
CR0003127,C011,M01183,Yes,No,No,0
CR0003128,C011,M00773,Yes,Yes,No,0
CR0003129,C011,M00178,Yes,Yes,Yes,540
CR0003130,C011,M01229,Yes,No,No,0
CR0003131,C011,M00596,Yes,No,No,0
CR0003132,C011,M00164,Yes,No,No,0
CR0003133,C011,M01211,Yes,No,No,0
CR0003134,C011,M00828,Yes,Yes,No,0
CR0003135,C011,M00626,Yes,No,No,0
CR0003136,C011,M00873,Yes,No,Yes,300
CR0003137,C011,M00052,Yes,No,Yes,540
CR0003138,C011,M00332,Yes,No,Yes,390
CR0003139,C011,M00410,Yes,Yes,No,0
CR0003140,C011,M01222,Yes,No,No,0
CR0003141,C011,M00599,Yes,No,No,0
CR0003142,C011,M00169,Yes,Yes,No,0
CR0003143,C011,M01271,Yes,No,No,0
CR0003144,C011,M00013,Yes,Yes,No,0
CR0003145,C011,M01149,Yes,No,No,0
CR0003146,C011,M00204,Yes,No,No,0
CR0003147,C011,M00536,Yes,No,No,0
CR0003148,C011,M00480,Yes,Yes,No,0
CR0003149,C011,M00276,Yes,Yes,No,0
CR0003150,C011,M00134,Yes,No,Yes,480
CR0003151,C011,M00095,Yes,No,No,0
CR0003152,C011,M01129,Yes,No,No,0
CR0003153,C011,M00629,Yes,Yes,No,0
CR0003154,C011,M00491,Yes,No,No,0
CR0003155,C011,M01341,Yes,No,No,0
CR0003156,C011,M00668,Yes,No,No,0
CR0003157,C011,M00841,Yes,Yes,No,0
CR0003158,C011,M00283,Yes,Yes,No,0
CR0003159,C011,M00730,Yes,No,No,0
CR0003160,C011,M01213,Yes,No,No,0
CR0003161,C011,M00402,Yes,No,No,0
CR0003162,C011,M00693,Yes,No,No,0
CR0003163,C011,M00625,Yes,No,No,0
CR0003164,C011,M00946,Yes,No,No,0
CR0003165,C011,M01178,Yes,No,No,0
CR0003166,C011,M00594,Yes,No,No,0
CR0003167,C011,M00318,Yes,No,No,0
CR0003168,C011,M00952,Yes,Yes,No,0
CR0003169,C011,M00794,Yes,No,No,0
CR0003170,C011,M00518,Yes,No,No,0
CR0003171,C011,M00861,Yes,No,No,0
CR0003172,C011,M00017,Yes,No,No,0
CR0003173,C011,M00065,Yes,No,No,0
CR0003174,C011,M00179,Yes,No,No,0
CR0003175,C011,M00069,Yes,Yes,No,0
CR0003176,C011,M00783,Yes,Yes,No,0
CR0003177,C011,M01283,Yes,No,Yes,540
CR0003178,C011,M00711,Yes,No,No,0
CR0003179,C011,M00778,Yes,No,No,0
CR0003180,C011,M00215,Yes,No,Yes,540
CR0003181,C011,M01021,Yes,No,No,0
CR0003182,C011,M01016,Yes,Yes,No,0
CR0003183,C011,M00289,Yes,No,Yes,480
CR0003184,C011,M01277,Yes,No,No,0
CR0003185,C011,M00161,Yes,No,No,0
CR0003186,C011,M00955,Yes,No,Yes,540
CR0003187,C011,M00327,Yes,Yes,No,0
CR0003188,C011,M00320,Yes,No,No,0
CR0003189,C011,M00491,Yes,No,Yes,540
CR0003190,C011,M00181,Yes,No,No,0
CR0003191,C011,M00350,Yes,Yes,No,0
CR0003192,C011,M01198,Yes,No,No,0
CR0003193,C011,M00877,Yes,No,No,0
CR0003194,C011,M00996,Yes,No,No,0
CR0003195,C011,M01063,Yes,Yes,No,0
CR0003196,C011,M00496,Yes,No,No,0
CR0003197,C011,M00134,Yes,Yes,No,0
CR0003198,C011,M00511,Yes,No,No,0
CR0003199,C011,M01253,Yes,No,Yes,480
CR0003200,C011,M00609,Yes,No,No,0
CR0003201,C011,M01363,Yes,No,No,0
CR0003202,C011,M00043,Yes,No,Yes,540
CR0003203,C011,M00812,Yes,No,No,0
CR0003204,C011,M00826,Yes,No,No,0
CR0003205,C011,M00747,Yes,No,No,0
CR0003206,C011,M00730,Yes,Yes,No,0
CR0003207,C011,M00232,Yes,No,No,0
CR0003208,C011,M01057,Yes,Yes,No,0
CR0003209,C011,M00430,Yes,Yes,No,0
CR0003210,C011,M00007,Yes,No,No,0
CR0003211,C011,M00529,Yes,Yes,No,0
CR0003212,C011,M00051,Yes,Yes,No,0
CR0003213,C011,M00357,Yes,No,No,0
CR0003214,C011,M01200,Yes,No,Yes,840
CR0003215,C011,M00071,Yes,No,No,0
CR0003216,C011,M00451,Yes,No,No,0
CR0003217,C011,M00505,Yes,No,No,0
CR0003218,C011,M01383,Yes,No,No,0
CR0003219,C011,M00946,Yes,No,No,0
CR0003220,C011,M00638,Yes,No,No,0
CR0003221,C011,M00723,Yes,No,No,0
CR0003222,C011,M00299,Yes,No,No,0
CR0003223,C011,M01234,Yes,No,No,0
CR0003224,C011,M01227,Yes,No,No,0
CR0003225,C011,M00897,Yes,Yes,No,0
CR0003226,C011,M00770,Yes,No,No,0
CR0003227,C011,M00652,Yes,No,Yes,840
CR0003228,C011,M00157,Yes,No,No,0
CR0003229,C011,M00967,Yes,No,No,0
CR0003230,C011,M00998,Yes,No,No,0
CR0003231,C011,M00004,Yes,Yes,No,0
CR0003232,C011,M01065,Yes,No,No,0
CR0003233,C011,M00271,Yes,No,No,0
CR0003234,C011,M01092,Yes,Yes,Yes,540
CR0003235,C011,M00132,Yes,No,No,0
CR0003236,C012,M00546,Yes,No,No,0
CR0003237,C012,M01145,Yes,No,No,0
CR0003238,C012,M00899,Yes,No,No,0
CR0003239,C012,M00440,Yes,No,No,0
CR0003240,C012,M01359,Yes,Yes,No,0
CR0003241,C012,M00762,Yes,No,No,0
CR0003242,C012,M00370,Yes,No,No,0
CR0003243,C012,M00350,Yes,No,No,0
CR0003244,C012,M00166,Yes,No,No,0
CR0003245,C012,M01381,Yes,Yes,No,0
CR0003246,C012,M00427,Yes,No,No,0
CR0003247,C012,M01132,Yes,No,No,0
CR0003248,C012,M00506,Yes,No,No,0
CR0003249,C012,M00008,Yes,No,No,0
CR0003250,C012,M00438,Yes,No,No,0
CR0003251,C012,M00688,Yes,No,No,0
CR0003252,C012,M00933,Yes,No,No,0
CR0003253,C012,M00374,Yes,No,No,0
CR0003254,C012,M00169,Yes,No,No,0
CR0003255,C012,M01185,Yes,No,No,0
CR0003256,C012,M01334,Yes,No,No,0
CR0003257,C012,M00173,Yes,Yes,No,0
CR0003258,C012,M01168,Yes,No,No,0
CR0003259,C012,M00039,Yes,No,No,0
CR0003260,C012,M00359,Yes,No,No,0
CR0003261,C012,M00725,Yes,No,No,0
CR0003262,C012,M01267,Yes,No,No,0
CR0003263,C012,M00414,Yes,Yes,No,0
CR0003264,C012,M01056,Yes,No,No,0
CR0003265,C012,M00759,Yes,Yes,No,0
CR0003266,C012,M01295,Yes,No,Yes,540
CR0003267,C012,M01262,Yes,Yes,No,0
CR0003268,C012,M00454,Yes,No,No,0
CR0003269,C012,M00982,Yes,No,No,0
CR0003270,C012,M00407,Yes,No,No,0
CR0003271,C012,M00411,Yes,No,No,0
CR0003272,C012,M00333,Yes,Yes,No,0
CR0003273,C012,M01027,Yes,No,No,0
CR0003274,C012,M00459,Yes,Yes,No,0
CR0003275,C012,M00751,Yes,No,No,0
CR0003276,C012,M00480,Yes,No,No,0
CR0003277,C012,M00950,Yes,No,No,0
CR0003278,C012,M00836,Yes,Yes,No,0
CR0003279,C012,M00225,Yes,Yes,No,0
CR0003280,C012,M01171,Yes,Yes,No,0
CR0003281,C012,M00129,Yes,No,No,0
CR0003282,C012,M01365,Yes,No,No,0
CR0003283,C012,M01099,Yes,Yes,No,0
CR0003284,C012,M00055,Yes,No,No,0
CR0003285,C012,M00146,Yes,No,Yes,390
CR0003286,C012,M00438,Yes,No,No,0
CR0003287,C012,M00564,Yes,No,No,0
CR0003288,C012,M00669,Yes,No,No,0
CR0003289,C012,M00872,Yes,No,No,0
CR0003290,C012,M00654,Yes,No,No,0
CR0003291,C012,M00487,Yes,No,No,0
CR0003292,C012,M01282,Yes,No,No,0
CR0003293,C012,M00879,Yes,Yes,No,0
CR0003294,C012,M00218,Yes,No,No,0
CR0003295,C012,M00917,Yes,Yes,No,0
CR0003296,C012,M00999,Yes,No,No,0
CR0003297,C012,M00004,Yes,Yes,No,0
CR0003298,C012,M00550,Yes,No,No,0
CR0003299,C012,M00257,Yes,No,No,0
CR0003300,C012,M01194,Yes,Yes,No,0
CR0003301,C012,M00753,Yes,No,No,0
CR0003302,C012,M01274,Yes,Yes,No,0
CR0003303,C012,M01113,Yes,No,No,0
CR0003304,C012,M00640,Yes,Yes,No,0
CR0003305,C012,M00112,Yes,No,No,0
CR0003306,C012,M01183,Yes,No,Yes,840
CR0003307,C012,M01089,Yes,Yes,No,0
CR0003308,C012,M01282,Yes,No,No,0
CR0003309,C012,M01173,Yes,Yes,No,0
CR0003310,C012,M00436,Yes,No,No,0
CR0003311,C012,M01323,Yes,No,No,0
CR0003312,C012,M00660,Yes,No,No,0
CR0003313,C012,M00902,Yes,No,Yes,840
CR0003314,C012,M01218,Yes,No,No,0
CR0003315,C012,M00743,Yes,No,No,0
CR0003316,C012,M01324,Yes,No,Yes,840
CR0003317,C012,M01203,Yes,No,No,0
CR0003318,C012,M00777,Yes,No,No,0
CR0003319,C012,M00629,Yes,No,No,0
CR0003320,C012,M01018,Yes,Yes,No,0
CR0003321,C012,M01299,Yes,No,No,0
CR0003322,C012,M00941,Yes,No,Yes,840
CR0003323,C012,M00718,Yes,No,No,0
CR0003324,C012,M00294,Yes,Yes,No,0
CR0003325,C012,M00234,Yes,No,No,0
CR0003326,C012,M01043,Yes,No,No,0
CR0003327,C012,M00657,Yes,No,No,0
CR0003328,C012,M00794,Yes,Yes,No,0
CR0003329,C012,M00515,Yes,Yes,No,0
CR0003330,C012,M00100,Yes,No,No,0
CR0003331,C012,M00996,Yes,No,No,0
CR0003332,C012,M00340,Yes,No,No,0
CR0003333,C012,M01213,Yes,No,No,0
CR0003334,C012,M01023,Yes,Yes,No,0
CR0003335,C012,M00899,Yes,Yes,No,0
CR0003336,C012,M00105,Yes,No,No,0
CR0003337,C012,M00952,Yes,No,Yes,540
CR0003338,C012,M01212,Yes,Yes,No,0
CR0003339,C012,M00292,Yes,No,No,0
CR0003340,C012,M01186,Yes,No,No,0
CR0003341,C012,M00266,Yes,No,No,0
CR0003342,C012,M01208,Yes,No,No,0
CR0003343,C012,M01080,Yes,No,No,0
CR0003344,C012,M00571,Yes,No,No,0
CR0003345,C012,M00839,Yes,No,No,0
CR0003346,C012,M00430,Yes,No,No,0
CR0003347,C012,M00818,Yes,No,No,0
CR0003348,C012,M00936,Yes,No,No,0
CR0003349,C012,M00940,Yes,Yes,No,0
CR0003350,C012,M00571,Yes,No,No,0
CR0003351,C012,M00240,Yes,No,No,0
CR0003352,C012,M00295,Yes,No,No,0
CR0003353,C012,M00383,Yes,No,Yes,480
CR0003354,C012,M00748,Yes,No,No,0
CR0003355,C012,M01002,Yes,No,No,0
CR0003356,C012,M01069,Yes,No,Yes,390
CR0003357,C012,M01225,Yes,No,No,0
CR0003358,C012,M01019,Yes,No,No,0
CR0003359,C012,M01270,Yes,Yes,No,0
CR0003360,C012,M01281,Yes,No,No,0
CR0003361,C012,M00718,Yes,Yes,No,0
CR0003362,C012,M00481,Yes,No,No,0
CR0003363,C012,M00852,Yes,No,No,0
CR0003364,C012,M00306,Yes,No,No,0
CR0003365,C012,M00443,Yes,No,No,0
CR0003366,C012,M00470,Yes,No,No,0
CR0003367,C012,M00585,Yes,No,No,0
CR0003368,C012,M00658,Yes,Yes,No,0
CR0003369,C012,M00541,Yes,No,Yes,840
CR0003370,C012,M00833,Yes,No,No,0
CR0003371,C012,M00918,Yes,No,No,0
CR0003372,C012,M00444,Yes,No,No,0
CR0003373,C012,M00460,Yes,No,No,0
CR0003374,C012,M00612,Yes,Yes,No,0
CR0003375,C012,M00638,Yes,No,No,0
CR0003376,C012,M00022,Yes,No,No,0
CR0003377,C012,M00557,Yes,Yes,No,0
CR0003378,C012,M00870,Yes,No,No,0
CR0003379,C012,M01333,Yes,No,No,0
CR0003380,C012,M00248,Yes,No,No,0
CR0003381,C012,M01132,Yes,Yes,No,0
CR0003382,C012,M00674,Yes,No,No,0
CR0003383,C012,M00697,Yes,No,No,0
CR0003384,C012,M00108,Yes,No,No,0
CR0003385,C012,M00403,Yes,No,No,0
CR0003386,C012,M00411,Yes,Yes,No,0
CR0003387,C012,M00042,Yes,No,No,0
CR0003388,C012,M01009,Yes,No,No,0
CR0003389,C012,M00313,Yes,No,No,0
CR0003390,C012,M01112,Yes,No,No,0
CR0003391,C012,M01341,Yes,No,No,0
CR0003392,C012,M00715,Yes,No,Yes,540
CR0003393,C012,M01375,Yes,No,No,0
CR0003394,C012,M01152,Yes,No,No,0
CR0003395,C012,M01008,Yes,No,No,0
CR0003396,C012,M00309,Yes,No,No,0
CR0003397,C012,M00149,Yes,No,No,0
CR0003398,C012,M00025,Yes,No,No,0
CR0003399,C012,M01305,Yes,No,No,0
CR0003400,C012,M01375,Yes,No,No,0
CR0003401,C012,M00682,Yes,No,No,0
CR0003402,C012,M00329,Yes,No,No,0
CR0003403,C012,M00121,Yes,No,No,0
CR0003404,C012,M00806,Yes,No,No,0
CR0003405,C012,M00548,Yes,No,No,0
CR0003406,C012,M00978,Yes,No,No,0
CR0003407,C012,M00561,Yes,No,No,0
CR0003408,C012,M00891,Yes,No,No,0
CR0003409,C012,M01324,Yes,No,No,0
CR0003410,C012,M00719,Yes,No,No,0
CR0003411,C012,M00378,Yes,No,No,0
CR0003412,C012,M00564,Yes,No,No,0
CR0003413,C012,M00664,Yes,No,No,0
CR0003414,C012,M01067,Yes,No,No,0
CR0003415,C012,M01174,Yes,No,No,0
CR0003416,C012,M00875,Yes,No,No,0
CR0003417,C012,M00778,Yes,No,No,0
CR0003418,C012,M01297,Yes,Yes,No,0
CR0003419,C012,M00833,Yes,Yes,No,0
CR0003420,C012,M00518,Yes,No,No,0
CR0003421,C012,M00670,Yes,No,No,0
CR0003422,C012,M00799,Yes,No,No,0
CR0003423,C012,M01207,Yes,No,No,0
CR0003424,C012,M00727,Yes,Yes,No,0
CR0003425,C012,M00343,Yes,No,No,0
CR0003426,C012,M00980,Yes,No,No,0
CR0003427,C012,M00146,Yes,No,No,0
CR0003428,C012,M00965,Yes,No,No,0
CR0003429,C012,M00101,Yes,No,No,0
CR0003430,C012,M00409,Yes,No,No,0
CR0003431,C012,M00126,Yes,Yes,No,0
CR0003432,C012,M00450,Yes,Yes,No,0
CR0003433,C012,M00819,Yes,No,No,0
CR0003434,C012,M00468,Yes,Yes,No,0
CR0003435,C012,M01367,Yes,No,No,0
CR0003436,C012,M01239,Yes,No,No,0
CR0003437,C012,M00860,Yes,No,No,0
CR0003438,C012,M00409,Yes,No,No,0
CR0003439,C012,M00900,Yes,No,No,0
CR0003440,C012,M00994,Yes,Yes,No,0
CR0003441,C012,M01292,Yes,No,No,0
CR0003442,C012,M00162,Yes,No,No,0
CR0003443,C012,M01038,Yes,No,No,0
CR0003444,C012,M01215,Yes,No,No,0
CR0003445,C012,M01192,Yes,No,No,0
CR0003446,C012,M00276,Yes,No,No,0
CR0003447,C012,M01199,Yes,Yes,No,0
CR0003448,C012,M00116,Yes,No,No,0
CR0003449,C012,M01126,Yes,Yes,No,0
CR0003450,C012,M00066,Yes,No,No,0
