registration_id,program_id,member_id,registration_date,registration_status,amount_paid
R0000001,P20230101,M01228,2023-08-19,Completed,65
R0000002,P20230101,M01224,2023-08-21,Completed,75
R0000003,P20230101,M00501,2023-08-15,Completed,75
R0000004,P20230101,M01112,2023-08-22,No-show,65
R0000005,P20230101,M01345,2023-08-11,Completed,60
R0000006,P20230101,M00122,2023-08-09,Completed,75
R0000007,P20230101,M00427,2023-08-07,Completed,75
R0000008,P20230101,M01146,2023-08-02,Completed,75
R0000009,P20230101,M00417,2023-08-08,Completed,75
R0000010,P20230101,M01371,2023-08-13,Completed,75
R0000011,P20230101,M00239,2023-08-02,Completed,75
R0000012,P20230101,M01095,2023-08-04,Completed,75
R0000013,P20230101,M00613,2023-08-15,No-show,75
R0000014,P20230101,M01172,2023-08-13,Completed,75
R0000015,P20230101,M00577,2023-08-18,Completed,65
R0000016,P20230101,M01269,2023-08-07,Completed,75
R0000017,P20230101,M00015,2023-08-12,Cancelled,75
R0000018,P20230101,M00095,2023-08-16,Completed,75
R0000019,P20230101,M01015,2023-08-16,Cancelled,65
R0000020,P20230101,M00688,2023-08-25,Completed,65
R0000021,P20230101,M00472,2023-08-13,Completed,60
R0000022,P20230101,M01381,2023-08-16,Completed,60
R0000023,P20230101,M00279,2023-08-07,Completed,75
R0000024,P20230102,M00355,2023-01-12,Completed,45
R0000025,P20230102,M00764,2023-01-15,Completed,45
R0000026,P20230102,M01260,2023-01-08,Completed,45
R0000027,P20230102,M00929,2023-01-04,Completed,45
R0000028,P20230102,M00560,2023-01-18,Completed,30
R0000029,P20230102,M00565,2023-01-02,Completed,35
R0000030,P20230102,M00596,2023-01-17,Completed,30
R0000031,P20230102,M01372,2023-01-23,Completed,45
R0000032,P20230102,M00107,2023-01-04,Completed,35
R0000033,P20230102,M00979,2023-01-01,Completed,35
R0000034,P20230102,M00329,2023-01-11,Completed,45
R0000035,P20230102,M00386,2023-01-01,Completed,45
R0000036,P20230102,M00415,2023-01-07,Completed,45
R0000037,P20230102,M01158,2023-01-09,Completed,45
R0000038,P20230102,M00913,2023-01-09,Completed,35
R0000039,P20230102,M00075,2023-01-23,Completed,35
R0000040,P20230102,M01395,2023-01-11,Completed,30
R0000041,P20230102,M01217,2023-01-24,Completed,35
R0000042,P20230102,M00383,2023-01-11,Completed,45
R0000043,P20230102,M00496,2023-01-01,Completed,30
R0000044,P20230102,M01056,2023-01-23,Completed,45
R0000045,P20230102,M00630,2023-01-24,No-show,35
R0000046,P20230102,M00197,2023-01-18,Completed,45
R0000047,P20230102,M01231,2023-01-05,Completed,45
R0000048,P20230102,M00988,2023-01-15,Completed,45
R0000049,P20230102,M00618,2023-01-05,Completed,45
R0000050,P20230102,M00366,2023-01-10,Completed,45
R0000051,P20230102,M00008,2023-01-07,Completed,45
R0000052,P20230102,M00275,2023-01-13,Completed,30
R0000053,P20230102,M00946,2023-01-16,Completed,35
R0000054,P20230103,M00059,2023-03-18,Completed,60
R0000055,P20230103,M00474,2023-03-22,Completed,65
R0000056,P20230103,M00622,2023-03-21,Completed,75
R0000057,P20230103,M01321,2023-03-04,Cancelled,75
R0000058,P20230103,M00547,2023-03-15,Completed,75
R0000059,P20230103,M00820,2023-03-18,Completed,65
R0000060,P20230103,M00190,2023-03-09,Completed,60
R0000061,P20230103,M00012,2023-03-21,No-show,75
R0000062,P20230103,M00640,2023-03-22,Completed,75
R0000063,P20230103,M00890,2023-03-08,Completed,65
R0000064,P20230103,M00804,2023-03-20,Completed,60
R0000065,P20230103,M01016,2023-03-19,Completed,75
R0000066,P20230103,M00601,2023-03-18,Completed,75
R0000067,P20230103,M00245,2023-03-20,No-show,75
R0000068,P20230103,M00704,2023-03-04,Completed,75
R0000069,P20230103,M00029,2023-03-21,Completed,75
R0000070,P20230103,M01181,2023-03-22,Completed,65
R0000071,P20230103,M00567,2023-03-17,Completed,75
R0000072,P20230103,M00348,2023-03-08,Completed,75
R0000073,P20230103,M00561,2023-03-10,Completed,60
R0000074,P20230103,M01151,2023-03-09,Completed,75
R0000075,P20230103,M00904,2023-03-08,Completed,65
R0000076,P20230103,M00329,2023-03-25,Completed,75
R0000077,P20230103,M01390,2023-03-18,Completed,65
R0000078,P20230103,M00919,2023-03-16,No-show,75
R0000079,P20230103,M00768,2023-03-22,Completed,75
R0000080,P20230103,M00812,2023-03-21,Completed,65
R0000081,P20230103,M00095,2023-03-14,Completed,75
R0000082,P20230103,M00019,2023-03-12,Completed,75
R0000083,P20230103,M00965,2023-03-02,Completed,75
R0000084,P20230103,M01368,2023-03-01,Completed,75
R0000085,P20230104,M00203,2023-06-12,Completed,75
R0000086,P20230104,M01110,2023-06-24,Completed,65
R0000087,P20230104,M00821,2023-06-19,Completed,60
R0000088,P20230104,M01075,2023-06-24,Completed,75
R0000089,P20230104,M01346,2023-06-24,Completed,75
R0000090,P20230104,M00253,2023-06-07,No-show,65
R0000091,P20230104,M00019,2023-06-09,Completed,60
R0000092,P20230104,M00649,2023-06-24,Completed,75
R0000093,P20230104,M00554,2023-06-10,Completed,75
R0000094,P20230104,M00220,2023-06-25,Cancelled,75
R0000095,P20230104,M00407,2023-06-23,No-show,75
R0000096,P20230104,M00323,2023-06-13,Completed,75
R0000097,P20230104,M01085,2023-06-15,Completed,75
R0000098,P20230104,M01239,2023-06-14,Completed,75
R0000099,P20230104,M00780,2023-06-24,Completed,75
R0000100,P20230104,M01315,2023-06-15,Completed,60
R0000101,P20230104,M01117,2023-06-16,Completed,75
R0000102,P20230104,M01206,2023-06-24,Completed,60
R0000103,P20230104,M00391,2023-06-08,Completed,65
R0000104,P20230104,M00575,2023-06-01,Completed,75
R0000105,P20230104,M00560,2023-06-20,Completed,75
R0000106,P20230104,M00756,2023-06-01,Completed,65
R0000107,P20230104,M00027,2023-06-12,Completed,75
R0000108,P20230105,M00237,2023-01-17,Completed,90
R0000109,P20230105,M01042,2023-01-12,Completed,90
R0000110,P20230105,M00504,2023-01-05,No-show,90
R0000111,P20230105,M00272,2023-01-10,Completed,90
R0000112,P20230105,M00240,2023-01-01,Completed,75
R0000113,P20230105,M01090,2023-01-01,Completed,80
R0000114,P20230105,M01180,2023-01-02,No-show,90
R0000115,P20230105,M00031,2023-01-06,Completed,80
R0000116,P20230105,M00490,2023-01-08,Cancelled,90
R0000117,P20230105,M00665,2023-01-09,Completed,80
R0000118,P20230105,M01044,2023-01-18,Completed,80
R0000119,P20230105,M00970,2023-01-02,Completed,90
R0000120,P20230105,M00896,2023-01-10,Completed,90
R0000121,P20230105,M01203,2023-01-12,Completed,90
R0000122,P20230105,M00423,2023-01-02,Completed,90
R0000123,P20230105,M00709,2023-01-06,Completed,80
R0000124,P20230105,M00557,2023-01-11,Completed,80
R0000125,P20230105,M00036,2023-01-10,Completed,90
R0000126,P20230105,M00511,2023-01-14,Completed,80
R0000127,P20230105,M01399,2023-01-08,Cancelled,80
R0000128,P20230105,M00323,2023-01-04,Completed,90
R0000129,P20230105,M01293,2023-01-14,Completed,75
R0000130,P20230105,M00250,2023-01-14,Completed,80
R0000131,P20230105,M00230,2023-01-02,Completed,90
R0000132,P20230105,M00413,2023-01-07,Completed,90
R0000133,P20230106,M00406,2023-08-13,Completed,35
R0000134,P20230106,M00576,2023-08-08,Completed,30
R0000135,P20230106,M01397,2023-08-08,Completed,45
R0000136,P20230106,M01013,2023-08-21,Completed,45
R0000137,P20230106,M00395,2023-08-07,Completed,35
R0000138,P20230106,M00361,2023-08-10,Completed,45
R0000139,P20230106,M01275,2023-08-25,Completed,35
R0000140,P20230106,M00571,2023-08-04,Completed,45
R0000141,P20230106,M00357,2023-08-04,Completed,45
R0000142,P20230106,M00418,2023-08-07,No-show,35
R0000143,P20230106,M00126,2023-08-24,Completed,45
R0000144,P20230106,M01334,2023-08-05,Completed,30
R0000145,P20230106,M00794,2023-08-17,Completed,45
R0000146,P20230106,M00566,2023-08-03,Cancelled,30
R0000147,P20230106,M00006,2023-08-08,Cancelled,45
R0000148,P20230107,M00446,2023-03-09,Cancelled,75
R0000149,P20230107,M00555,2023-03-12,Completed,80
R0000150,P20230107,M00817,2023-03-14,Completed,80
R0000151,P20230107,M00526,2023-03-14,Completed,90
R0000152,P20230107,M00524,2023-03-15,Completed,75
R0000153,P20230107,M01061,2023-03-11,Completed,90
R0000154,P20230107,M01371,2023-03-02,Cancelled,75
R0000155,P20230107,M00415,2023-03-18,No-show,90
R0000156,P20230107,M01182,2023-03-12,Completed,80
R0000157,P20230107,M00734,2023-03-05,Cancelled,75
R0000158,P20230107,M00652,2023-03-11,Completed,90
R0000159,P20230107,M00859,2023-03-18,Completed,90
R0000160,P20230107,M00047,2023-03-12,Completed,75
R0000161,P20230107,M01271,2023-03-10,Completed,90
R0000162,P20230107,M00405,2023-03-05,Completed,80
R0000163,P20230107,M00145,2023-03-04,Completed,80
R0000164,P20230107,M00461,2023-03-21,Completed,75
R0000165,P20230107,M00292,2023-03-17,Completed,90
R0000166,P20230107,M01392,2023-03-24,Completed,90
R0000167,P20230107,M00959,2023-03-20,Completed,90
R0000168,P20230107,M01353,2023-03-22,Completed,90
R0000169,P20230107,M00301,2023-03-19,Completed,90
R0000170,P20230107,M00091,2023-03-11,Completed,90
R0000171,P20230107,M00570,2023-03-14,Completed,90
R0000172,P20230108,M00461,2023-06-02,Completed,120
R0000173,P20230108,M00634,2023-06-19,Completed,105
R0000174,P20230108,M01310,2023-06-12,Completed,120
R0000175,P20230108,M00547,2023-06-14,Completed,120
R0000176,P20230108,M00672,2023-06-19,Completed,120
R0000177,P20230108,M00059,2023-06-15,Completed,120
R0000178,P20230108,M00168,2023-06-08,Completed,120
R0000179,P20230108,M01316,2023-06-04,Completed,120
R0000180,P20230108,M00826,2023-06-18,Completed,120
R0000181,P20230108,M00889,2023-06-11,Completed,120
R0000182,P20230108,M00950,2023-06-19,Cancelled,120
R0000183,P20230108,M01263,2023-06-20,Completed,120
R0000184,P20230201,M00450,2023-04-21,Completed,90
R0000185,P20230201,M00645,2023-04-14,Completed,75
R0000186,P20230201,M00267,2023-04-02,Completed,90
R0000187,P20230201,M00453,2023-04-17,Completed,90
R0000188,P20230201,M01266,2023-04-10,Cancelled,75
R0000189,P20230201,M00145,2023-04-25,Completed,75
R0000190,P20230201,M00773,2023-04-19,Cancelled,90
R0000191,P20230201,M00714,2023-04-24,Completed,90
R0000192,P20230201,M00196,2023-04-06,Completed,75
R0000193,P20230201,M00817,2023-04-04,Completed,75
R0000194,P20230201,M00488,2023-04-05,Completed,90
R0000195,P20230201,M00136,2023-04-05,Completed,80
R0000196,P20230201,M01293,2023-04-21,Completed,90
R0000197,P20230201,M00385,2023-04-22,Cancelled,90
R0000198,P20230202,M01214,2023-04-12,Completed,80
R0000199,P20230202,M00503,2023-04-18,Completed,90
R0000200,P20230202,M00545,2023-04-07,Completed,90
R0000201,P20230202,M00523,2023-04-20,Completed,90
R0000202,P20230202,M00965,2023-04-16,Completed,90
R0000203,P20230202,M00468,2023-04-15,Cancelled,90
R0000204,P20230202,M00956,2023-04-18,Completed,75
R0000205,P20230202,M00208,2023-04-01,Completed,80
R0000206,P20230202,M01218,2023-04-16,No-show,80
R0000207,P20230202,M00022,2023-04-12,Completed,90
R0000208,P20230202,M01315,2023-04-06,Completed,90
R0000209,P20230202,M00220,2023-04-23,Completed,80
R0000210,P20230202,M00311,2023-04-14,Completed,80
R0000211,P20230202,M00793,2023-04-24,Completed,90
R0000212,P20230202,M00169,2023-04-11,Cancelled,80
R0000213,P20230202,M00228,2023-04-18,Cancelled,75
R0000214,P20230202,M01180,2023-04-21,Completed,90
R0000215,P20230202,M01185,2023-04-16,Completed,75
R0000216,P20230202,M00039,2023-04-22,Completed,80
R0000217,P20230202,M00699,2023-04-06,Completed,90
R0000218,P20230202,M00346,2023-04-07,Completed,75
R0000219,P20230202,M01202,2023-04-24,Cancelled,90
R0000220,P20230202,M00797,2023-04-02,Completed,80
R0000221,P20230202,M00947,2023-04-05,Completed,75
R0000222,P20230202,M00080,2023-04-23,Completed,90
R0000223,P20230202,M00635,2023-04-24,Cancelled,90
R0000224,P20230202,M01221,2023-04-15,Completed,80
R0000225,P20230202,M01150,2023-04-06,Completed,75
R0000226,P20230202,M00980,2023-04-18,Completed,90
R0000227,P20230202,M01003,2023-04-08,Completed,90
R0000228,P20230202,M00838,2023-04-18,Completed,75
R0000229,P20230202,M00619,2023-04-19,No-show,90
R0000230,P20230202,M00552,2023-04-15,No-show,90
R0000231,P20230202,M01094,2023-04-19,No-show,90
R0000232,P20230202,M00902,2023-04-24,Completed,90
R0000233,P20230202,M00996,2023-04-20,Completed,90
R0000234,P20230202,M01060,2023-04-02,Completed,90
R0000235,P20230202,M01393,2023-04-06,Completed,90
R0000236,P20230202,M00079,2023-04-02,Completed,75
R0000237,P20230202,M01226,2023-04-17,Completed,90
R0000238,P20230203,M00711,2023-09-24,Completed,90
R0000239,P20230203,M00652,2023-09-17,Completed,80
R0000240,P20230203,M00484,2023-09-23,Cancelled,90
R0000241,P20230203,M00487,2023-09-15,Cancelled,90
R0000242,P20230203,M00822,2023-09-14,Completed,90
R0000243,P20230203,M00188,2023-09-12,Completed,80
R0000244,P20230203,M00064,2023-09-09,Cancelled,90
R0000245,P20230203,M00605,2023-09-05,Completed,90
R0000246,P20230203,M00130,2023-09-08,Completed,90
R0000247,P20230203,M00350,2023-09-03,Completed,80
R0000248,P20230203,M00830,2023-09-24,Completed,90
R0000249,P20230203,M01273,2023-09-08,Completed,80
R0000250,P20230203,M01083,2023-09-13,Completed,90
R0000251,P20230203,M00541,2023-09-17,Completed,90
R0000252,P20230203,M00940,2023-09-13,Cancelled,80
R0000253,P20230203,M00149,2023-09-19,Completed,90
R0000254,P20230203,M00229,2023-09-18,Completed,90
R0000255,P20230203,M00855,2023-09-25,Completed,80
R0000256,P20230203,M00099,2023-09-08,Completed,90
R0000257,P20230203,M00975,2023-09-04,Completed,90
R0000258,P20230203,M01321,2023-09-10,Completed,75
R0000259,P20230203,M00053,2023-09-12,Completed,75
R0000260,P20230203,M00507,2023-09-25,Completed,90
R0000261,P20230203,M01247,2023-09-10,Completed,90
R0000262,P20230204,M01368,2023-04-13,Completed,120
R0000263,P20230204,M00373,2023-04-12,Completed,110
R0000264,P20230204,M00522,2023-04-13,Completed,110
R0000265,P20230204,M01065,2023-04-07,Completed,105
R0000266,P20230204,M01343,2023-04-11,Completed,110
R0000267,P20230204,M00066,2023-04-23,Completed,120
R0000268,P20230204,M00187,2023-04-17,Completed,120
R0000269,P20230204,M00648,2023-04-12,Completed,105
R0000270,P20230204,M00572,2023-04-01,Completed,120
R0000271,P20230204,M00316,2023-04-24,Completed,120
R0000272,P20230204,M00662,2023-04-18,No-show,120
R0000273,P20230204,M00942,2023-04-12,Completed,120
R0000274,P20230204,M00256,2023-04-02,Completed,120
R0000275,P20230204,M01114,2023-04-23,Completed,110
R0000276,P20230204,M00967,2023-04-18,Completed,110
R0000277,P20230204,M00066,2023-04-10,Completed,120
R0000278,P20230204,M00898,2023-04-09,Completed,120
R0000279,P20230204,M00011,2023-04-11,Completed,105
R0000280,P20230204,M00620,2023-04-05,Completed,110
R0000281,P20230204,M00166,2023-04-02,Completed,120
R0000282,P20230204,M00767,2023-04-02,Completed,120
R0000283,P20230204,M00934,2023-04-21,Completed,120
R0000284,P20230204,M00242,2023-04-01,Completed,120
R0000285,P20230205,M00209,2023-08-05,Completed,90
R0000286,P20230205,M01338,2023-08-15,Cancelled,90
R0000287,P20230205,M00925,2023-08-18,Completed,90
R0000288,P20230205,M01177,2023-08-04,Completed,90
R0000289,P20230205,M00656,2023-08-17,Completed,90
R0000290,P20230205,M00359,2023-08-16,Completed,75
R0000291,P20230205,M00556,2023-08-01,Completed,80
R0000292,P20230205,M00869,2023-08-15,No-show,75
R0000293,P20230205,M01171,2023-08-08,Completed,80
R0000294,P20230205,M00582,2023-08-18,Completed,75
R0000295,P20230205,M00002,2023-08-23,Completed,75
R0000296,P20230205,M00775,2023-08-04,Completed,75
R0000297,P20230205,M01118,2023-08-06,Completed,75
R0000298,P20230205,M00915,2023-08-08,Completed,90
R0000299,P20230205,M01106,2023-08-17,Completed,80
R0000300,P20230205,M01312,2023-08-06,Completed,90
R0000301,P20230205,M01326,2023-08-07,Completed,80
R0000302,P20230205,M00898,2023-08-01,Completed,75
R0000303,P20230205,M00652,2023-08-23,Completed,80
R0000304,P20230205,M01210,2023-08-24,Completed,80
R0000305,P20230205,M00558,2023-08-11,Completed,90
R0000306,P20230205,M00392,2023-08-05,Completed,90
R0000307,P20230205,M00151,2023-08-22,Cancelled,75
R0000308,P20230205,M00378,2023-08-09,Completed,80
R0000309,P20230206,M00573,2023-01-09,Completed,120
R0000310,P20230206,M00986,2023-01-12,Completed,105
R0000311,P20230206,M00181,2023-01-15,Completed,110
R0000312,P20230206,M00206,2023-01-24,Completed,120
R0000313,P20230206,M00064,2023-01-01,Completed,105
R0000314,P20230206,M00914,2023-01-13,Completed,120
R0000315,P20230206,M00374,2023-01-25,Completed,120
R0000316,P20230206,M00972,2023-01-21,Completed,110
R0000317,P20230206,M00997,2023-01-06,Completed,120
R0000318,P20230206,M00038,2023-01-14,Completed,120
R0000319,P20230206,M00161,2023-01-09,Completed,120
R0000320,P20230206,M00152,2023-01-05,Completed,105
R0000321,P20230206,M00467,2023-01-14,Completed,105
R0000322,P20230206,M00376,2023-01-21,Completed,105
R0000323,P20230206,M01257,2023-01-23,Completed,105
R0000324,P20230206,M00264,2023-01-23,Completed,105
R0000325,P20230206,M00307,2023-01-15,Completed,105
R0000326,P20230206,M00605,2023-01-01,Completed,110
R0000327,P20230206,M01332,2023-01-16,Completed,120
R0000328,P20230206,M00403,2023-01-25,Completed,110
R0000329,P20230206,M00225,2023-01-04,Cancelled,120
R0000330,P20230206,M00745,2023-01-16,No-show,120
R0000331,P20230206,M00123,2023-01-12,Completed,120
R0000332,P20230206,M00356,2023-01-19,Cancelled,120
R0000333,P20230206,M00040,2023-01-03,Completed,120
R0000334,P20230206,M01363,2023-01-19,Completed,120
R0000335,P20230206,M00550,2023-01-09,Completed,120
R0000336,P20230206,M00156,2023-01-13,Completed,120
R0000337,P20230206,M00015,2023-01-15,Completed,120
R0000338,P20230207,M00304,2023-03-08,Completed,90
R0000339,P20230207,M00114,2023-03-13,Completed,90
R0000340,P20230207,M00019,2023-03-22,Completed,90
R0000341,P20230207,M01115,2023-03-05,Completed,90
R0000342,P20230207,M00036,2023-03-05,Completed,75
R0000343,P20230207,M00683,2023-03-02,Completed,90
R0000344,P20230207,M00252,2023-03-18,Completed,90
R0000345,P20230207,M01205,2023-03-09,Completed,90
R0000346,P20230207,M00548,2023-03-22,Completed,80
R0000347,P20230207,M00907,2023-03-10,No-show,80
R0000348,P20230207,M00295,2023-03-14,Completed,90
R0000349,P20230207,M00705,2023-03-05,Completed,80
R0000350,P20230207,M01001,2023-03-07,Completed,80
R0000351,P20230207,M01145,2023-03-09,Completed,80
R0000352,P20230207,M00928,2023-03-12,Completed,80
R0000353,P20230208,M00888,2023-01-14,Completed,45
R0000354,P20230208,M00130,2023-01-23,Completed,45
R0000355,P20230208,M01246,2023-01-23,Completed,50
R0000356,P20230208,M00439,2023-01-02,Completed,60
R0000357,P20230208,M00202,2023-01-15,Completed,50
R0000358,P20230208,M01326,2023-01-05,Completed,60
R0000359,P20230208,M00730,2023-01-24,Cancelled,45
R0000360,P20230208,M00224,2023-01-25,Completed,60
R0000361,P20230208,M00896,2023-01-06,Completed,60
R0000362,P20230208,M00124,2023-01-09,Completed,60
R0000363,P20230208,M00186,2023-01-21,Completed,60
R0000364,P20230208,M00737,2023-01-08,Completed,50
R0000365,P20230208,M00617,2023-01-18,Completed,45
R0000366,P20230208,M00278,2023-01-17,Completed,60
R0000367,P20230208,M00029,2023-01-25,Completed,50
R0000368,P20230208,M01271,2023-01-06,Completed,50
R0000369,P20230208,M00924,2023-01-25,Completed,50
R0000370,P20230208,M01187,2023-01-10,Completed,60
R0000371,P20230208,M00110,2023-01-23,Completed,60
R0000372,P20230208,M00329,2023-01-09,Completed,60
R0000373,P20230208,M00139,2023-01-04,Cancelled,60
R0000374,P20230208,M00177,2023-01-02,Completed,60
R0000375,P20230208,M00566,2023-01-01,Completed,60
R0000376,P20230208,M00747,2023-01-21,Completed,60
R0000377,P20230208,M00119,2023-01-20,Completed,50
R0000378,P20230208,M00521,2023-01-06,Completed,50
R0000379,P20230208,M00868,2023-01-10,Completed,50
R0000380,P20230208,M00323,2023-01-06,Completed,45
R0000381,P20230208,M00106,2023-01-02,Completed,50
R0000382,P20230301,M00882,2023-08-02,Completed,80
R0000383,P20230301,M01346,2023-08-02,Completed,90
R0000384,P20230301,M00539,2023-08-17,Completed,80
R0000385,P20230301,M01095,2023-08-07,Completed,90
R0000386,P20230301,M00155,2023-08-21,Completed,90
R0000387,P20230301,M01034,2023-08-06,Completed,90
R0000388,P20230301,M00500,2023-08-22,Completed,90
R0000389,P20230301,M01123,2023-08-15,Cancelled,90
R0000390,P20230301,M01353,2023-08-13,Completed,90
R0000391,P20230301,M00081,2023-08-20,No-show,75
R0000392,P20230301,M00541,2023-08-05,Completed,90
R0000393,P20230301,M00181,2023-08-18,Completed,75
R0000394,P20230301,M00804,2023-08-15,Completed,90
R0000395,P20230301,M01056,2023-08-18,Completed,90
R0000396,P20230301,M01199,2023-08-19,Completed,75
R0000397,P20230301,M00196,2023-08-19,Completed,80
R0000398,P20230301,M00124,2023-08-05,Completed,90
R0000399,P20230301,M00219,2023-08-06,No-show,80
R0000400,P20230301,M00078,2023-08-11,Completed,90
R0000401,P20230301,M00794,2023-08-08,Cancelled,75
R0000402,P20230301,M00519,2023-08-08,No-show,90
R0000403,P20230301,M00920,2023-08-04,Completed,75
R0000404,P20230301,M00611,2023-08-07,Completed,75
R0000405,P20230301,M00308,2023-08-17,Cancelled,90
R0000406,P20230301,M00838,2023-08-08,No-show,80
R0000407,P20230301,M00912,2023-08-24,Completed,90
R0000408,P20230301,M00277,2023-08-21,Completed,90
R0000409,P20230301,M00342,2023-08-12,Completed,90
R0000410,P20230302,M00018,2023-09-16,Completed,90
R0000411,P20230302,M00910,2023-09-04,Completed,80
R0000412,P20230302,M01267,2023-09-03,Completed,75
R0000413,P20230302,M00650,2023-09-16,Completed,75
R0000414,P20230302,M00423,2023-09-01,Completed,75
R0000415,P20230302,M00662,2023-09-22,Completed,75
R0000416,P20230302,M00939,2023-09-06,Completed,80
R0000417,P20230302,M00308,2023-09-17,Completed,90
R0000418,P20230302,M01294,2023-09-02,Completed,90
R0000419,P20230302,M00379,2023-09-02,Completed,80
R0000420,P20230302,M00295,2023-09-09,Completed,90
R0000421,P20230302,M00069,2023-09-19,Completed,80
R0000422,P20230302,M01258,2023-09-10,Completed,90
R0000423,P20230302,M00232,2023-09-07,Completed,75
R0000424,P20230302,M00399,2023-09-19,Completed,90
R0000425,P20230302,M00502,2023-09-11,Completed,75
R0000426,P20230302,M00283,2023-09-23,Completed,75
R0000427,P20230302,M00234,2023-09-01,Completed,80
R0000428,P20230302,M00711,2023-09-06,Completed,90
R0000429,P20230302,M00997,2023-09-19,Completed,80
R0000430,P20230303,M00321,2023-06-07,Completed,75
R0000431,P20230303,M00298,2023-06-20,Completed,75
R0000432,P20230303,M00682,2023-06-01,Completed,75
R0000433,P20230303,M00841,2023-06-15,Completed,60
R0000434,P20230303,M00268,2023-06-21,Completed,65
R0000435,P20230303,M01268,2023-06-01,Completed,75
R0000436,P20230303,M00933,2023-06-25,Completed,60
R0000437,P20230303,M00880,2023-06-17,Completed,60
R0000438,P20230303,M00438,2023-06-16,Completed,75
R0000439,P20230303,M00618,2023-06-06,Cancelled,75
R0000440,P20230303,M00057,2023-06-06,Completed,75
R0000441,P20230303,M00418,2023-06-12,Completed,60
R0000442,P20230303,M00681,2023-06-14,Completed,75
R0000443,P20230303,M00274,2023-06-06,Completed,60
R0000444,P20230303,M00739,2023-06-13,Completed,65
R0000445,P20230303,M00409,2023-06-06,Completed,75
R0000446,P20230303,M00003,2023-06-19,Completed,60
R0000447,P20230303,M00431,2023-06-23,Completed,75
R0000448,P20230303,M01270,2023-06-08,Completed,75
R0000449,P20230303,M00801,2023-06-10,No-show,65
R0000450,P20230303,M00606,2023-06-19,Completed,75
R0000451,P20230303,M00893,2023-06-17,Completed,75
R0000452,P20230303,M01322,2023-06-15,Completed,65
R0000453,P20230303,M00395,2023-06-17,Completed,65
R0000454,P20230303,M01177,2023-06-16,Completed,75
R0000455,P20230303,M01232,2023-06-14,Completed,65
R0000456,P20230304,M00221,2023-04-06,Completed,120
R0000457,P20230304,M00086,2023-04-02,Completed,120
R0000458,P20230304,M00139,2023-04-04,Completed,105
R0000459,P20230304,M00355,2023-04-10,Completed,120
R0000460,P20230304,M00182,2023-04-11,Completed,120
R0000461,P20230304,M00069,2023-04-15,Cancelled,120
R0000462,P20230304,M00569,2023-04-24,Completed,105
R0000463,P20230304,M00118,2023-04-10,Completed,120
R0000464,P20230304,M01219,2023-04-17,Completed,120
R0000465,P20230304,M00185,2023-04-05,Completed,120
R0000466,P20230304,M00030,2023-04-15,Completed,105
R0000467,P20230304,M00202,2023-04-22,Completed,105
R0000468,P20230304,M00272,2023-04-01,Completed,105
R0000469,P20230304,M00788,2023-04-10,Completed,120
R0000470,P20230304,M01308,2023-04-19,Completed,110
R0000471,P20230304,M00215,2023-04-13,Completed,120
R0000472,P20230304,M00727,2023-04-10,Completed,120
R0000473,P20230304,M00341,2023-04-04,Completed,120
R0000474,P20230304,M00263,2023-04-14,Completed,110
R0000475,P20230304,M01394,2023-04-09,Completed,105
R0000476,P20230304,M00517,2023-04-10,Cancelled,120
R0000477,P20230304,M01207,2023-04-18,Completed,120
R0000478,P20230304,M00868,2023-04-14,Completed,120
R0000479,P20230304,M00535,2023-04-06,Completed,120
R0000480,P20230305,M00393,2023-06-25,Completed,75
R0000481,P20230305,M01366,2023-06-19,Completed,80
R0000482,P20230305,M00139,2023-06-05,Completed,90
R0000483,P20230305,M01032,2023-06-07,Completed,90
R0000484,P20230305,M00089,2023-06-21,Cancelled,90
R0000485,P20230305,M00627,2023-06-22,Completed,75
R0000486,P20230305,M00972,2023-06-17,Completed,90
R0000487,P20230305,M01201,2023-06-05,Cancelled,75
R0000488,P20230305,M01040,2023-06-04,Completed,90
R0000489,P20230305,M00611,2023-06-12,Completed,75
R0000490,P20230305,M00449,2023-06-04,Completed,80
R0000491,P20230305,M00490,2023-06-18,Completed,80
R0000492,P20230305,M00269,2023-06-24,Completed,90
R0000493,P20230305,M01139,2023-06-09,Completed,90
R0000494,P20230305,M00301,2023-06-06,Completed,90
R0000495,P20230305,M01087,2023-06-19,Completed,90
R0000496,P20230305,M01164,2023-06-02,Completed,90
R0000497,P20230305,M00927,2023-06-02,Completed,80
R0000498,P20230305,M01120,2023-06-08,Completed,90
R0000499,P20230305,M00157,2023-06-14,Completed,90
R0000500,P20230305,M00663,2023-06-25,Completed,80
R0000501,P20230305,M00579,2023-06-22,Completed,80
R0000502,P20230305,M00416,2023-06-18,Completed,80
R0000503,P20230305,M00961,2023-06-22,Completed,90
R0000504,P20230305,M00767,2023-06-04,Completed,75
R0000505,P20230306,M00108,2023-01-13,Completed,50
R0000506,P20230306,M00961,2023-01-02,Completed,60
R0000507,P20230306,M01061,2023-01-18,Completed,45
R0000508,P20230306,M00315,2023-01-04,Completed,50
R0000509,P20230306,M01175,2023-01-01,Completed,45
R0000510,P20230306,M01323,2023-01-24,Completed,60
R0000511,P20230306,M00739,2023-01-02,Completed,60
R0000512,P20230306,M00726,2023-01-06,Completed,45
R0000513,P20230306,M00516,2023-01-09,Completed,60
R0000514,P20230306,M00732,2023-01-15,Completed,60
R0000515,P20230306,M01272,2023-01-15,Completed,45
R0000516,P20230306,M00935,2023-01-23,Completed,60
R0000517,P20230306,M00446,2023-01-06,Completed,60
R0000518,P20230306,M01190,2023-01-12,Completed,45
R0000519,P20230306,M00080,2023-01-25,Completed,60
R0000520,P20230307,M00517,2023-03-22,Completed,65
R0000521,P20230307,M00641,2023-03-12,Completed,75
R0000522,P20230307,M00323,2023-03-21,Completed,65
R0000523,P20230307,M01255,2023-03-16,Completed,75
R0000524,P20230307,M00090,2023-03-11,Completed,60
R0000525,P20230307,M00570,2023-03-16,Completed,65
R0000526,P20230307,M00083,2023-03-16,Completed,75
R0000527,P20230307,M00373,2023-03-15,No-show,75
R0000528,P20230307,M00243,2023-03-13,Completed,65
R0000529,P20230307,M00791,2023-03-14,Completed,75
R0000530,P20230307,M01395,2023-03-15,Completed,75
R0000531,P20230307,M00537,2023-03-03,Completed,65
R0000532,P20230307,M01046,2023-03-25,Completed,75
R0000533,P20230307,M00576,2023-03-21,Completed,65
R0000534,P20230307,M00206,2023-03-08,Completed,75
R0000535,P20230307,M00693,2023-03-22,Completed,75
R0000536,P20230307,M00207,2023-03-02,Completed,60
R0000537,P20230307,M00995,2023-03-09,Completed,75
R0000538,P20230307,M00811,2023-03-20,Completed,65
R0000539,P20230307,M00392,2023-03-14,Completed,65
R0000540,P20230307,M00719,2023-03-13,Completed,75
R0000541,P20230307,M01230,2023-03-15,Completed,65
R0000542,P20230307,M00954,2023-03-10,Completed,75
R0000543,P20230307,M00309,2023-03-17,Completed,75
R0000544,P20230307,M00753,2023-03-24,Completed,75
R0000545,P20230307,M01292,2023-03-19,Completed,75
R0000546,P20230307,M00084,2023-03-16,Completed,65
R0000547,P20230307,M00631,2023-03-23,Completed,60
R0000548,P20230307,M01215,2023-03-14,Completed,75
R0000549,P20230307,M00057,2023-03-23,Cancelled,65
R0000550,P20230307,M00550,2023-03-19,Completed,75
R0000551,P20230307,M00102,2023-03-16,Completed,65
R0000552,P20230308,M00088,2023-10-14,Completed,60
R0000553,P20230308,M01296,2023-10-14,Completed,65
R0000554,P20230308,M01327,2023-10-09,Cancelled,60
R0000555,P20230308,M00673,2023-10-20,Completed,75
R0000556,P20230308,M01071,2023-10-06,Completed,75
R0000557,P20230308,M00899,2023-10-08,Completed,75
R0000558,P20230308,M01376,2023-10-06,Completed,60
R0000559,P20230308,M00311,2023-10-11,Completed,60
R0000560,P20230308,M00075,2023-10-07,Completed,75
R0000561,P20230308,M00368,2023-10-18,Completed,75
R0000562,P20230308,M00378,2023-10-02,Completed,75
R0000563,P20230308,M00574,2023-10-11,Completed,60
R0000564,P20230401,M00603,2023-01-18,Completed,75
R0000565,P20230401,M00364,2023-01-24,Completed,65
R0000566,P20230401,M01209,2023-01-11,Completed,75
R0000567,P20230401,M00896,2023-01-06,Completed,60
R0000568,P20230401,M00036,2023-01-08,Completed,75
R0000569,P20230401,M00677,2023-01-17,Cancelled,65
R0000570,P20230401,M00108,2023-01-08,Completed,75
R0000571,P20230401,M01253,2023-01-07,Completed,60
R0000572,P20230401,M00194,2023-01-20,Completed,60
R0000573,P20230401,M00050,2023-01-11,Completed,75
R0000574,P20230401,M01240,2023-01-05,Completed,75
R0000575,P20230401,M00657,2023-01-07,Completed,75
R0000576,P20230401,M00304,2023-01-25,Completed,75
R0000577,P20230401,M01012,2023-01-04,Completed,60
R0000578,P20230402,M00493,2023-03-10,Cancelled,60
R0000579,P20230402,M00891,2023-03-23,Completed,45
R0000580,P20230402,M00136,2023-03-18,Completed,60
R0000581,P20230402,M00434,2023-03-04,Completed,60
R0000582,P20230402,M00996,2023-03-17,Completed,45
R0000583,P20230402,M00201,2023-03-12,Completed,60
R0000584,P20230402,M00093,2023-03-12,Completed,60
R0000585,P20230402,M00992,2023-03-19,Cancelled,60
R0000586,P20230402,M00336,2023-03-22,Completed,60
R0000587,P20230402,M00532,2023-03-18,Completed,50
R0000588,P20230402,M01368,2023-03-07,Completed,45
R0000589,P20230402,M00394,2023-03-14,Completed,50
R0000590,P20230402,M00725,2023-03-25,Completed,60
R0000591,P20230402,M00054,2023-03-07,Completed,50
R0000592,P20230402,M00517,2023-03-16,Completed,60
R0000593,P20230402,M00988,2023-03-10,Cancelled,60
R0000594,P20230402,M00625,2023-03-19,Completed,60
R0000595,P20230402,M00492,2023-03-08,Completed,60
R0000596,P20230402,M00710,2023-03-13,Completed,60
R0000597,P20230402,M01208,2023-03-16,Completed,50
R0000598,P20230402,M00574,2023-03-02,Completed,60
R0000599,P20230403,M00453,2023-06-12,Completed,35
R0000600,P20230403,M01227,2023-06-20,No-show,35
R0000601,P20230403,M00746,2023-06-25,Completed,30
R0000602,P20230403,M01365,2023-06-02,Completed,35
R0000603,P20230403,M00113,2023-06-13,Completed,30
R0000604,P20230403,M00411,2023-06-04,Completed,45
R0000605,P20230403,M00897,2023-06-11,Completed,45
R0000606,P20230403,M01010,2023-06-02,Completed,30
R0000607,P20230403,M00438,2023-06-25,Cancelled,30
R0000608,P20230403,M00443,2023-06-15,Cancelled,35
R0000609,P20230403,M00818,2023-06-15,Completed,30
R0000610,P20230403,M00314,2023-06-19,Completed,35
R0000611,P20230403,M00287,2023-06-15,Completed,45
R0000612,P20230403,M00395,2023-06-18,Completed,45
R0000613,P20230403,M00535,2023-06-25,Completed,35
R0000614,P20230403,M00972,2023-06-04,Completed,30
R0000615,P20230404,M01261,2023-08-15,Completed,90
R0000616,P20230404,M00047,2023-08-20,Completed,90
R0000617,P20230404,M00956,2023-08-20,Completed,90
R0000618,P20230404,M00655,2023-08-02,Completed,90
R0000619,P20230404,M00989,2023-08-07,Completed,80
R0000620,P20230404,M00333,2023-08-18,Completed,90
R0000621,P20230404,M01362,2023-08-03,Completed,90
R0000622,P20230404,M01359,2023-08-24,Completed,90
R0000623,P20230404,M00948,2023-08-06,Completed,75
R0000624,P20230404,M00246,2023-08-03,Completed,90
R0000625,P20230404,M00952,2023-08-02,Completed,90
R0000626,P20230404,M00066,2023-08-15,Completed,75
R0000627,P20230405,M00152,2023-09-20,Completed,105
R0000628,P20230405,M00970,2023-09-06,Completed,110
R0000629,P20230405,M00107,2023-09-11,Completed,120
R0000630,P20230405,M00274,2023-09-14,Completed,110
R0000631,P20230405,M00260,2023-09-05,Completed,120
R0000632,P20230405,M01057,2023-09-08,Completed,120
R0000633,P20230405,M00776,2023-09-05,Completed,120
R0000634,P20230405,M01222,2023-09-23,Completed,120
R0000635,P20230405,M00909,2023-09-06,Completed,120
R0000636,P20230405,M01236,2023-09-04,Completed,110
R0000637,P20230405,M00115,2023-09-03,Completed,120
R0000638,P20230405,M01387,2023-09-16,Completed,105
R0000639,P20230405,M01354,2023-09-18,Completed,120
R0000640,P20230405,M00967,2023-09-01,Completed,110
R0000641,P20230405,M00977,2023-09-02,Completed,110
R0000642,P20230405,M00386,2023-09-14,Completed,120
R0000643,P20230405,M00120,2023-09-22,Cancelled,105
R0000644,P20230405,M00479,2023-09-19,Completed,110
R0000645,P20230405,M01014,2023-09-06,Completed,110
R0000646,P20230405,M00099,2023-09-13,Completed,120
R0000647,P20230406,M00504,2023-06-07,Completed,45
R0000648,P20230406,M00736,2023-06-19,Completed,45
R0000649,P20230406,M01208,2023-06-24,Completed,30
R0000650,P20230406,M01399,2023-06-20,Cancelled,45
R0000651,P20230406,M01184,2023-06-23,Completed,45
R0000652,P20230406,M00457,2023-06-02,Completed,35
R0000653,P20230406,M01212,2023-06-14,Completed,45
R0000654,P20230406,M01142,2023-06-24,Completed,45
R0000655,P20230406,M00264,2023-06-14,Completed,35
R0000656,P20230406,M00067,2023-06-22,Completed,35
R0000657,P20230406,M00813,2023-06-10,Completed,45
R0000658,P20230406,M00234,2023-06-07,Completed,30
R0000659,P20230406,M00283,2023-06-24,Completed,45
R0000660,P20230406,M01051,2023-06-05,Completed,45
R0000661,P20230406,M01050,2023-06-04,Completed,45
R0000662,P20230407,M01214,2023-10-03,Completed,75
R0000663,P20230407,M00821,2023-10-06,Completed,90
R0000664,P20230407,M00455,2023-10-07,Completed,90
R0000665,P20230407,M00025,2023-10-17,Completed,90
R0000666,P20230407,M01251,2023-10-09,Completed,90
R0000667,P20230407,M00373,2023-10-17,Cancelled,90
R0000668,P20230407,M00012,2023-10-02,Cancelled,75
R0000669,P20230407,M00130,2023-10-19,Completed,90
R0000670,P20230407,M01164,2023-10-20,Completed,75
R0000671,P20230407,M01276,2023-10-05,Completed,75
R0000672,P20230407,M00143,2023-10-02,Completed,90
R0000673,P20230407,M01045,2023-10-03,Cancelled,90
R0000674,P20230407,M00662,2023-10-21,Completed,75
R0000675,P20230407,M00416,2023-10-14,Completed,90
R0000676,P20230407,M00558,2023-10-13,Cancelled,90
R0000677,P20230407,M00520,2023-10-25,Completed,90
R0000678,P20230407,M01175,2023-10-21,Completed,80
R0000679,P20230407,M00690,2023-10-11,Completed,90
R0000680,P20230407,M01344,2023-10-09,Completed,80
R0000681,P20230407,M00827,2023-10-14,Completed,75
R0000682,P20230408,M00037,2023-01-12,Completed,30
R0000683,P20230408,M01049,2023-01-11,Completed,35
R0000684,P20230408,M00741,2023-01-08,Completed,30
R0000685,P20230408,M00756,2023-01-15,Completed,45
R0000686,P20230408,M00956,2023-01-15,Completed,45
R0000687,P20230408,M00436,2023-01-20,Completed,45
R0000688,P20230408,M00377,2023-01-01,Cancelled,45
R0000689,P20230408,M00203,2023-01-13,Completed,45
R0000690,P20230408,M00262,2023-01-18,Completed,30
R0000691,P20230408,M00838,2023-01-11,Completed,45
R0000692,P20230408,M00857,2023-01-18,Completed,45
R0000693,P20230408,M00577,2023-01-25,Completed,45
R0000694,P20230408,M00842,2023-01-05,Completed,35
R0000695,P20230408,M00502,2023-01-18,Completed,35
R0000696,P20230408,M00088,2023-01-17,Completed,35
R0000697,P20230408,M00292,2023-01-18,Cancelled,45
R0000698,P20230408,M01227,2023-01-01,Completed,30
R0000699,P20230408,M00744,2023-01-17,Completed,35
R0000700,P20230408,M00866,2023-01-11,Completed,45
R0000701,P20230408,M01143,2023-01-06,Completed,30
R0000702,P20230408,M00763,2023-01-16,Completed,35
R0000703,P20230408,M00376,2023-01-21,Completed,35
R0000704,P20230408,M01125,2023-01-21,Completed,45
R0000705,P20230408,M00982,2023-01-11,No-show,45
R0000706,P20230408,M01176,2023-01-20,Completed,45
R0000707,P20230408,M01356,2023-01-16,Completed,35
R0000708,P20230408,M00732,2023-01-11,Completed,45
R0000709,P20230408,M01048,2023-01-21,Cancelled,45
R0000710,P20240101,M00566,2024-06-08,Completed,60
R0000711,P20240101,M00798,2024-06-03,Completed,60
R0000712,P20240101,M00255,2024-06-06,Completed,60
R0000713,P20240101,M00839,2024-06-09,Cancelled,60
R0000714,P20240101,M00349,2024-06-25,Completed,50
R0000715,P20240101,M00491,2024-06-25,Completed,45
R0000716,P20240101,M00751,2024-06-20,Completed,45
R0000717,P20240101,M00854,2024-06-14,Completed,45
R0000718,P20240101,M01252,2024-06-13,No-show,60
R0000719,P20240101,M01397,2024-06-23,Completed,60
R0000720,P20240101,M01192,2024-06-22,Completed,60
R0000721,P20240101,M01128,2024-06-06,Completed,50
R0000722,P20240101,M01289,2024-06-02,Completed,60
R0000723,P20240101,M00208,2024-06-20,Cancelled,60
R0000724,P20240101,M00201,2024-06-13,Completed,60
R0000725,P20240101,M00029,2024-06-18,Completed,60
R0000726,P20240101,M00595,2024-06-22,Completed,60
R0000727,P20240101,M01359,2024-06-15,Completed,60
R0000728,P20240101,M00069,2024-06-09,Completed,60
R0000729,P20240101,M00242,2024-06-23,Completed,45
R0000730,P20240101,M01358,2024-06-22,Completed,60
R0000731,P20240101,M00519,2024-06-03,Completed,60
R0000732,P20240101,M00314,2024-06-18,Completed,60
R0000733,P20240101,M00936,2024-06-08,Completed,60
R0000734,P20240101,M00633,2024-06-18,Completed,45
R0000735,P20240101,M00462,2024-06-08,Completed,60
R0000736,P20240101,M00256,2024-06-13,Completed,60
R0000737,P20240101,M01184,2024-06-24,Completed,60
R0000738,P20240101,M00564,2024-06-20,Completed,60
R0000739,P20240101,M00875,2024-06-19,Cancelled,45
R0000740,P20240102,M00132,2024-01-25,Completed,75
R0000741,P20240102,M00399,2024-01-25,Completed,75
R0000742,P20240102,M01358,2024-01-23,Completed,75
R0000743,P20240102,M00264,2024-01-01,No-show,75
R0000744,P20240102,M00212,2024-01-13,Completed,60
R0000745,P20240102,M00511,2024-01-13,Cancelled,65
R0000746,P20240102,M00794,2024-01-25,Completed,60
R0000747,P20240102,M01319,2024-01-07,Completed,75
R0000748,P20240102,M00656,2024-01-14,Completed,75
R0000749,P20240102,M00322,2024-01-05,Completed,60
R0000750,P20240102,M01084,2024-01-13,Completed,60
R0000751,P20240102,M00368,2024-01-12,Completed,75
R0000752,P20240102,M01002,2024-01-10,Completed,60
R0000753,P20240102,M00156,2024-01-23,Completed,75
R0000754,P20240102,M00857,2024-01-19,Completed,75
R0000755,P20240102,M00320,2024-01-06,Completed,65
R0000756,P20240102,M00613,2024-01-24,Completed,65
R0000757,P20240102,M00803,2024-01-05,Completed,65
R0000758,P20240102,M01298,2024-01-04,Completed,75
R0000759,P20240102,M00349,2024-01-05,Completed,75
R0000760,P20240102,M00216,2024-01-06,Completed,65
R0000761,P20240102,M01336,2024-01-25,Completed,60
R0000762,P20240102,M00226,2024-01-21,Completed,60
R0000763,P20240102,M00914,2024-01-02,Completed,60
R0000764,P20240102,M00967,2024-01-04,Completed,60
R0000765,P20240102,M00356,2024-01-20,Completed,75
R0000766,P20240102,M00018,2024-01-21,Completed,60
R0000767,P20240102,M01248,2024-01-22,Completed,75
R0000768,P20240102,M01005,2024-01-13,Completed,75
R0000769,P20240103,M00350,2024-06-06,Completed,90
R0000770,P20240103,M01003,2024-06-03,Completed,80
R0000771,P20240103,M00670,2024-06-03,Completed,90
R0000772,P20240103,M00690,2024-06-25,Completed,90
R0000773,P20240103,M00089,2024-06-18,Completed,90
R0000774,P20240103,M00814,2024-06-22,Completed,75
R0000775,P20240103,M00700,2024-06-12,Completed,80
R0000776,P20240103,M00964,2024-06-19,Completed,90
R0000777,P20240103,M01044,2024-06-01,Completed,90
R0000778,P20240103,M00384,2024-06-17,Completed,75
R0000779,P20240103,M00082,2024-06-10,Completed,90
R0000780,P20240103,M00400,2024-06-10,Completed,90
R0000781,P20240103,M00206,2024-06-23,Completed,90
R0000782,P20240103,M00397,2024-06-17,Completed,90
R0000783,P20240103,M01370,2024-06-20,Completed,90
R0000784,P20240103,M00116,2024-06-08,Completed,75
R0000785,P20240103,M01274,2024-06-05,Completed,90
R0000786,P20240103,M01006,2024-06-07,Completed,90
R0000787,P20240103,M00294,2024-06-14,Completed,90
R0000788,P20240103,M00969,2024-06-04,Completed,90
R0000789,P20240103,M00533,2024-06-02,Completed,80
R0000790,P20240103,M00980,2024-06-25,Completed,75
R0000791,P20240103,M00936,2024-06-07,Completed,75
R0000792,P20240103,M00235,2024-06-13,Completed,90
R0000793,P20240103,M00717,2024-06-17,Completed,90
R0000794,P20240103,M01389,2024-06-04,Completed,80
R0000795,P20240103,M00036,2024-06-22,Completed,80
R0000796,P20240103,M01271,2024-06-23,Completed,90
R0000797,P20240103,M00469,2024-06-17,Completed,90
R0000798,P20240103,M01251,2024-06-15,Completed,90
R0000799,P20240103,M00301,2024-06-25,Completed,90
R0000800,P20240103,M00381,2024-06-14,Completed,90
R0000801,P20240103,M00832,2024-06-14,Completed,75
R0000802,P20240103,M00883,2024-06-24,Completed,80
R0000803,P20240103,M00435,2024-06-20,Completed,90
R0000804,P20240103,M00050,2024-06-24,Cancelled,90
R0000805,P20240103,M00843,2024-06-23,Completed,75
R0000806,P20240103,M01168,2024-06-20,Completed,75
R0000807,P20240104,M00559,2024-01-02,Completed,60
R0000808,P20240104,M00550,2024-01-25,Completed,65
R0000809,P20240104,M01000,2024-01-01,Completed,65
R0000810,P20240104,M00881,2024-01-09,Completed,75
R0000811,P20240104,M00915,2024-01-17,Cancelled,75
R0000812,P20240104,M00186,2024-01-20,Completed,75
R0000813,P20240104,M00970,2024-01-21,Completed,75
R0000814,P20240104,M00168,2024-01-09,Completed,60
R0000815,P20240104,M00803,2024-01-06,Completed,75
R0000816,P20240104,M00611,2024-01-05,Completed,60
R0000817,P20240104,M00660,2024-01-14,Completed,75
R0000818,P20240104,M00972,2024-01-18,Completed,75
R0000819,P20240104,M00193,2024-01-18,Completed,75
R0000820,P20240104,M00403,2024-01-03,Completed,60
R0000821,P20240105,M00478,2024-08-08,Completed,90
R0000822,P20240105,M00068,2024-08-12,Completed,90
R0000823,P20240105,M00596,2024-08-02,Cancelled,80
R0000824,P20240105,M01068,2024-08-11,No-show,90
R0000825,P20240105,M00967,2024-08-15,Completed,90
R0000826,P20240105,M00423,2024-08-13,Completed,90
R0000827,P20240105,M01113,2024-08-21,Cancelled,80
R0000828,P20240105,M00180,2024-08-24,Completed,90
R0000829,P20240105,M01299,2024-08-23,Completed,75
R0000830,P20240105,M00470,2024-08-04,Completed,90
R0000831,P20240105,M00195,2024-08-25,Cancelled,80
R0000832,P20240105,M01199,2024-08-21,Completed,90
R0000833,P20240105,M00674,2024-08-09,Completed,90
R0000834,P20240105,M00105,2024-08-06,No-show,90
R0000835,P20240105,M00774,2024-08-04,Cancelled,75
R0000836,P20240105,M00511,2024-08-23,Completed,90
R0000837,P20240105,M00707,2024-08-04,Completed,80
R0000838,P20240105,M00253,2024-08-20,Cancelled,75
R0000839,P20240105,M00253,2024-08-03,Completed,90
R0000840,P20240105,M00785,2024-08-22,Completed,75
R0000841,P20240105,M00254,2024-08-02,Completed,90
R0000842,P20240105,M00796,2024-08-24,Completed,90
R0000843,P20240106,M00319,2024-09-13,Completed,60
R0000844,P20240106,M01252,2024-09-07,Completed,50
R0000845,P20240106,M00829,2024-09-19,Completed,45
R0000846,P20240106,M00731,2024-09-05,Completed,50
R0000847,P20240106,M01075,2024-09-18,Completed,60
R0000848,P20240106,M00678,2024-09-02,Cancelled,50
R0000849,P20240106,M00735,2024-09-14,Completed,45
R0000850,P20240106,M01280,2024-09-02,Completed,60
R0000851,P20240106,M00227,2024-09-14,Completed,60
R0000852,P20240106,M01115,2024-09-10,Completed,60
R0000853,P20240106,M01238,2024-09-02,Completed,60
R0000854,P20240106,M00865,2024-09-21,Completed,60
R0000855,P20240106,M00536,2024-09-01,Completed,50
R0000856,P20240106,M00525,2024-09-23,Completed,60
R0000857,P20240106,M01248,2024-09-01,Completed,45
R0000858,P20240106,M00216,2024-09-11,Completed,45
R0000859,P20240106,M00312,2024-09-07,Completed,60
R0000860,P20240106,M00582,2024-09-25,Completed,60
R0000861,P20240106,M00027,2024-09-15,Completed,60
R0000862,P20240106,M00210,2024-09-21,Completed,45
R0000863,P20240106,M00486,2024-09-10,Completed,60
R0000864,P20240106,M00250,2024-09-11,Cancelled,60
R0000865,P20240106,M00775,2024-09-25,Completed,60
R0000866,P20240106,M00113,2024-09-11,Completed,60
R0000867,P20240106,M00361,2024-09-01,Completed,50
R0000868,P20240106,M00890,2024-09-24,Completed,45
R0000869,P20240106,M01365,2024-09-03,Completed,60
R0000870,P20240106,M01222,2024-09-04,Cancelled,60
R0000871,P20240106,M01323,2024-09-17,Completed,50
R0000872,P20240106,M00312,2024-09-10,Cancelled,60
R0000873,P20240106,M00546,2024-09-13,Completed,50
R0000874,P20240106,M00897,2024-09-07,Completed,60
R0000875,P20240106,M00131,2024-09-14,Completed,45
R0000876,P20240106,M00137,2024-09-10,Completed,60
R0000877,P20240106,M01049,2024-09-19,Completed,60
R0000878,P20240106,M00174,2024-09-25,Completed,50
R0000879,P20240107,M00331,2024-08-17,Completed,60
R0000880,P20240107,M00315,2024-08-07,Completed,45
R0000881,P20240107,M00279,2024-08-08,Completed,50
R0000882,P20240107,M00838,2024-08-11,Completed,45
R0000883,P20240107,M00050,2024-08-21,Completed,60
R0000884,P20240107,M01084,2024-08-02,Completed,60
R0000885,P20240107,M01208,2024-08-19,Completed,60
R0000886,P20240107,M01384,2024-08-12,Completed,60
R0000887,P20240107,M01265,2024-08-10,Completed,50
R0000888,P20240107,M00531,2024-08-25,Completed,60
R0000889,P20240107,M01043,2024-08-22,Completed,60
R0000890,P20240107,M01110,2024-08-03,Completed,60
R0000891,P20240108,M01240,2024-04-13,Completed,65
R0000892,P20240108,M00803,2024-04-24,Completed,75
R0000893,P20240108,M00157,2024-04-21,Completed,65
R0000894,P20240108,M00014,2024-04-12,Completed,75
R0000895,P20240108,M01039,2024-04-21,Completed,65
R0000896,P20240108,M00022,2024-04-22,Completed,65
R0000897,P20240108,M00354,2024-04-06,Completed,60
R0000898,P20240108,M00824,2024-04-20,Completed,60
R0000899,P20240108,M00399,2024-04-24,Cancelled,75
R0000900,P20240108,M00922,2024-04-16,Completed,65
R0000901,P20240108,M00929,2024-04-23,Completed,65
R0000902,P20240108,M01127,2024-04-17,Completed,75
R0000903,P20240108,M00814,2024-04-01,Completed,75
R0000904,P20240201,M01125,2024-04-19,Completed,75
R0000905,P20240201,M00652,2024-04-11,Completed,90
R0000906,P20240201,M01271,2024-04-20,Completed,90
R0000907,P20240201,M00526,2024-04-06,Completed,80
R0000908,P20240201,M00382,2024-04-11,Completed,90
R0000909,P20240201,M00882,2024-04-11,Completed,75
R0000910,P20240201,M01092,2024-04-18,Completed,80
R0000911,P20240201,M01197,2024-04-20,Completed,90
R0000912,P20240201,M00679,2024-04-10,No-show,75
R0000913,P20240201,M00529,2024-04-14,Completed,75
R0000914,P20240201,M00476,2024-04-05,Completed,90
R0000915,P20240201,M01370,2024-04-06,Completed,90
R0000916,P20240201,M00342,2024-04-03,Completed,90
R0000917,P20240201,M00821,2024-04-16,Completed,75
R0000918,P20240201,M00346,2024-04-09,Completed,90
R0000919,P20240201,M00357,2024-04-06,Completed,75
R0000920,P20240201,M01362,2024-04-22,Completed,75
R0000921,P20240201,M00536,2024-04-15,Completed,75
R0000922,P20240201,M01118,2024-04-03,Cancelled,90
R0000923,P20240201,M00637,2024-04-22,Completed,90
R0000924,P20240202,M00158,2024-01-10,Completed,50
R0000925,P20240202,M00334,2024-01-01,Completed,60
R0000926,P20240202,M01348,2024-01-03,Completed,45
R0000927,P20240202,M01175,2024-01-20,Completed,50
R0000928,P20240202,M00260,2024-01-02,Completed,45
R0000929,P20240202,M00651,2024-01-12,Completed,60
R0000930,P20240202,M00979,2024-01-11,Completed,50
R0000931,P20240202,M01311,2024-01-07,Completed,60
R0000932,P20240202,M00680,2024-01-19,Cancelled,60
R0000933,P20240202,M00939,2024-01-04,Cancelled,60
R0000934,P20240202,M00030,2024-01-16,Completed,60
R0000935,P20240202,M01288,2024-01-13,Completed,60
R0000936,P20240202,M00192,2024-01-22,Completed,50
R0000937,P20240202,M00763,2024-01-15,Completed,50
R0000938,P20240202,M01148,2024-01-15,No-show,60
R0000939,P20240202,M00383,2024-01-12,Cancelled,60
R0000940,P20240202,M00915,2024-01-06,Cancelled,45
R0000941,P20240202,M00273,2024-01-19,Cancelled,50
R0000942,P20240202,M01104,2024-01-25,Completed,50
R0000943,P20240202,M00448,2024-01-24,Completed,60
R0000944,P20240202,M00013,2024-01-20,Completed,45
R0000945,P20240202,M00600,2024-01-03,Completed,50
R0000946,P20240202,M01096,2024-01-22,Completed,60
R0000947,P20240202,M01395,2024-01-15,Completed,60
R0000948,P20240202,M00453,2024-01-10,Completed,60
R0000949,P20240202,M01302,2024-01-21,Cancelled,60
R0000950,P20240202,M00101,2024-01-04,Completed,45
R0000951,P20240202,M00237,2024-01-16,Completed,50
R0000952,P20240202,M00758,2024-01-13,Completed,50
R0000953,P20240202,M01193,2024-01-15,Completed,60
R0000954,P20240202,M01190,2024-01-12,Completed,60
R0000955,P20240202,M00513,2024-01-25,Completed,60
R0000956,P20240203,M00467,2024-10-25,Completed,60
R0000957,P20240203,M00407,2024-10-22,Completed,60
R0000958,P20240203,M01191,2024-10-08,Completed,60
R0000959,P20240203,M00161,2024-10-06,Cancelled,65
R0000960,P20240203,M00528,2024-10-16,Completed,75
R0000961,P20240203,M00439,2024-10-25,Completed,65
R0000962,P20240203,M00779,2024-10-18,Completed,75
R0000963,P20240203,M00158,2024-10-08,Completed,65
R0000964,P20240203,M00471,2024-10-07,Cancelled,75
R0000965,P20240203,M01004,2024-10-18,Completed,75
R0000966,P20240203,M00864,2024-10-10,Completed,75
R0000967,P20240203,M00807,2024-10-13,Completed,75
R0000968,P20240203,M00885,2024-10-04,Completed,75
R0000969,P20240203,M01134,2024-10-01,Cancelled,60
R0000970,P20240203,M00521,2024-10-10,Completed,60
R0000971,P20240203,M00941,2024-10-22,Completed,75
R0000972,P20240203,M01144,2024-10-11,Completed,60
R0000973,P20240203,M00403,2024-10-23,Completed,75
R0000974,P20240203,M00617,2024-10-17,Completed,60
R0000975,P20240203,M00556,2024-10-01,Completed,75
R0000976,P20240203,M00729,2024-10-14,Completed,75
R0000977,P20240203,M00713,2024-10-01,Completed,75
R0000978,P20240203,M00578,2024-10-22,Completed,75
R0000979,P20240203,M00552,2024-10-19,Completed,75
R0000980,P20240203,M00483,2024-10-18,Completed,65
R0000981,P20240203,M00374,2024-10-18,Completed,75
R0000982,P20240203,M00901,2024-10-03,Completed,75
R0000983,P20240203,M01355,2024-10-19,Completed,65
R0000984,P20240203,M00019,2024-10-24,Completed,75
R0000985,P20240203,M00927,2024-10-20,Completed,60
R0000986,P20240204,M00484,2024-09-07,Completed,80
R0000987,P20240204,M00497,2024-09-19,Completed,90
R0000988,P20240204,M00707,2024-09-06,Completed,80
R0000989,P20240204,M00460,2024-09-02,Completed,90
R0000990,P20240204,M00960,2024-09-01,Completed,80
R0000991,P20240204,M00805,2024-09-04,Cancelled,90
R0000992,P20240204,M01288,2024-09-10,Completed,90
R0000993,P20240204,M00231,2024-09-19,Completed,80
R0000994,P20240204,M00091,2024-09-09,Completed,90
R0000995,P20240204,M00863,2024-09-19,Completed,90
R0000996,P20240204,M01186,2024-09-15,Completed,90
R0000997,P20240204,M00471,2024-09-17,Completed,80
R0000998,P20240204,M01182,2024-09-22,Completed,80
R0000999,P20240204,M00952,2024-09-03,Completed,75
R0001000,P20240204,M00236,2024-09-19,Completed,90
R0001001,P20240204,M00345,2024-09-24,Completed,90
R0001002,P20240204,M00178,2024-09-18,Completed,90
R0001003,P20240204,M00558,2024-09-21,Completed,75
R0001004,P20240204,M00610,2024-09-24,Completed,90
R0001005,P20240204,M00882,2024-09-14,No-show,75
R0001006,P20240204,M00924,2024-09-20,Completed,90
R0001007,P20240204,M00458,2024-09-04,Completed,90
R0001008,P20240204,M00888,2024-09-07,Completed,80
R0001009,P20240204,M01148,2024-09-18,Completed,90
R0001010,P20240204,M00270,2024-09-01,No-show,90
R0001011,P20240204,M00864,2024-09-07,Completed,90
R0001012,P20240204,M00830,2024-09-01,Cancelled,90
R0001013,P20240204,M01274,2024-09-06,Completed,75
R0001014,P20240204,M00050,2024-09-20,Completed,90
R0001015,P20240204,M00604,2024-09-19,Completed,80
R0001016,P20240204,M00340,2024-09-23,Completed,75
R0001017,P20240204,M00692,2024-09-21,Completed,90
R0001018,P20240204,M01373,2024-09-09,No-show,80
R0001019,P20240205,M00486,2024-01-07,Completed,90
R0001020,P20240205,M01096,2024-01-14,Completed,90
R0001021,P20240205,M00361,2024-01-11,Completed,90
R0001022,P20240205,M01117,2024-01-11,Completed,90
R0001023,P20240205,M00489,2024-01-11,Completed,80
R0001024,P20240205,M00841,2024-01-22,Completed,75
R0001025,P20240205,M00515,2024-01-11,Completed,75
R0001026,P20240205,M00811,2024-01-06,No-show,90
R0001027,P20240205,M00483,2024-01-21,Completed,75
R0001028,P20240205,M00512,2024-01-05,Completed,75
R0001029,P20240205,M00608,2024-01-03,Completed,90
R0001030,P20240205,M00047,2024-01-13,Completed,90
R0001031,P20240205,M01302,2024-01-02,Completed,80
R0001032,P20240205,M00605,2024-01-02,Completed,80
R0001033,P20240205,M01385,2024-01-07,Cancelled,75
R0001034,P20240205,M00283,2024-01-14,Cancelled,90
R0001035,P20240205,M00547,2024-01-02,Completed,90
R0001036,P20240205,M01184,2024-01-08,Completed,90
R0001037,P20240205,M01271,2024-01-22,Completed,80
R0001038,P20240205,M00136,2024-01-09,Completed,90
R0001039,P20240205,M00392,2024-01-03,Completed,90
R0001040,P20240205,M00956,2024-01-04,Completed,75
R0001041,P20240205,M00335,2024-01-20,Completed,90
R0001042,P20240205,M00329,2024-01-13,Completed,90
R0001043,P20240205,M00536,2024-01-20,Completed,90
R0001044,P20240205,M01111,2024-01-05,Completed,80
R0001045,P20240205,M00629,2024-01-11,Completed,90
R0001046,P20240205,M00434,2024-01-12,Completed,75
R0001047,P20240205,M00042,2024-01-03,Cancelled,90
R0001048,P20240205,M01373,2024-01-24,Completed,80
R0001049,P20240205,M00014,2024-01-23,No-show,75
R0001050,P20240206,M00844,2024-01-17,Completed,75
R0001051,P20240206,M00168,2024-01-19,Completed,65
R0001052,P20240206,M00491,2024-01-10,Completed,65
R0001053,P20240206,M01287,2024-01-06,Completed,75
R0001054,P20240206,M01136,2024-01-10,Completed,75
R0001055,P20240206,M01229,2024-01-11,Completed,60
R0001056,P20240206,M01313,2024-01-21,Completed,75
R0001057,P20240206,M00536,2024-01-09,Completed,65
R0001058,P20240206,M00608,2024-01-25,Cancelled,75
R0001059,P20240206,M00975,2024-01-23,Completed,75
R0001060,P20240206,M00694,2024-01-25,Completed,60
R0001061,P20240206,M00441,2024-01-01,Completed,65
R0001062,P20240206,M00442,2024-01-11,Cancelled,75
R0001063,P20240206,M00272,2024-01-09,Completed,75
R0001064,P20240206,M00361,2024-01-09,Completed,75
R0001065,P20240206,M01315,2024-01-01,Completed,65
R0001066,P20240206,M01180,2024-01-16,Completed,75
R0001067,P20240206,M01002,2024-01-15,Completed,65
R0001068,P20240206,M00342,2024-01-18,Completed,75
R0001069,P20240206,M00756,2024-01-01,Completed,75
R0001070,P20240206,M01180,2024-01-14,Completed,75
R0001071,P20240206,M00574,2024-01-14,Cancelled,75
R0001072,P20240206,M01225,2024-01-20,Completed,75
R0001073,P20240206,M01384,2024-01-13,Cancelled,65
R0001074,P20240206,M00665,2024-01-25,Cancelled,75
R0001075,P20240206,M00080,2024-01-03,Completed,65
R0001076,P20240206,M00032,2024-01-04,Completed,75
R0001077,P20240206,M01213,2024-01-13,Completed,75
R0001078,P20240206,M00482,2024-01-03,Completed,60
R0001079,P20240206,M00479,2024-01-23,Completed,60
R0001080,P20240206,M00023,2024-01-11,Completed,75
R0001081,P20240206,M00076,2024-01-25,Completed,75
R0001082,P20240206,M01147,2024-01-16,Cancelled,75
R0001083,P20240207,M00702,2024-09-08,Completed,75
R0001084,P20240207,M00932,2024-09-18,Completed,60
R0001085,P20240207,M01311,2024-09-10,Completed,75
R0001086,P20240207,M00934,2024-09-02,Completed,60
R0001087,P20240207,M00898,2024-09-05,Completed,75
R0001088,P20240207,M01080,2024-09-16,Completed,75
R0001089,P20240207,M00820,2024-09-19,Completed,75
R0001090,P20240207,M00493,2024-09-21,Completed,75
R0001091,P20240207,M01326,2024-09-19,Completed,75
R0001092,P20240207,M00626,2024-09-02,Completed,65
R0001093,P20240207,M00638,2024-09-14,Completed,75
R0001094,P20240207,M01069,2024-09-01,Completed,65
R0001095,P20240207,M00380,2024-09-22,Completed,75
R0001096,P20240207,M00652,2024-09-06,Cancelled,60
R0001097,P20240207,M00860,2024-09-05,Completed,75
R0001098,P20240207,M00906,2024-09-19,Completed,65
R0001099,P20240207,M00866,2024-09-18,Completed,75
R0001100,P20240207,M01345,2024-09-20,Completed,60
R0001101,P20240207,M00562,2024-09-19,Completed,65
R0001102,P20240207,M00524,2024-09-16,Completed,60
R0001103,P20240207,M00892,2024-09-02,Completed,75
R0001104,P20240207,M01174,2024-09-19,Completed,65
R0001105,P20240207,M00799,2024-09-14,Completed,60
R0001106,P20240207,M00070,2024-09-01,Completed,65
R0001107,P20240207,M01143,2024-09-03,Completed,65
R0001108,P20240207,M00008,2024-09-15,Completed,75
R0001109,P20240207,M00104,2024-09-24,Completed,60
R0001110,P20240207,M00677,2024-09-25,Completed,65
R0001111,P20240207,M00175,2024-09-21,Completed,60
R0001112,P20240207,M00471,2024-09-22,Completed,75
R0001113,P20240207,M00005,2024-09-04,Completed,65
R0001114,P20240207,M01140,2024-09-21,Completed,60
R0001115,P20240207,M01011,2024-09-14,Completed,75
R0001116,P20240207,M00091,2024-09-25,No-show,75
R0001117,P20240207,M00111,2024-09-21,Cancelled,65
R0001118,P20240207,M00910,2024-09-08,Completed,65
R0001119,P20240207,M00801,2024-09-22,Completed,65
R0001120,P20240208,M00394,2024-08-13,Completed,80
R0001121,P20240208,M01052,2024-08-05,Completed,75
R0001122,P20240208,M00252,2024-08-08,Completed,90
R0001123,P20240208,M01176,2024-08-09,Completed,90
R0001124,P20240208,M00127,2024-08-24,Completed,75
R0001125,P20240208,M00745,2024-08-06,Completed,75
R0001126,P20240208,M01181,2024-08-08,Cancelled,90
R0001127,P20240208,M00128,2024-08-12,Completed,90
R0001128,P20240208,M00496,2024-08-20,Completed,80
R0001129,P20240208,M01003,2024-08-22,Completed,75
R0001130,P20240208,M00208,2024-08-20,Completed,90
R0001131,P20240208,M00171,2024-08-13,Completed,90
R0001132,P20240208,M00655,2024-08-15,No-show,75
R0001133,P20240208,M01239,2024-08-12,Completed,75
R0001134,P20240208,M00365,2024-08-07,Completed,90
R0001135,P20240208,M01014,2024-08-13,Completed,90
R0001136,P20240208,M01338,2024-08-24,Completed,90
R0001137,P20240208,M01244,2024-08-22,Completed,75
R0001138,P20240208,M00941,2024-08-19,Completed,90
R0001139,P20240208,M00704,2024-08-20,No-show,80
R0001140,P20240208,M00896,2024-08-15,Completed,90
R0001141,P20240208,M01052,2024-08-10,Completed,90
R0001142,P20240208,M01202,2024-08-09,Completed,75
R0001143,P20240208,M00929,2024-08-04,Completed,90
R0001144,P20240208,M00351,2024-08-01,Completed,90
R0001145,P20240208,M00287,2024-08-15,No-show,90
R0001146,P20240208,M01193,2024-08-23,Completed,75
R0001147,P20240208,M00951,2024-08-23,Completed,80
R0001148,P20240208,M00218,2024-08-24,Completed,80
R0001149,P20240208,M00897,2024-08-22,Completed,90
R0001150,P20240208,M00666,2024-08-10,Completed,90
R0001151,P20240208,M00541,2024-08-07,Completed,90
R0001152,P20240208,M00235,2024-08-13,Completed,90
R0001153,P20240208,M00351,2024-08-22,Completed,90
R0001154,P20240208,M00995,2024-08-12,Completed,75
R0001155,P20240208,M00698,2024-08-22,Completed,90
R0001156,P20240208,M00644,2024-08-16,Completed,90
R0001157,P20240208,M01358,2024-08-11,Completed,75
R0001158,P20240208,M00556,2024-08-13,Completed,80
R0001159,P20240208,M01072,2024-08-11,Completed,75
R0001160,P20240208,M00271,2024-08-17,Completed,90
R0001161,P20240208,M01243,2024-08-06,Completed,75
R0001162,P20240301,M00624,2024-08-22,Completed,75
R0001163,P20240301,M00534,2024-08-07,Cancelled,65
R0001164,P20240301,M00457,2024-08-10,Cancelled,75
R0001165,P20240301,M01359,2024-08-15,Completed,75
R0001166,P20240301,M00545,2024-08-10,Completed,75
R0001167,P20240301,M00846,2024-08-12,Completed,75
R0001168,P20240301,M00602,2024-08-18,Completed,65
R0001169,P20240301,M00580,2024-08-08,Completed,75
R0001170,P20240301,M00227,2024-08-15,Completed,75
R0001171,P20240301,M00578,2024-08-14,Completed,60
R0001172,P20240301,M01267,2024-08-16,Completed,75
R0001173,P20240301,M00348,2024-08-20,No-show,65
R0001174,P20240301,M01154,2024-08-06,Completed,75
R0001175,P20240302,M00176,2024-03-07,Completed,60
R0001176,P20240302,M01309,2024-03-21,No-show,60
R0001177,P20240302,M00249,2024-03-08,Completed,75
R0001178,P20240302,M01254,2024-03-17,Completed,60
R0001179,P20240302,M01326,2024-03-08,Cancelled,75
R0001180,P20240302,M00500,2024-03-05,Completed,60
R0001181,P20240302,M00959,2024-03-21,Completed,75
R0001182,P20240302,M01293,2024-03-22,Completed,60
R0001183,P20240302,M01339,2024-03-17,Completed,65
R0001184,P20240302,M00704,2024-03-04,Completed,75
R0001185,P20240302,M00854,2024-03-16,Completed,65
R0001186,P20240302,M00832,2024-03-03,Completed,75
R0001187,P20240303,M00176,2024-10-20,Completed,45
R0001188,P20240303,M00727,2024-10-09,Completed,45
R0001189,P20240303,M01015,2024-10-05,Completed,45
R0001190,P20240303,M00351,2024-10-04,Completed,35
R0001191,P20240303,M01047,2024-10-18,Completed,45
R0001192,P20240303,M01025,2024-10-08,Completed,35
R0001193,P20240303,M00618,2024-10-18,Completed,45
R0001194,P20240303,M01347,2024-10-25,Completed,45
R0001195,P20240303,M01133,2024-10-05,Completed,45
R0001196,P20240303,M00933,2024-10-11,Cancelled,45
R0001197,P20240303,M00705,2024-10-22,Completed,35
R0001198,P20240303,M01155,2024-10-13,Completed,45
R0001199,P20240303,M00254,2024-10-22,Completed,45
R0001200,P20240303,M01159,2024-10-04,Completed,35
R0001201,P20240303,M00920,2024-10-13,Completed,45
R0001202,P20240303,M00030,2024-10-25,Completed,45
R0001203,P20240303,M01028,2024-10-22,Cancelled,45
R0001204,P20240303,M00403,2024-10-15,Completed,45
R0001205,P20240303,M01266,2024-10-14,Completed,35
R0001206,P20240303,M00335,2024-10-12,Completed,35
R0001207,P20240303,M00074,2024-10-17,Completed,45
R0001208,P20240303,M00393,2024-10-18,Completed,45
R0001209,P20240303,M00962,2024-10-23,Completed,45
R0001210,P20240303,M01027,2024-10-24,Completed,45
R0001211,P20240304,M00628,2024-10-25,Completed,60
R0001212,P20240304,M01122,2024-10-21,Completed,45
R0001213,P20240304,M01081,2024-10-15,Completed,60
R0001214,P20240304,M00230,2024-10-22,Completed,60
R0001215,P20240304,M00642,2024-10-12,No-show,45
R0001216,P20240304,M00325,2024-10-17,Completed,50
R0001217,P20240304,M00372,2024-10-19,Completed,50
R0001218,P20240304,M00775,2024-10-06,Completed,60
R0001219,P20240304,M00980,2024-10-12,Completed,60
R0001220,P20240304,M00447,2024-10-22,Cancelled,45
R0001221,P20240304,M01366,2024-10-03,Completed,60
R0001222,P20240304,M01062,2024-10-05,Completed,45
R0001223,P20240304,M00797,2024-10-18,Cancelled,45
R0001224,P20240304,M00377,2024-10-11,Completed,50
R0001225,P20240304,M00712,2024-10-10,Completed,60
R0001226,P20240304,M01175,2024-10-06,Completed,60
R0001227,P20240304,M00199,2024-10-09,Completed,50
R0001228,P20240304,M00216,2024-10-08,Completed,60
R0001229,P20240304,M01252,2024-10-12,Completed,60
R0001230,P20240304,M00600,2024-10-04,Completed,50
R0001231,P20240304,M01045,2024-10-18,Completed,45
R0001232,P20240305,M01073,2024-09-06,Cancelled,105
R0001233,P20240305,M00122,2024-09-18,Completed,120
R0001234,P20240305,M00270,2024-09-23,Completed,120
R0001235,P20240305,M01370,2024-09-21,Completed,105
R0001236,P20240305,M00802,2024-09-17,Completed,105
R0001237,P20240305,M00940,2024-09-24,Completed,120
R0001238,P20240305,M00177,2024-09-09,Completed,120
R0001239,P20240305,M00427,2024-09-04,Completed,120
R0001240,P20240305,M00564,2024-09-14,Completed,120
R0001241,P20240305,M00138,2024-09-06,Cancelled,105
R0001242,P20240305,M00191,2024-09-05,Completed,120
R0001243,P20240305,M00967,2024-09-04,Completed,120
R0001244,P20240305,M00472,2024-09-05,Completed,110
R0001245,P20240305,M00339,2024-09-10,Completed,120
R0001246,P20240305,M01159,2024-09-19,Completed,120
R0001247,P20240305,M00688,2024-09-20,Completed,120
R0001248,P20240306,M00462,2024-04-21,Completed,65
R0001249,P20240306,M01243,2024-04-12,Completed,75
R0001250,P20240306,M00699,2024-04-08,Completed,65
R0001251,P20240306,M01230,2024-04-25,Completed,75
R0001252,P20240306,M00038,2024-04-04,No-show,60
R0001253,P20240306,M01095,2024-04-21,Completed,75
R0001254,P20240306,M01310,2024-04-25,Completed,75
R0001255,P20240306,M00217,2024-04-17,Completed,75
R0001256,P20240306,M00937,2024-04-05,Completed,75
R0001257,P20240306,M00605,2024-04-23,Completed,60
R0001258,P20240306,M00938,2024-04-06,Completed,65
R0001259,P20240306,M00505,2024-04-12,Completed,75
R0001260,P20240307,M00563,2024-08-15,Cancelled,45
R0001261,P20240307,M00640,2024-08-09,No-show,45
R0001262,P20240307,M00279,2024-08-14,Completed,45
R0001263,P20240307,M00200,2024-08-24,Completed,45
R0001264,P20240307,M01345,2024-08-15,Completed,45
R0001265,P20240307,M00893,2024-08-11,Cancelled,45
R0001266,P20240307,M01017,2024-08-25,Completed,35
R0001267,P20240307,M01013,2024-08-06,Cancelled,45
R0001268,P20240307,M00817,2024-08-04,Completed,30
R0001269,P20240307,M00169,2024-08-18,Completed,45
R0001270,P20240307,M00349,2024-08-23,Completed,35
R0001271,P20240307,M01089,2024-08-04,Completed,30
R0001272,P20240307,M00084,2024-08-22,Completed,45
R0001273,P20240307,M01388,2024-08-15,Completed,45
R0001274,P20240308,M00867,2024-01-05,Completed,110
R0001275,P20240308,M00097,2024-01-20,Completed,120
R0001276,P20240308,M00416,2024-01-07,Completed,105
R0001277,P20240308,M00052,2024-01-21,Completed,120
R0001278,P20240308,M01125,2024-01-05,Cancelled,120
R0001279,P20240308,M01375,2024-01-23,Completed,120
R0001280,P20240308,M00032,2024-01-18,Completed,105
R0001281,P20240308,M00385,2024-01-06,Completed,105
R0001282,P20240308,M01122,2024-01-19,Completed,120
R0001283,P20240308,M00239,2024-01-09,Completed,120
R0001284,P20240308,M00206,2024-01-08,Completed,120
R0001285,P20240308,M01017,2024-01-06,Completed,120
R0001286,P20240308,M00177,2024-01-03,Completed,105
R0001287,P20240308,M00499,2024-01-12,Completed,110
R0001288,P20240308,M00489,2024-01-15,Completed,120
R0001289,P20240308,M00661,2024-01-10,No-show,105
R0001290,P20240308,M00232,2024-01-18,Completed,120
R0001291,P20240308,M00626,2024-01-22,Completed,120
R0001292,P20240308,M00974,2024-01-02,Completed,120
R0001293,P20240308,M01062,2024-01-21,Completed,120
R0001294,P20240308,M00188,2024-01-14,Completed,120
R0001295,P20240401,M00014,2024-09-18,Completed,120
R0001296,P20240401,M01077,2024-09-02,No-show,110
R0001297,P20240401,M01261,2024-09-04,Completed,120
R0001298,P20240401,M01304,2024-09-11,Completed,105
R0001299,P20240401,M00247,2024-09-21,Completed,105
R0001300,P20240401,M00413,2024-09-07,Completed,120
R0001301,P20240401,M00607,2024-09-20,Completed,120
R0001302,P20240401,M00597,2024-09-09,Completed,120
R0001303,P20240401,M00096,2024-09-01,Completed,120
R0001304,P20240401,M00313,2024-09-16,Completed,120
R0001305,P20240401,M01052,2024-09-03,Completed,120
R0001306,P20240401,M01028,2024-09-24,Completed,120
R0001307,P20240401,M01378,2024-09-04,Completed,110
R0001308,P20240401,M00787,2024-09-11,Completed,110
R0001309,P20240402,M00587,2024-06-14,Cancelled,105
R0001310,P20240402,M00737,2024-06-08,Completed,120
R0001311,P20240402,M01033,2024-06-06,Completed,120
R0001312,P20240402,M00102,2024-06-01,Completed,120
R0001313,P20240402,M00923,2024-06-05,Completed,120
R0001314,P20240402,M00894,2024-06-03,Completed,120
R0001315,P20240402,M00960,2024-06-21,No-show,120
R0001316,P20240402,M00388,2024-06-14,Completed,120
R0001317,P20240402,M01273,2024-06-10,No-show,120
R0001318,P20240402,M00100,2024-06-14,Completed,110
R0001319,P20240402,M00426,2024-06-04,Completed,110
R0001320,P20240403,M00704,2024-08-14,Completed,60
R0001321,P20240403,M00024,2024-08-17,Completed,45
R0001322,P20240403,M00375,2024-08-22,Completed,60
R0001323,P20240403,M01149,2024-08-10,Completed,45
R0001324,P20240403,M01050,2024-08-20,Completed,60
R0001325,P20240403,M00992,2024-08-05,Cancelled,60
R0001326,P20240403,M00614,2024-08-20,Completed,60
R0001327,P20240403,M01394,2024-08-22,Completed,50
R0001328,P20240403,M00366,2024-08-22,Cancelled,50
R0001329,P20240403,M00110,2024-08-24,Completed,60
R0001330,P20240403,M00018,2024-08-19,Completed,60
R0001331,P20240403,M00757,2024-08-18,Completed,60
R0001332,P20240404,M00861,2024-03-21,Completed,45
R0001333,P20240404,M00325,2024-03-11,Completed,45
R0001334,P20240404,M01061,2024-03-22,Completed,45
R0001335,P20240404,M00357,2024-03-03,Completed,45
R0001336,P20240404,M01124,2024-03-12,Completed,45
R0001337,P20240404,M01158,2024-03-25,Completed,45
R0001338,P20240404,M00500,2024-03-15,Completed,30
R0001339,P20240404,M00436,2024-03-22,Completed,45
R0001340,P20240404,M01126,2024-03-21,Completed,45
R0001341,P20240404,M00534,2024-03-06,Completed,30
R0001342,P20240404,M01271,2024-03-23,Completed,45
R0001343,P20240404,M00189,2024-03-11,Completed,45
R0001344,P20240404,M00005,2024-03-03,Completed,30
R0001345,P20240404,M00385,2024-03-19,Completed,35
R0001346,P20240404,M01177,2024-03-21,Completed,35
R0001347,P20240404,M00713,2024-03-15,Completed,35
R0001348,P20240404,M00790,2024-03-13,Completed,45
R0001349,P20240404,M00935,2024-03-05,Completed,45
R0001350,P20240404,M00281,2024-03-07,Completed,45
R0001351,P20240404,M00010,2024-03-11,Cancelled,30
R0001352,P20240404,M01372,2024-03-08,Completed,45
R0001353,P20240404,M01353,2024-03-15,Completed,35
R0001354,P20240404,M00075,2024-03-01,Completed,45
R0001355,P20240404,M00954,2024-03-03,Completed,35
R0001356,P20240404,M00244,2024-03-20,Completed,45
R0001357,P20240404,M00448,2024-03-16,Completed,45
R0001358,P20240404,M01226,2024-03-08,Cancelled,45
R0001359,P20240404,M00986,2024-03-18,Completed,35
R0001360,P20240404,M00700,2024-03-10,Completed,35
R0001361,P20240404,M01175,2024-03-08,Completed,45
R0001362,P20240404,M00082,2024-03-20,Completed,30
R0001363,P20240404,M00547,2024-03-15,Completed,30
R0001364,P20240404,M01134,2024-03-24,Completed,45
R0001365,P20240404,M01297,2024-03-19,Completed,35
R0001366,P20240404,M00076,2024-03-12,Completed,45
R0001367,P20240404,M00482,2024-03-10,Completed,45
R0001368,P20240404,M00378,2024-03-19,Completed,30
R0001369,P20240405,M00072,2024-08-15,Completed,65
R0001370,P20240405,M01248,2024-08-10,Completed,75
R0001371,P20240405,M00959,2024-08-20,Completed,75
R0001372,P20240405,M00661,2024-08-16,Completed,75
R0001373,P20240405,M00668,2024-08-09,Completed,65
R0001374,P20240405,M00717,2024-08-12,Completed,65
R0001375,P20240405,M00380,2024-08-23,Completed,65
R0001376,P20240405,M01196,2024-08-06,Completed,60
R0001377,P20240405,M00103,2024-08-23,Completed,65
R0001378,P20240405,M00775,2024-08-22,Completed,75
R0001379,P20240405,M00571,2024-08-15,Completed,75
R0001380,P20240405,M01136,2024-08-09,Completed,75
R0001381,P20240405,M00983,2024-08-20,Completed,75
R0001382,P20240405,M00468,2024-08-12,Completed,75
R0001383,P20240405,M00628,2024-08-15,Completed,75
R0001384,P20240405,M01307,2024-08-12,Completed,75
R0001385,P20240405,M00849,2024-08-12,Completed,75
R0001386,P20240405,M00762,2024-08-05,Completed,75
R0001387,P20240405,M00687,2024-08-09,Completed,75
R0001388,P20240405,M00002,2024-08-05,Completed,75
R0001389,P20240405,M00935,2024-08-24,Cancelled,65
R0001390,P20240405,M00120,2024-08-15,Completed,75
R0001391,P20240405,M00847,2024-08-20,Completed,75
R0001392,P20240405,M00066,2024-08-03,Completed,60
R0001393,P20240405,M00997,2024-08-06,Completed,75
R0001394,P20240405,M01192,2024-08-16,Completed,60
R0001395,P20240406,M00114,2024-01-16,Completed,90
R0001396,P20240406,M00002,2024-01-02,Completed,90
R0001397,P20240406,M01006,2024-01-04,Completed,75
R0001398,P20240406,M00055,2024-01-04,Completed,90
R0001399,P20240406,M00831,2024-01-12,Completed,90
R0001400,P20240406,M01396,2024-01-10,Completed,90
R0001401,P20240406,M00253,2024-01-22,Completed,90
R0001402,P20240406,M00891,2024-01-05,Completed,90
R0001403,P20240406,M00217,2024-01-12,Completed,75
R0001404,P20240406,M00290,2024-01-14,Completed,90
R0001405,P20240406,M00979,2024-01-04,Completed,90
R0001406,P20240406,M00229,2024-01-10,Completed,80
R0001407,P20240406,M00037,2024-01-02,Completed,90
R0001408,P20240406,M00813,2024-01-20,Completed,90
R0001409,P20240406,M00153,2024-01-10,Completed,90
R0001410,P20240406,M01370,2024-01-18,Completed,75
R0001411,P20240406,M00629,2024-01-18,Completed,80
R0001412,P20240406,M00557,2024-01-05,Completed,90
R0001413,P20240406,M00397,2024-01-25,No-show,90
R0001414,P20240406,M00110,2024-01-04,Completed,90
R0001415,P20240406,M00642,2024-01-18,Completed,90
R0001416,P20240406,M00938,2024-01-06,Completed,80
R0001417,P20240406,M00326,2024-01-09,Completed,80
R0001418,P20240406,M00147,2024-01-16,Completed,75
R0001419,P20240406,M01183,2024-01-01,Cancelled,90
R0001420,P20240406,M00121,2024-01-22,Completed,75
R0001421,P20240406,M00234,2024-01-02,Completed,80
R0001422,P20240406,M01341,2024-01-20,Cancelled,75
R0001423,P20240406,M01391,2024-01-08,Cancelled,90
R0001424,P20240406,M01387,2024-01-02,Completed,90
R0001425,P20240406,M01279,2024-01-02,Completed,90
R0001426,P20240406,M01017,2024-01-20,Completed,90
R0001427,P20240406,M01198,2024-01-11,Completed,80
R0001428,P20240406,M01399,2024-01-05,Completed,75
R0001429,P20240406,M00310,2024-01-08,Completed,75
R0001430,P20240406,M00636,2024-01-25,Completed,90
R0001431,P20240406,M01167,2024-01-03,Completed,90
R0001432,P20240407,M00306,2024-01-25,Completed,65
R0001433,P20240407,M00653,2024-01-01,Cancelled,75
R0001434,P20240407,M00199,2024-01-11,Completed,75
R0001435,P20240407,M01047,2024-01-15,Completed,60
R0001436,P20240407,M00156,2024-01-22,Completed,75
R0001437,P20240407,M01119,2024-01-02,Completed,75
R0001438,P20240407,M00457,2024-01-08,Cancelled,75
R0001439,P20240407,M00076,2024-01-17,Completed,75
R0001440,P20240407,M00994,2024-01-18,Completed,75
R0001441,P20240407,M00370,2024-01-09,Completed,60
R0001442,P20240407,M00596,2024-01-02,Completed,60
R0001443,P20240408,M00498,2024-04-25,No-show,45
R0001444,P20240408,M01325,2024-04-12,Completed,45
R0001445,P20240408,M00351,2024-04-07,Completed,35
R0001446,P20240408,M00386,2024-04-21,Completed,45
R0001447,P20240408,M00544,2024-04-25,Completed,45
R0001448,P20240408,M01226,2024-04-15,Completed,45
R0001449,P20240408,M00390,2024-04-16,Completed,45
R0001450,P20240408,M01382,2024-04-24,Completed,45
R0001451,P20240408,M01379,2024-04-10,Completed,45
R0001452,P20240408,M00405,2024-04-05,Completed,45
R0001453,P20240408,M00253,2024-04-07,Completed,45
R0001454,P20240408,M00648,2024-04-18,Completed,35
R0001455,P20240408,M00663,2024-04-17,Completed,30
R0001456,P20240408,M00638,2024-04-16,Completed,30
R0001457,P20240408,M01142,2024-04-23,Cancelled,45
R0001458,P20240408,M01122,2024-04-19,Completed,45
R0001459,P20240408,M00558,2024-04-10,Completed,45
R0001460,P20240408,M00122,2024-04-17,Completed,45
R0001461,P20250101,M00193,2025-08-20,Completed,45
R0001462,P20250101,M00160,2025-08-09,Completed,45
R0001463,P20250101,M01274,2025-08-08,Completed,45
R0001464,P20250101,M00822,2025-08-17,Completed,45
R0001465,P20250101,M01352,2025-08-11,Completed,35
R0001466,P20250101,M00509,2025-08-04,Completed,30
R0001467,P20250101,M00406,2025-08-04,Completed,45
R0001468,P20250101,M00752,2025-08-19,Completed,45
R0001469,P20250101,M00848,2025-08-02,Completed,45
R0001470,P20250101,M00453,2025-08-11,No-show,35
R0001471,P20250101,M01344,2025-08-24,Cancelled,30
R0001472,P20250101,M00457,2025-08-21,Completed,35
R0001473,P20250101,M00691,2025-08-01,Completed,45
R0001474,P20250101,M00576,2025-08-07,Completed,45
R0001475,P20250101,M01399,2025-08-22,Completed,45
R0001476,P20250101,M01051,2025-08-17,Completed,35
R0001477,P20250101,M00821,2025-08-04,Cancelled,30
R0001478,P20250101,M00935,2025-08-10,Completed,45
R0001479,P20250101,M00699,2025-08-16,Completed,30
R0001480,P20250101,M01142,2025-08-15,Completed,35
R0001481,P20250101,M00248,2025-08-23,Completed,45
R0001482,P20250101,M00248,2025-08-14,Completed,45
R0001483,P20250101,M00026,2025-08-23,Completed,45
R0001484,P20250101,M00181,2025-08-09,No-show,35
R0001485,P20250101,M01021,2025-08-21,Completed,45
R0001486,P20250101,M00407,2025-08-05,Completed,45
R0001487,P20250101,M01274,2025-08-14,Completed,45
R0001488,P20250101,M00077,2025-08-10,Completed,30
R0001489,P20250101,M00162,2025-08-14,Completed,45
R0001490,P20250101,M01136,2025-08-14,Completed,45
R0001491,P20250102,M00487,2025-01-05,No-show,75
R0001492,P20250102,M00752,2025-01-13,No-show,65
R0001493,P20250102,M00872,2025-01-15,Completed,75
R0001494,P20250102,M00711,2025-01-25,Completed,75
R0001495,P20250102,M01368,2025-01-14,Completed,75
R0001496,P20250102,M00912,2025-01-15,Completed,65
R0001497,P20250102,M00411,2025-01-19,Completed,65
R0001498,P20250102,M00568,2025-01-03,Completed,60
R0001499,P20250102,M01151,2025-01-22,Completed,75
R0001500,P20250102,M00598,2025-01-09,Completed,60
R0001501,P20250102,M01252,2025-01-06,Completed,75
R0001502,P20250102,M00031,2025-01-22,Completed,65
R0001503,P20250102,M00738,2025-01-19,Completed,75
R0001504,P20250102,M00013,2025-01-16,Cancelled,75
R0001505,P20250102,M00388,2025-01-07,Completed,75
R0001506,P20250103,M01237,2025-01-04,Completed,120
R0001507,P20250103,M00373,2025-01-09,Completed,110
R0001508,P20250103,M00904,2025-01-18,Completed,110
R0001509,P20250103,M01199,2025-01-24,Completed,110
R0001510,P20250103,M01202,2025-01-13,Completed,110
R0001511,P20250103,M00350,2025-01-07,Completed,120
R0001512,P20250103,M01064,2025-01-22,Completed,120
R0001513,P20250103,M00977,2025-01-11,Cancelled,120
R0001514,P20250103,M00316,2025-01-08,Completed,110
R0001515,P20250103,M00733,2025-01-11,Completed,110
R0001516,P20250103,M01141,2025-01-05,Completed,120
R0001517,P20250103,M00147,2025-01-15,Completed,110
R0001518,P20250103,M00833,2025-01-02,Completed,120
R0001519,P20250103,M00359,2025-01-06,Completed,120
R0001520,P20250103,M00510,2025-01-24,Cancelled,120
R0001521,P20250103,M01138,2025-01-03,Cancelled,120
R0001522,P20250103,M00986,2025-01-21,Completed,120
R0001523,P20250103,M00673,2025-01-02,Completed,120
R0001524,P20250103,M00067,2025-01-09,Completed,120
R0001525,P20250103,M00217,2025-01-24,Completed,120
R0001526,P20250103,M01247,2025-01-04,No-show,120
R0001527,P20250103,M00198,2025-01-25,Completed,110
R0001528,P20250103,M00974,2025-01-16,Completed,120
R0001529,P20250103,M00199,2025-01-13,Completed,105
R0001530,P20250103,M00794,2025-01-21,Completed,110
R0001531,P20250103,M00922,2025-01-17,No-show,120
R0001532,P20250103,M01101,2025-01-23,Completed,120
R0001533,P20250103,M01041,2025-01-21,Cancelled,110
R0001534,P20250103,M01248,2025-01-04,Completed,110
R0001535,P20250103,M00032,2025-01-21,Completed,120
R0001536,P20250104,M00479,2025-01-23,Completed,60
R0001537,P20250104,M00108,2025-01-12,Completed,65
R0001538,P20250104,M00644,2025-01-23,Completed,75
R0001539,P20250104,M00680,2025-01-20,Completed,65
R0001540,P20250104,M01115,2025-01-24,Completed,75
R0001541,P20250104,M00149,2025-01-24,Completed,75
R0001542,P20250104,M01034,2025-01-22,Completed,75
R0001543,P20250104,M00545,2025-01-15,Completed,75
R0001544,P20250104,M00898,2025-01-02,Cancelled,75
R0001545,P20250104,M00417,2025-01-08,Completed,60
R0001546,P20250104,M00584,2025-01-02,Completed,60
R0001547,P20250104,M00671,2025-01-11,Completed,75
R0001548,P20250104,M00955,2025-01-23,Completed,75
R0001549,P20250104,M00046,2025-01-25,Completed,60
R0001550,P20250104,M00174,2025-01-11,Completed,60
R0001551,P20250104,M00383,2025-01-20,Completed,75
R0001552,P20250104,M00880,2025-01-15,Completed,65
R0001553,P20250104,M01170,2025-01-10,Completed,60
R0001554,P20250104,M00533,2025-01-18,Completed,65
R0001555,P20250104,M01311,2025-01-23,Completed,60
R0001556,P20250105,M01383,2025-04-16,Completed,60
R0001557,P20250105,M01258,2025-04-14,Completed,60
R0001558,P20250105,M00618,2025-04-18,Cancelled,50
R0001559,P20250105,M00836,2025-04-22,Completed,45
R0001560,P20250105,M00400,2025-04-12,Completed,50
R0001561,P20250105,M00639,2025-04-22,No-show,60
R0001562,P20250105,M01328,2025-04-01,Completed,50
R0001563,P20250105,M00195,2025-04-18,Completed,50
R0001564,P20250105,M00865,2025-04-17,Completed,60
R0001565,P20250105,M01063,2025-04-06,Cancelled,60
R0001566,P20250105,M00030,2025-04-11,Completed,60
R0001567,P20250105,M01367,2025-04-22,Completed,60
R0001568,P20250105,M01064,2025-04-10,Completed,60
R0001569,P20250105,M00056,2025-04-15,No-show,45
R0001570,P20250105,M00859,2025-04-06,Completed,50
R0001571,P20250105,M01022,2025-04-05,Completed,50
R0001572,P20250105,M00168,2025-04-25,Completed,60
R0001573,P20250105,M01383,2025-04-12,No-show,50
R0001574,P20250105,M00402,2025-04-18,Completed,60
R0001575,P20250106,M00257,2025-01-05,Cancelled,75
R0001576,P20250106,M00917,2025-01-10,Completed,60
R0001577,P20250106,M00572,2025-01-10,Completed,65
R0001578,P20250106,M01146,2025-01-09,Completed,65
R0001579,P20250106,M00313,2025-01-20,Completed,65
R0001580,P20250106,M00583,2025-01-23,Completed,75
R0001581,P20250106,M00841,2025-01-19,Cancelled,75
R0001582,P20250106,M00831,2025-01-10,Completed,60
R0001583,P20250106,M00540,2025-01-21,Completed,75
R0001584,P20250106,M01036,2025-01-08,Cancelled,75
R0001585,P20250106,M00679,2025-01-21,Completed,60
R0001586,P20250106,M00254,2025-01-10,Cancelled,75
R0001587,P20250106,M00751,2025-01-21,Completed,75
R0001588,P20250106,M01101,2025-01-24,Completed,75
R0001589,P20250106,M00308,2025-01-19,Completed,75
R0001590,P20250106,M00027,2025-01-03,Completed,75
R0001591,P20250106,M00026,2025-01-10,Completed,75
R0001592,P20250106,M01017,2025-01-15,Completed,60
R0001593,P20250106,M01392,2025-01-04,Completed,75
R0001594,P20250106,M00033,2025-01-10,Completed,75
R0001595,P20250107,M00290,2025-01-13,Completed,45
R0001596,P20250107,M01084,2025-01-05,Completed,45
R0001597,P20250107,M00620,2025-01-03,Completed,45
R0001598,P20250107,M00460,2025-01-04,Completed,45
R0001599,P20250107,M00470,2025-01-13,Completed,45
R0001600,P20250107,M00629,2025-01-25,Completed,45
R0001601,P20250107,M01201,2025-01-23,Completed,35
R0001602,P20250107,M00332,2025-01-12,Completed,30
R0001603,P20250107,M00796,2025-01-02,No-show,45
R0001604,P20250107,M00047,2025-01-18,Completed,45
R0001605,P20250107,M01279,2025-01-07,Completed,45
R0001606,P20250107,M00003,2025-01-21,No-show,45
R0001607,P20250107,M00779,2025-01-02,Completed,35
R0001608,P20250107,M01049,2025-01-23,Completed,35
R0001609,P20250107,M00266,2025-01-20,Completed,45
R0001610,P20250107,M00391,2025-01-23,Completed,45
R0001611,P20250107,M00650,2025-01-08,Completed,35
R0001612,P20250107,M00860,2025-01-17,Completed,45
R0001613,P20250107,M00905,2025-01-22,Completed,35
R0001614,P20250107,M01064,2025-01-07,Cancelled,45
R0001615,P20250107,M01181,2025-01-19,Completed,30
R0001616,P20250107,M01282,2025-01-04,Completed,45
R0001617,P20250107,M01300,2025-01-01,Completed,45
R0001618,P20250107,M00882,2025-01-15,Cancelled,30
R0001619,P20250107,M00305,2025-01-16,Completed,45
R0001620,P20250107,M00073,2025-01-25,Completed,45
R0001621,P20250107,M00651,2025-01-09,Cancelled,30
R0001622,P20250107,M00733,2025-01-24,Completed,45
R0001623,P20250107,M00802,2025-01-02,Cancelled,45
R0001624,P20250107,M00579,2025-01-06,Completed,45
R0001625,P20250107,M01339,2025-01-01,No-show,45
R0001626,P20250107,M01260,2025-01-23,Completed,35
R0001627,P20250107,M00751,2025-01-12,Completed,35
R0001628,P20250107,M01281,2025-01-12,Completed,35
R0001629,P20250107,M00099,2025-01-25,Completed,45
R0001630,P20250108,M00027,2025-04-19,Completed,45
R0001631,P20250108,M01224,2025-04-12,Cancelled,45
R0001632,P20250108,M00258,2025-04-02,Completed,35
R0001633,P20250108,M01274,2025-04-10,Completed,45
R0001634,P20250108,M00389,2025-04-10,No-show,45
R0001635,P20250108,M00844,2025-04-06,Completed,45
R0001636,P20250108,M00452,2025-04-19,Completed,45
R0001637,P20250108,M01313,2025-04-01,Completed,45
R0001638,P20250108,M00781,2025-04-09,Completed,45
R0001639,P20250108,M00046,2025-04-14,Cancelled,45
R0001640,P20250108,M00595,2025-04-09,Completed,45
R0001641,P20250108,M01377,2025-04-16,Completed,35
R0001642,P20250108,M00068,2025-04-09,Completed,45
R0001643,P20250108,M01212,2025-04-07,Completed,45
R0001644,P20250108,M01089,2025-04-21,Completed,45
R0001645,P20250108,M00632,2025-04-11,Completed,45
R0001646,P20250108,M01400,2025-04-23,Completed,35
R0001647,P20250108,M01377,2025-04-12,Completed,30
R0001648,P20250108,M01153,2025-04-25,Completed,30
R0001649,P20250108,M01057,2025-04-25,Completed,45
R0001650,P20250108,M00697,2025-04-10,Completed,45
R0001651,P20250108,M00056,2025-04-16,Completed,30
R0001652,P20250108,M00515,2025-04-20,Completed,35
R0001653,P20250108,M01326,2025-04-08,Cancelled,45
R0001654,P20250108,M00354,2025-04-21,Completed,45
R0001655,P20250108,M00607,2025-04-01,Completed,45
R0001656,P20250108,M00100,2025-04-22,Cancelled,45
R0001657,P20250108,M01157,2025-04-03,Completed,45
R0001658,P20250108,M00260,2025-04-25,Completed,45
R0001659,P20250108,M00612,2025-04-24,No-show,45
R0001660,P20250108,M00119,2025-04-14,Completed,35
R0001661,P20250108,M00716,2025-04-09,Completed,45
R0001662,P20250108,M00329,2025-04-19,Completed,35
R0001663,P20250201,M00740,2025-03-18,Completed,105
R0001664,P20250201,M00590,2025-03-22,Cancelled,120
R0001665,P20250201,M00768,2025-03-10,Completed,120
R0001666,P20250201,M00022,2025-03-20,Cancelled,120
R0001667,P20250201,M00346,2025-03-23,Completed,120
R0001668,P20250201,M00646,2025-03-16,Completed,120
R0001669,P20250201,M00733,2025-03-22,Cancelled,120
R0001670,P20250201,M01031,2025-03-18,Completed,120
R0001671,P20250201,M00436,2025-03-22,Completed,120
R0001672,P20250201,M00629,2025-03-13,Completed,120
R0001673,P20250201,M00670,2025-03-03,Completed,120
R0001674,P20250201,M00871,2025-03-02,Completed,120
R0001675,P20250201,M01041,2025-03-12,Cancelled,120
R0001676,P20250201,M00259,2025-03-05,Completed,110
R0001677,P20250201,M00218,2025-03-07,Completed,120
R0001678,P20250201,M00633,2025-03-02,Completed,120
R0001679,P20250201,M01000,2025-03-12,Completed,120
R0001680,P20250201,M00169,2025-03-14,Completed,120
R0001681,P20250202,M01312,2025-01-18,Completed,90
R0001682,P20250202,M00805,2025-01-24,Cancelled,75
R0001683,P20250202,M00923,2025-01-13,Completed,80
R0001684,P20250202,M00589,2025-01-20,Completed,75
R0001685,P20250202,M00991,2025-01-07,Completed,75
R0001686,P20250202,M00653,2025-01-11,Completed,90
R0001687,P20250202,M00550,2025-01-02,Completed,90
R0001688,P20250202,M00120,2025-01-03,Completed,80
R0001689,P20250202,M00570,2025-01-17,Completed,90
R0001690,P20250202,M00549,2025-01-07,Completed,75
R0001691,P20250202,M00844,2025-01-02,Completed,80
R0001692,P20250202,M00169,2025-01-05,Completed,80
R0001693,P20250202,M00312,2025-01-13,Completed,90
R0001694,P20250202,M00113,2025-01-23,Completed,90
R0001695,P20250202,M00672,2025-01-01,Completed,90
R0001696,P20250202,M01168,2025-01-18,Completed,90
R0001697,P20250202,M00536,2025-01-17,Completed,80
R0001698,P20250202,M00589,2025-01-22,Completed,90
R0001699,P20250202,M01393,2025-01-12,Completed,90
R0001700,P20250202,M00469,2025-01-07,Completed,90
R0001701,P20250202,M01033,2025-01-01,Completed,90
R0001702,P20250202,M00142,2025-01-01,Cancelled,90
R0001703,P20250202,M01277,2025-01-16,Completed,90
R0001704,P20250202,M01093,2025-01-25,Completed,80
R0001705,P20250203,M00397,2025-08-25,Completed,90
R0001706,P20250203,M01045,2025-08-24,Completed,90
R0001707,P20250203,M00280,2025-08-23,Cancelled,75
R0001708,P20250203,M00481,2025-08-01,Completed,90
R0001709,P20250203,M00213,2025-08-09,Completed,90
R0001710,P20250203,M00745,2025-08-12,No-show,90
R0001711,P20250203,M00626,2025-08-05,Completed,90
R0001712,P20250203,M01392,2025-08-17,Completed,90
R0001713,P20250203,M00598,2025-08-24,No-show,90
R0001714,P20250203,M00083,2025-08-22,Completed,75
R0001715,P20250203,M00625,2025-08-05,Completed,90
R0001716,P20250203,M00409,2025-08-01,Completed,90
R0001717,P20250203,M00466,2025-08-06,Completed,90
R0001718,P20250203,M00532,2025-08-23,Cancelled,75
R0001719,P20250203,M00661,2025-08-19,Completed,90
R0001720,P20250203,M00560,2025-08-03,Completed,90
R0001721,P20250203,M00085,2025-08-11,Completed,90
R0001722,P20250203,M00651,2025-08-05,Completed,90
R0001723,P20250203,M00791,2025-08-22,Completed,80
R0001724,P20250203,M00835,2025-08-16,Completed,90
R0001725,P20250203,M01334,2025-08-12,Completed,90
R0001726,P20250203,M00447,2025-08-08,Completed,80
R0001727,P20250203,M00169,2025-08-03,Completed,90
R0001728,P20250203,M00757,2025-08-08,Completed,90
R0001729,P20250203,M00330,2025-08-14,Completed,90
R0001730,P20250203,M01341,2025-08-21,Completed,90
R0001731,P20250203,M00119,2025-08-09,Completed,90
R0001732,P20250203,M01165,2025-08-20,Completed,90
R0001733,P20250203,M00707,2025-08-06,Completed,90
R0001734,P20250203,M01349,2025-08-10,Cancelled,75
R0001735,P20250203,M00536,2025-08-19,Completed,90
R0001736,P20250203,M00070,2025-08-11,Completed,80
R0001737,P20250203,M00427,2025-08-09,Completed,90
R0001738,P20250203,M01303,2025-08-18,Completed,90
R0001739,P20250204,M01354,2025-04-04,Completed,120
R0001740,P20250204,M00377,2025-04-16,Completed,120
R0001741,P20250204,M00321,2025-04-07,Completed,110
R0001742,P20250204,M01398,2025-04-12,Completed,105
R0001743,P20250204,M01363,2025-04-03,Completed,120
R0001744,P20250204,M01275,2025-04-21,Cancelled,120
R0001745,P20250204,M00772,2025-04-12,Completed,120
R0001746,P20250204,M01019,2025-04-16,Completed,120
R0001747,P20250204,M00472,2025-04-11,Completed,120
R0001748,P20250204,M00191,2025-04-22,Completed,120
R0001749,P20250204,M01007,2025-04-22,Completed,120
R0001750,P20250204,M00426,2025-04-06,Completed,120
R0001751,P20250204,M01377,2025-04-04,Cancelled,120
R0001752,P20250204,M00168,2025-04-22,Cancelled,105
R0001753,P20250204,M01356,2025-04-07,Completed,105
R0001754,P20250204,M01094,2025-04-24,Cancelled,110
R0001755,P20250204,M01124,2025-04-14,Completed,105
R0001756,P20250204,M01123,2025-04-01,Cancelled,120
R0001757,P20250204,M00597,2025-04-21,Completed,120
R0001758,P20250204,M01154,2025-04-10,Completed,120
R0001759,P20250205,M00094,2025-08-13,Completed,105
R0001760,P20250205,M00743,2025-08-19,Completed,105
R0001761,P20250205,M01223,2025-08-11,Completed,120
R0001762,P20250205,M00589,2025-08-14,Completed,120
R0001763,P20250205,M00459,2025-08-09,Completed,110
R0001764,P20250205,M01034,2025-08-03,Completed,120
R0001765,P20250205,M01247,2025-08-18,Completed,110
R0001766,P20250205,M00128,2025-08-16,Completed,120
R0001767,P20250205,M00614,2025-08-07,Completed,110
R0001768,P20250205,M00560,2025-08-12,Completed,120
R0001769,P20250205,M00092,2025-08-04,Completed,110
R0001770,P20250205,M00650,2025-08-19,Completed,120
R0001771,P20250205,M00855,2025-08-02,Completed,120
R0001772,P20250205,M00999,2025-08-16,Completed,120
R0001773,P20250205,M00435,2025-08-03,Completed,120
R0001774,P20250205,M00507,2025-08-20,No-show,105
R0001775,P20250205,M00851,2025-08-18,Completed,120
R0001776,P20250205,M00309,2025-08-24,Completed,105
R0001777,P20250205,M00184,2025-08-11,Completed,120
R0001778,P20250205,M00338,2025-08-12,Completed,110
R0001779,P20250205,M00579,2025-08-02,Completed,120
R0001780,P20250205,M00879,2025-08-06,Completed,120
R0001781,P20250205,M00675,2025-08-12,Completed,120
R0001782,P20250205,M01212,2025-08-15,Completed,110
R0001783,P20250205,M00873,2025-08-08,Completed,120
R0001784,P20250205,M00232,2025-08-09,Completed,105
R0001785,P20250206,M01273,2025-01-04,Completed,105
R0001786,P20250206,M00580,2025-01-13,Completed,120
R0001787,P20250206,M00945,2025-01-16,Completed,105
R0001788,P20250206,M00206,2025-01-22,Completed,110
R0001789,P20250206,M00851,2025-01-21,Completed,120
R0001790,P20250206,M01016,2025-01-13,Completed,120
R0001791,P20250206,M01171,2025-01-09,No-show,110
R0001792,P20250206,M00624,2025-01-10,Completed,120
R0001793,P20250206,M01315,2025-01-20,Completed,105
R0001794,P20250206,M00047,2025-01-07,Completed,110
R0001795,P20250206,M00311,2025-01-20,Completed,120
R0001796,P20250206,M00073,2025-01-17,Completed,120
R0001797,P20250206,M00372,2025-01-19,Cancelled,120
R0001798,P20250206,M00516,2025-01-23,Completed,110
R0001799,P20250206,M00581,2025-01-09,Completed,105
R0001800,P20250206,M01200,2025-01-11,Completed,120
R0001801,P20250206,M00792,2025-01-06,Completed,110
R0001802,P20250206,M00377,2025-01-24,Completed,120
R0001803,P20250206,M00419,2025-01-02,Completed,105
R0001804,P20250206,M01328,2025-01-01,Completed,120
R0001805,P20250206,M00073,2025-01-18,Completed,105
R0001806,P20250206,M00952,2025-01-03,Completed,120
R0001807,P20250206,M01226,2025-01-20,Completed,120
R0001808,P20250206,M00616,2025-01-04,Completed,120
R0001809,P20250207,M01354,2025-08-05,Completed,120
R0001810,P20250207,M00629,2025-08-11,Completed,105
R0001811,P20250207,M00088,2025-08-07,Completed,105
R0001812,P20250207,M01197,2025-08-12,Completed,110
R0001813,P20250207,M00156,2025-08-18,Completed,120
R0001814,P20250207,M00732,2025-08-03,Completed,110
R0001815,P20250207,M00649,2025-08-04,Completed,110
R0001816,P20250207,M01134,2025-08-08,Completed,110
R0001817,P20250207,M00273,2025-08-05,Completed,120
R0001818,P20250207,M01272,2025-08-12,Completed,120
R0001819,P20250207,M01190,2025-08-07,Completed,120
R0001820,P20250207,M01119,2025-08-08,Completed,120
R0001821,P20250207,M00290,2025-08-01,Completed,105
R0001822,P20250207,M00466,2025-08-25,Completed,120
R0001823,P20250207,M00301,2025-08-15,Completed,120
R0001824,P20250207,M00921,2025-08-12,No-show,120
R0001825,P20250207,M00300,2025-08-08,Completed,120
R0001826,P20250207,M00658,2025-08-12,Completed,120
R0001827,P20250207,M00266,2025-08-10,Cancelled,105
R0001828,P20250207,M00389,2025-08-06,Completed,120
R0001829,P20250207,M00788,2025-08-16,Completed,105
R0001830,P20250207,M00243,2025-08-17,Completed,120
R0001831,P20250207,M01382,2025-08-12,Completed,120
R0001832,P20250207,M00502,2025-08-10,Completed,120
R0001833,P20250207,M00928,2025-08-06,Completed,120
R0001834,P20250207,M00338,2025-08-23,Completed,120
R0001835,P20250207,M01155,2025-08-12,Completed,120
R0001836,P20250207,M00182,2025-08-07,Completed,105
R0001837,P20250207,M00268,2025-08-09,Completed,120
R0001838,P20250207,M00928,2025-08-13,Completed,110
R0001839,P20250207,M00953,2025-08-05,Completed,120
R0001840,P20250207,M00880,2025-08-13,Completed,120
R0001841,P20250207,M00343,2025-08-05,Completed,120
R0001842,P20250207,M00806,2025-08-15,Completed,120
R0001843,P20250207,M00720,2025-08-08,Cancelled,120
R0001844,P20250207,M01334,2025-08-05,No-show,120
R0001845,P20250207,M00953,2025-08-12,Completed,105
R0001846,P20250207,M00480,2025-08-06,Completed,110
R0001847,P20250207,M00495,2025-08-04,Completed,120
R0001848,P20250207,M00062,2025-08-12,Completed,120
R0001849,P20250208,M00191,2025-04-17,Completed,75
R0001850,P20250208,M01145,2025-04-10,Completed,75
R0001851,P20250208,M00961,2025-04-08,No-show,75
R0001852,P20250208,M01168,2025-04-21,Completed,75
R0001853,P20250208,M01045,2025-04-06,Completed,75
R0001854,P20250208,M00046,2025-04-03,Completed,65
R0001855,P20250208,M00903,2025-04-07,Completed,75
R0001856,P20250208,M00057,2025-04-02,Completed,75
R0001857,P20250208,M01356,2025-04-20,Completed,60
R0001858,P20250208,M00690,2025-04-17,Completed,65
R0001859,P20250208,M00081,2025-04-07,Completed,60
R0001860,P20250208,M01288,2025-04-16,Completed,60
R0001861,P20250208,M00087,2025-04-11,Completed,65
R0001862,P20250208,M01214,2025-04-20,Cancelled,75
R0001863,P20250208,M01111,2025-04-09,Completed,60
R0001864,P20250208,M01247,2025-04-16,Completed,75
R0001865,P20250208,M00643,2025-04-19,Cancelled,75
R0001866,P20250208,M00034,2025-04-06,Completed,65
R0001867,P20250208,M01146,2025-04-13,Completed,65
R0001868,P20250208,M00325,2025-04-23,No-show,60
R0001869,P20250208,M01352,2025-04-20,Completed,75
R0001870,P20250208,M00783,2025-04-16,Completed,75
R0001871,P20250208,M00980,2025-04-03,Completed,75
R0001872,P20250208,M01089,2025-04-18,Cancelled,75
R0001873,P20250208,M00697,2025-04-20,Completed,75
R0001874,P20250208,M00542,2025-04-17,Completed,75
R0001875,P20250208,M00403,2025-04-08,Completed,60
R0001876,P20250208,M00812,2025-04-09,Completed,75
R0001877,P20250208,M00309,2025-04-15,Completed,65
R0001878,P20250208,M00378,2025-04-02,Completed,65
R0001879,P20250208,M00015,2025-04-25,Completed,75
R0001880,P20250208,M00083,2025-04-21,Completed,75
R0001881,P20250208,M00433,2025-04-13,Completed,75
R0001882,P20250208,M01240,2025-04-06,Completed,60
R0001883,P20250208,M00304,2025-04-24,Completed,65
R0001884,P20250208,M01359,2025-04-11,Cancelled,60
R0001885,P20250208,M00961,2025-04-19,Completed,60
R0001886,P20250208,M01323,2025-04-18,Completed,75
R0001887,P20250208,M00691,2025-04-24,Completed,75
R0001888,P20250208,M00871,2025-04-10,Completed,75
R0001889,P20250301,M00717,2025-06-13,Cancelled,35
R0001890,P20250301,M01153,2025-06-05,Completed,35
R0001891,P20250301,M00371,2025-06-09,Completed,35
R0001892,P20250301,M00490,2025-06-07,Completed,45
R0001893,P20250301,M00739,2025-06-20,Completed,45
R0001894,P20250301,M00204,2025-06-15,Completed,45
R0001895,P20250301,M00018,2025-06-06,Completed,35
R0001896,P20250301,M00789,2025-06-02,Completed,45
R0001897,P20250301,M01200,2025-06-05,Completed,45
R0001898,P20250302,M01199,2025-09-09,Completed,45
R0001899,P20250302,M00121,2025-09-01,Completed,30
R0001900,P20250302,M01364,2025-09-22,Completed,45
R0001901,P20250302,M01318,2025-09-18,Completed,45
R0001902,P20250302,M00443,2025-09-08,Completed,30
R0001903,P20250302,M01276,2025-09-09,Completed,35
R0001904,P20250302,M01211,2025-09-12,Completed,45
R0001905,P20250302,M00949,2025-09-02,Cancelled,45
R0001906,P20250302,M00435,2025-09-17,Completed,45
R0001907,P20250302,M00405,2025-09-23,Completed,30
R0001908,P20250302,M01082,2025-09-20,Completed,45
R0001909,P20250302,M00017,2025-09-21,Completed,35
R0001910,P20250302,M01021,2025-09-16,Completed,30
R0001911,P20250302,M01189,2025-09-25,Completed,45
R0001912,P20250302,M00255,2025-09-03,Completed,45
R0001913,P20250302,M01232,2025-09-10,Cancelled,45
R0001914,P20250302,M00671,2025-09-15,Completed,45
R0001915,P20250302,M00104,2025-09-11,Completed,45
R0001916,P20250302,M00429,2025-09-23,Completed,45
R0001917,P20250302,M00689,2025-09-01,Cancelled,45
R0001918,P20250302,M00985,2025-09-09,Completed,45
R0001919,P20250302,M00052,2025-09-18,Completed,45
R0001920,P20250302,M00967,2025-09-20,Completed,45
R0001921,P20250302,M01140,2025-09-12,Completed,45
R0001922,P20250302,M00145,2025-09-02,Completed,30
R0001923,P20250302,M00824,2025-09-03,Completed,45
R0001924,P20250302,M00382,2025-09-07,No-show,30
R0001925,P20250302,M00749,2025-09-01,Completed,45
R0001926,P20250302,M01191,2025-09-17,Completed,45
R0001927,P20250302,M00982,2025-09-10,Cancelled,45
R0001928,P20250302,M01200,2025-09-11,Completed,45
R0001929,P20250302,M00054,2025-09-19,Completed,35
R0001930,P20250302,M00636,2025-09-24,Completed,30
R0001931,P20250303,M00888,2025-08-21,Cancelled,120
R0001932,P20250303,M01191,2025-08-25,Completed,105
R0001933,P20250303,M00805,2025-08-10,Completed,120
R0001934,P20250303,M01279,2025-08-23,Completed,105
R0001935,P20250303,M00031,2025-08-14,Cancelled,120
R0001936,P20250303,M01388,2025-08-13,Completed,105
R0001937,P20250303,M01351,2025-08-02,Completed,105
R0001938,P20250303,M00906,2025-08-13,Completed,105
R0001939,P20250303,M00442,2025-08-15,Completed,120
R0001940,P20250303,M00932,2025-08-01,Completed,120
R0001941,P20250303,M00465,2025-08-14,Completed,110
R0001942,P20250303,M00265,2025-08-16,Completed,120
R0001943,P20250303,M00788,2025-08-11,Completed,120
R0001944,P20250303,M00330,2025-08-11,Completed,105
R0001945,P20250303,M01277,2025-08-14,Completed,110
R0001946,P20250303,M01268,2025-08-10,Completed,120
R0001947,P20250303,M00089,2025-08-05,Completed,120
R0001948,P20250303,M00825,2025-08-23,Completed,120
R0001949,P20250303,M01136,2025-08-02,Completed,120
R0001950,P20250303,M00693,2025-08-12,Completed,120
R0001951,P20250303,M00248,2025-08-14,Completed,110
R0001952,P20250304,M00378,2025-01-20,Completed,105
R0001953,P20250304,M00796,2025-01-20,Completed,105
R0001954,P20250304,M01280,2025-01-07,Completed,110
R0001955,P20250304,M00608,2025-01-04,Completed,110
R0001956,P20250304,M00022,2025-01-14,Cancelled,110
R0001957,P20250304,M00807,2025-01-06,Completed,110
R0001958,P20250304,M00027,2025-01-25,Completed,120
R0001959,P20250304,M00669,2025-01-09,Completed,120
R0001960,P20250304,M00929,2025-01-23,Completed,120
R0001961,P20250304,M00816,2025-01-25,Completed,120
R0001962,P20250304,M01321,2025-01-16,Cancelled,110
R0001963,P20250304,M00650,2025-01-08,Completed,120
R0001964,P20250304,M01345,2025-01-08,Completed,110
R0001965,P20250304,M00084,2025-01-03,Cancelled,110
R0001966,P20250304,M00460,2025-01-09,Cancelled,110
R0001967,P20250304,M00673,2025-01-14,Completed,120
R0001968,P20250304,M00510,2025-01-04,Cancelled,120
R0001969,P20250304,M01330,2025-01-11,Cancelled,105
R0001970,P20250304,M01225,2025-01-17,Completed,120
R0001971,P20250304,M00086,2025-01-08,Completed,105
R0001972,P20250304,M00144,2025-01-12,Completed,120
R0001973,P20250304,M00886,2025-01-05,Completed,110
R0001974,P20250304,M00238,2025-01-06,Completed,105
R0001975,P20250304,M00976,2025-01-08,Completed,120
R0001976,P20250304,M01323,2025-01-12,Completed,110
R0001977,P20250304,M00395,2025-01-13,Completed,110
R0001978,P20250304,M01094,2025-01-07,Completed,120
R0001979,P20250304,M00070,2025-01-04,Completed,120
R0001980,P20250304,M01076,2025-01-05,Cancelled,105
R0001981,P20250305,M00206,2025-04-07,Completed,45
R0001982,P20250305,M01087,2025-04-09,Cancelled,45
R0001983,P20250305,M01379,2025-04-14,No-show,45
R0001984,P20250305,M00029,2025-04-06,Cancelled,35
R0001985,P20250305,M00085,2025-04-12,Cancelled,45
R0001986,P20250305,M01007,2025-04-09,Completed,45
R0001987,P20250305,M00349,2025-04-07,Completed,35
R0001988,P20250305,M00681,2025-04-18,No-show,45
R0001989,P20250305,M00010,2025-04-03,Completed,45
R0001990,P20250305,M00070,2025-04-07,Completed,45
R0001991,P20250305,M00404,2025-04-08,Completed,30
R0001992,P20250305,M00643,2025-04-19,No-show,45
R0001993,P20250305,M00817,2025-04-12,Completed,45
R0001994,P20250305,M00217,2025-04-24,Completed,45
R0001995,P20250306,M01011,2025-04-08,Completed,90
R0001996,P20250306,M00822,2025-04-12,Completed,75
R0001997,P20250306,M01116,2025-04-19,Completed,75
R0001998,P20250306,M00974,2025-04-16,Completed,80
R0001999,P20250306,M00651,2025-04-25,Completed,90
R0002000,P20250306,M00329,2025-04-04,Cancelled,90
R0002001,P20250306,M00323,2025-04-12,Completed,90
R0002002,P20250306,M01351,2025-04-03,Completed,90
R0002003,P20250306,M01094,2025-04-01,Cancelled,90
R0002004,P20250307,M01036,2025-03-09,Completed,60
R0002005,P20250307,M00409,2025-03-16,Completed,50
R0002006,P20250307,M01088,2025-03-15,Cancelled,45
R0002007,P20250307,M00883,2025-03-04,Completed,60
R0002008,P20250307,M00832,2025-03-17,Completed,60
R0002009,P20250307,M01233,2025-03-18,Completed,60
R0002010,P20250307,M00475,2025-03-05,Completed,60
R0002011,P20250307,M00609,2025-03-07,Completed,45
R0002012,P20250307,M00951,2025-03-20,Completed,60
R0002013,P20250307,M01129,2025-03-24,Completed,60
R0002014,P20250307,M00210,2025-03-08,Completed,60
R0002015,P20250307,M01232,2025-03-20,Completed,50
R0002016,P20250307,M00514,2025-03-22,No-show,45
R0002017,P20250307,M00386,2025-03-02,Completed,60
R0002018,P20250307,M00302,2025-03-07,Completed,60
R0002019,P20250308,M00438,2025-09-22,Completed,45
R0002020,P20250308,M00833,2025-09-08,Completed,45
R0002021,P20250308,M00856,2025-09-14,Completed,35
R0002022,P20250308,M00939,2025-09-24,Completed,45
R0002023,P20250308,M00273,2025-09-19,Completed,35
R0002024,P20250308,M00357,2025-09-24,Completed,45
R0002025,P20250308,M00532,2025-09-18,Completed,45
R0002026,P20250308,M01158,2025-09-15,Completed,35
R0002027,P20250308,M00297,2025-09-01,Completed,45
R0002028,P20250308,M00866,2025-09-01,Completed,35
R0002029,P20250308,M00676,2025-09-06,Completed,45
R0002030,P20250308,M01265,2025-09-10,Completed,35
R0002031,P20250308,M00853,2025-09-15,Completed,45
R0002032,P20250308,M01158,2025-09-05,Completed,30
R0002033,P20250308,M00712,2025-09-18,Cancelled,35
R0002034,P20250308,M01327,2025-09-25,Completed,45
R0002035,P20250401,M00221,2025-09-07,Completed,75
R0002036,P20250401,M01054,2025-09-21,Completed,75
R0002037,P20250401,M01280,2025-09-19,Completed,75
R0002038,P20250401,M00356,2025-09-17,Completed,75
R0002039,P20250401,M01338,2025-09-11,Completed,60
R0002040,P20250401,M01313,2025-09-02,Completed,65
R0002041,P20250401,M01177,2025-09-04,Completed,75
R0002042,P20250401,M00156,2025-09-02,Completed,75
R0002043,P20250401,M00677,2025-09-18,Completed,75
R0002044,P20250401,M01228,2025-09-09,Completed,75
R0002045,P20250401,M00191,2025-09-05,Completed,65
R0002046,P20250401,M00082,2025-09-23,Completed,75
R0002047,P20250401,M01021,2025-09-06,Completed,75
R0002048,P20250401,M00771,2025-09-11,Completed,75
R0002049,P20250401,M00902,2025-09-20,Completed,75
R0002050,P20250402,M00861,2025-08-02,Completed,75
R0002051,P20250402,M00952,2025-08-06,Completed,75
R0002052,P20250402,M00156,2025-08-07,Completed,75
R0002053,P20250402,M00195,2025-08-02,Completed,65
R0002054,P20250402,M00265,2025-08-07,Completed,60
R0002055,P20250402,M00500,2025-08-04,Completed,75
R0002056,P20250402,M00323,2025-08-13,Completed,65
R0002057,P20250402,M00761,2025-08-25,Completed,60
R0002058,P20250402,M01132,2025-08-10,Completed,75
R0002059,P20250402,M00116,2025-08-23,Completed,65
R0002060,P20250402,M00363,2025-08-12,Completed,75
R0002061,P20250402,M00609,2025-08-22,Completed,65
R0002062,P20250402,M00065,2025-08-25,Completed,75
R0002063,P20250402,M00696,2025-08-22,Completed,75
R0002064,P20250402,M00840,2025-08-03,Completed,75
R0002065,P20250402,M00014,2025-08-08,Cancelled,75
R0002066,P20250402,M01152,2025-08-14,Completed,75
R0002067,P20250402,M00810,2025-08-13,Completed,75
R0002068,P20250403,M01190,2025-06-21,Completed,30
R0002069,P20250403,M00755,2025-06-09,Cancelled,45
R0002070,P20250403,M00348,2025-06-12,Completed,45
R0002071,P20250403,M00863,2025-06-08,Completed,45
R0002072,P20250403,M00307,2025-06-15,Completed,45
R0002073,P20250403,M00165,2025-06-25,Completed,45
R0002074,P20250403,M01130,2025-06-18,Completed,35
R0002075,P20250403,M01137,2025-06-21,Completed,45
R0002076,P20250403,M00697,2025-06-21,Completed,45
R0002077,P20250403,M01345,2025-06-07,Completed,35
R0002078,P20250403,M01131,2025-06-13,Completed,45
R0002079,P20250403,M01337,2025-06-04,Cancelled,45
R0002080,P20250403,M00611,2025-06-02,Completed,30
R0002081,P20250403,M00639,2025-06-16,Completed,35
R0002082,P20250403,M01161,2025-06-03,Completed,30
R0002083,P20250403,M01117,2025-06-07,Completed,30
R0002084,P20250403,M00717,2025-06-16,Completed,45
R0002085,P20250403,M01109,2025-06-06,Completed,45
R0002086,P20250403,M00946,2025-06-08,Completed,30
R0002087,P20250403,M01165,2025-06-02,Completed,45
R0002088,P20250403,M00177,2025-06-12,Cancelled,45
R0002089,P20250403,M00212,2025-06-09,Completed,45
R0002090,P20250403,M01328,2025-06-03,Completed,35
R0002091,P20250404,M00811,2025-01-23,Completed,65
R0002092,P20250404,M00251,2025-01-21,Completed,75
R0002093,P20250404,M00213,2025-01-15,Completed,75
R0002094,P20250404,M00597,2025-01-18,Completed,65
R0002095,P20250404,M00113,2025-01-23,Completed,75
R0002096,P20250404,M00784,2025-01-21,No-show,75
R0002097,P20250404,M00647,2025-01-03,Completed,60
R0002098,P20250404,M00960,2025-01-06,Completed,60
R0002099,P20250404,M00369,2025-01-17,Completed,65
R0002100,P20250404,M00656,2025-01-04,Completed,65
R0002101,P20250404,M00642,2025-01-02,No-show,75
R0002102,P20250404,M00629,2025-01-15,Completed,60
R0002103,P20250404,M01328,2025-01-02,Cancelled,75
R0002104,P20250404,M01066,2025-01-13,Completed,75
R0002105,P20250404,M00963,2025-01-20,Completed,75
R0002106,P20250404,M00447,2025-01-01,Completed,75
R0002107,P20250404,M01085,2025-01-15,Completed,75
R0002108,P20250405,M01223,2025-01-25,Cancelled,60
R0002109,P20250405,M00101,2025-01-03,Completed,60
R0002110,P20250405,M01350,2025-01-23,Completed,45
R0002111,P20250405,M00019,2025-01-16,Completed,60
R0002112,P20250405,M00815,2025-01-06,Completed,60
R0002113,P20250405,M00987,2025-01-12,Completed,60
R0002114,P20250405,M00144,2025-01-04,Completed,50
R0002115,P20250405,M01310,2025-01-09,Completed,60
R0002116,P20250405,M00256,2025-01-10,Completed,50
R0002117,P20250405,M00961,2025-01-14,Completed,60
R0002118,P20250405,M01016,2025-01-23,Completed,60
R0002119,P20250405,M01075,2025-01-17,No-show,60
R0002120,P20250405,M00499,2025-01-12,Completed,60
R0002121,P20250405,M01139,2025-01-14,Completed,60
R0002122,P20250405,M00698,2025-01-07,Completed,60
R0002123,P20250405,M00009,2025-01-13,Completed,45
R0002124,P20250406,M01067,2025-03-12,Completed,90
R0002125,P20250406,M01381,2025-03-06,Completed,75
R0002126,P20250406,M01350,2025-03-17,No-show,75
R0002127,P20250406,M00993,2025-03-14,Completed,90
R0002128,P20250406,M00408,2025-03-18,Completed,90
R0002129,P20250406,M00841,2025-03-02,Completed,80
R0002130,P20250406,M00702,2025-03-08,Completed,90
R0002131,P20250406,M00056,2025-03-17,Cancelled,90
R0002132,P20250406,M00264,2025-03-16,Completed,90
R0002133,P20250406,M00843,2025-03-23,Completed,90
R0002134,P20250406,M00088,2025-03-18,Completed,90
R0002135,P20250406,M00022,2025-03-22,Completed,90
R0002136,P20250406,M01217,2025-03-20,No-show,80
R0002137,P20250406,M00070,2025-03-10,Completed,90
R0002138,P20250406,M00350,2025-03-05,Completed,90
R0002139,P20250406,M00560,2025-03-04,Completed,80
R0002140,P20250406,M01276,2025-03-09,Completed,90
R0002141,P20250406,M00435,2025-03-19,Completed,75
R0002142,P20250406,M00219,2025-03-14,Completed,90
R0002143,P20250406,M00823,2025-03-11,Completed,80
R0002144,P20250406,M01383,2025-03-05,Completed,90
R0002145,P20250407,M01044,2025-08-04,Completed,75
R0002146,P20250407,M00728,2025-08-11,Completed,75
R0002147,P20250407,M01142,2025-08-08,Completed,90
R0002148,P20250407,M01360,2025-08-08,Completed,80
R0002149,P20250407,M01195,2025-08-24,Completed,90
R0002150,P20250407,M00324,2025-08-07,Completed,90
R0002151,P20250407,M01190,2025-08-06,Completed,90
R0002152,P20250407,M00108,2025-08-13,Completed,75
R0002153,P20250407,M00699,2025-08-11,Completed,75
R0002154,P20250407,M01239,2025-08-06,Completed,90
R0002155,P20250407,M00060,2025-08-11,Cancelled,90
R0002156,P20250407,M01331,2025-08-10,Completed,75
R0002157,P20250407,M00200,2025-08-06,Completed,80
R0002158,P20250407,M01182,2025-08-10,Completed,75
R0002159,P20250407,M00469,2025-08-14,Completed,90
R0002160,P20250407,M00813,2025-08-07,Completed,90
R0002161,P20250407,M00250,2025-08-21,Completed,90
R0002162,P20250407,M01074,2025-08-24,Completed,90
R0002163,P20250407,M01315,2025-08-22,No-show,80
R0002164,P20250407,M00196,2025-08-06,Completed,75
R0002165,P20250407,M00649,2025-08-23,Cancelled,90
R0002166,P20250407,M00128,2025-08-19,Completed,90
R0002167,P20250407,M00887,2025-08-01,Completed,80
R0002168,P20250407,M01268,2025-08-05,No-show,90
R0002169,P20250407,M01298,2025-08-06,No-show,90
R0002170,P20250408,M00980,2025-08-11,Completed,60
R0002171,P20250408,M00365,2025-08-14,Completed,60
R0002172,P20250408,M00849,2025-08-23,Completed,60
R0002173,P20250408,M00088,2025-08-16,Completed,50
R0002174,P20250408,M00980,2025-08-07,Completed,50
R0002175,P20250408,M00623,2025-08-18,Completed,45
R0002176,P20250408,M01052,2025-08-04,Completed,60
R0002177,P20250408,M00842,2025-08-20,Completed,50
R0002178,P20250408,M00122,2025-08-19,Completed,60
R0002179,P20250408,M01315,2025-08-12,No-show,45
R0002180,P20250408,M01297,2025-08-18,Completed,45
R0002181,P20250408,M00334,2025-08-15,Completed,60
R0002182,P20250408,M00479,2025-08-25,Completed,45
R0002183,P20250408,M00258,2025-08-21,No-show,60
R0002184,P20250408,M00923,2025-08-08,Completed,60
R0002185,P20250408,M00633,2025-08-09,Completed,45
R0002186,P20250408,M00781,2025-08-02,Cancelled,60
R0002187,P20250408,M01149,2025-08-23,Completed,60
R0002188,P20250408,M00913,2025-08-01,Completed,45
R0002189,P20250408,M00118,2025-08-21,Completed,60
R0002190,P20250408,M00014,2025-08-11,Completed,45
R0002191,P20250408,M00403,2025-08-08,Completed,45
R0002192,P20250408,M00818,2025-08-08,Completed,60
R0002193,P20250408,M00641,2025-08-03,Completed,60
R0002194,P20250408,M00912,2025-08-11,Completed,60
R0002195,P20250408,M00688,2025-08-15,Completed,60
R0002196,P20250408,M00227,2025-08-15,Completed,60
R0002197,P20250408,M00576,2025-08-03,Completed,45
