transaction_id,member_id,transaction_date,facility_id,revenue_type,gross_revenue,direct_cost,contribution_margin
T0000001,M00001,2023-02-23,F03,Membership,540,302.4,237.6
T0000002,M00001,2024-01-01,F03,Membership,540,302.4,237.6
T0000003,M00001,2025-01-01,F03,Membership,540,302.4,237.6
T0000004,M00002,2024-02-14,F02,Membership,390,249.6,140.4
T0000005,M00002,2025-01-01,F02,Membership,315,201.6,113.4
T0000006,M00003,2024-03-31,F02,Membership,490,274.4,215.6
T0000007,M00004,2025-01-26,F01,Membership,840,512.4,327.6
T0000008,M00005,2024-05-13,F02,Membership,430,253.7,176.3
T0000009,M00005,2025-01-01,F02,Membership,480,283.2,196.8
T0000010,M00006,2023-08-27,F01,Membership,540,302.4,237.6
T0000011,M00007,2022-02-09,F01,Membership,840,512.4,327.6
T0000012,M00008,2022-01-29,F01,Membership,490,274.4,215.6
T0000013,M00009,2024-04-30,F01,Membership,465,260.4,204.6
T0000014,M00009,2025-01-01,F01,Membership,540,302.4,237.6
T0000015,M00010,2024-02-08,F03,Membership,480,283.2,196.8
T0000016,M00011,2022-07-24,F02,Membership,515,288.4,226.6
T0000017,M00011,2023-01-01,F02,Membership,540,302.4,237.6
T0000018,M00011,2024-01-01,F02,Membership,515,288.4,226.6
T0000019,M00011,2025-01-01,F02,Membership,540,302.4,237.6
T0000020,M00012,2024-08-30,F02,Membership,540,302.4,237.6
T0000021,M00012,2025-01-01,F02,Membership,540,302.4,237.6
T0000022,M00013,2023-01-14,F01,Membership,390,249.6,140.4
T0000023,M00013,2024-01-01,F01,Membership,390,249.6,140.4
T0000024,M00013,2025-01-01,F01,Membership,390,249.6,140.4
T0000025,M00014,2024-07-08,F02,Membership,515,288.4,226.6
T0000026,M00014,2025-01-01,F02,Membership,515,288.4,226.6
T0000027,M00015,2023-04-17,F01,Membership,480,283.2,196.8
T0000028,M00016,2022-02-18,F02,Membership,540,302.4,237.6
T0000029,M00016,2023-01-01,F02,Membership,540,302.4,237.6
T0000030,M00016,2024-01-01,F02,Membership,540,302.4,237.6
T0000031,M00016,2025-01-01,F02,Membership,540,302.4,237.6
T0000032,M00017,2024-11-18,F02,Membership,515,288.4,226.6
T0000033,M00017,2025-01-01,F02,Membership,540,302.4,237.6
T0000034,M00018,2024-07-17,F03,Membership,540,302.4,237.6
T0000035,M00019,2023-03-18,F04,Membership,300,207,93
T0000036,M00019,2024-01-01,F04,Membership,300,207,93
T0000037,M00019,2025-01-01,F04,Membership,300,207,93
T0000038,M00020,2023-03-26,F01,Membership,480,283.2,196.8
T0000039,M00020,2024-01-01,F01,Membership,480,283.2,196.8
T0000040,M00021,2023-04-07,F03,Membership,840,512.4,327.6
T0000041,M00021,2024-01-01,F03,Membership,765,466.65,298.35
T0000042,M00022,2023-06-29,F01,Membership,480,283.2,196.8
T0000043,M00022,2024-01-01,F01,Membership,480,283.2,196.8
T0000044,M00022,2025-01-01,F01,Membership,480,283.2,196.8
T0000045,M00023,2022-09-06,F04,Membership,390,249.6,140.4
T0000046,M00023,2023-01-01,F04,Membership,390,249.6,140.4
T0000047,M00023,2024-01-01,F04,Membership,390,249.6,140.4
T0000048,M00024,2025-10-30,F01,Membership,515,288.4,226.6
T0000049,M00025,2025-05-04,F04,Membership,840,512.4,327.6
T0000050,M00026,2025-08-16,F02,Membership,455,268.45,186.55
T0000051,M00027,2025-04-21,F04,Membership,455,268.45,186.55
T0000052,M00028,2024-08-28,F01,Membership,840,512.4,327.6
T0000053,M00029,2023-09-26,F01,Membership,225,155.25,69.75
T0000054,M00030,2022-08-10,F01,Membership,840,512.4,327.6
T0000055,M00030,2023-01-01,F01,Membership,840,512.4,327.6
T0000056,M00030,2024-01-01,F01,Membership,840,512.4,327.6
T0000057,M00030,2025-01-01,F01,Membership,840,512.4,327.6
T0000058,M00031,2023-03-26,F01,Membership,840,512.4,327.6
T0000059,M00031,2024-01-01,F01,Membership,840,512.4,327.6
T0000060,M00032,2022-04-01,F01,Membership,300,207,93
T0000061,M00032,2023-01-01,F01,Membership,250,172.5,77.5
T0000062,M00032,2024-01-01,F01,Membership,300,207,93
T0000063,M00032,2025-01-01,F01,Membership,300,207,93
T0000064,M00033,2025-02-05,F02,Membership,515,288.4,226.6
T0000065,M00034,2023-11-13,F01,Membership,390,249.6,140.4
T0000066,M00034,2024-01-01,F01,Membership,340,217.6,122.4
T0000067,M00034,2025-01-01,F01,Membership,390,249.6,140.4
T0000068,M00035,2023-05-27,F01,Membership,790,481.9,308.1
T0000069,M00036,2025-02-05,F04,Membership,840,512.4,327.6
T0000070,M00037,2024-02-06,F03,Membership,840,512.4,327.6
T0000071,M00037,2025-01-01,F03,Membership,840,512.4,327.6
T0000072,M00038,2025-01-24,F03,Membership,540,302.4,237.6
T0000073,M00039,2023-04-24,F04,Membership,340,217.6,122.4
T0000074,M00039,2024-01-01,F04,Membership,390,249.6,140.4
T0000075,M00040,2025-10-21,F01,Membership,490,274.4,215.6
T0000076,M00041,2024-10-28,F03,Membership,390,249.6,140.4
T0000077,M00041,2025-01-01,F03,Membership,365,233.6,131.4
T0000078,M00042,2024-05-01,F04,Membership,840,512.4,327.6
T0000079,M00042,2025-01-01,F04,Membership,840,512.4,327.6
T0000080,M00043,2024-02-06,F01,Membership,515,288.4,226.6
T0000081,M00044,2024-11-22,F01,Membership,480,283.2,196.8
T0000082,M00044,2025-01-01,F01,Membership,480,283.2,196.8
T0000083,M00045,2023-02-12,F04,Membership,315,201.6,113.4
T0000084,M00046,2025-09-14,F01,Membership,840,512.4,327.6
T0000085,M00047,2023-02-12,F01,Membership,540,302.4,237.6
T0000086,M00047,2024-01-01,F01,Membership,540,302.4,237.6
T0000087,M00048,2024-01-24,F04,Membership,840,512.4,327.6
T0000088,M00048,2025-01-01,F04,Membership,840,512.4,327.6
T0000089,M00049,2023-10-31,F03,Membership,840,512.4,327.6
T0000090,M00050,2024-03-24,F04,Membership,480,283.2,196.8
T0000091,M00051,2023-06-12,F04,Membership,430,253.7,176.3
T0000092,M00051,2024-01-01,F04,Membership,480,283.2,196.8
T0000093,M00051,2025-01-01,F04,Membership,455,268.45,186.55
T0000094,M00052,2023-01-28,F01,Membership,540,302.4,237.6
T0000095,M00052,2024-01-01,F01,Membership,540,302.4,237.6
T0000096,M00052,2025-01-01,F01,Membership,540,302.4,237.6
T0000097,M00053,2024-10-14,F02,Membership,840,512.4,327.6
T0000098,M00053,2025-01-01,F02,Membership,840,512.4,327.6
T0000099,M00054,2023-02-06,F01,Membership,480,283.2,196.8
T0000100,M00055,2023-10-20,F02,Membership,840,512.4,327.6
T0000101,M00055,2024-01-01,F02,Membership,790,481.9,308.1
T0000102,M00055,2025-01-01,F02,Membership,815,497.15,317.85
T0000103,M00056,2023-05-08,F01,Membership,540,302.4,237.6
T0000104,M00057,2022-09-22,F02,Membership,540,302.4,237.6
T0000105,M00057,2023-01-01,F02,Membership,540,302.4,237.6
T0000106,M00058,2023-11-25,F04,Membership,540,302.4,237.6
T0000107,M00058,2024-01-01,F04,Membership,540,302.4,237.6
T0000108,M00058,2025-01-01,F04,Membership,540,302.4,237.6
T0000109,M00059,2023-08-27,F01,Membership,300,207,93
T0000110,M00059,2024-01-01,F01,Membership,250,172.5,77.5
T0000111,M00059,2025-01-01,F01,Membership,300,207,93
T0000112,M00060,2022-09-01,F01,Membership,300,207,93
T0000113,M00060,2023-01-01,F01,Membership,300,207,93
T0000114,M00061,2023-04-23,F03,Membership,365,233.6,131.4
T0000115,M00062,2025-02-20,F04,Membership,490,274.4,215.6
T0000116,M00063,2024-09-05,F03,Membership,430,253.7,176.3
T0000117,M00064,2023-04-11,F03,Membership,390,249.6,140.4
T0000118,M00064,2024-01-01,F03,Membership,390,249.6,140.4
T0000119,M00064,2025-01-01,F03,Membership,340,217.6,122.4
T0000120,M00065,2024-06-05,F04,Membership,790,481.9,308.1
T0000121,M00065,2025-01-01,F04,Membership,840,512.4,327.6
T0000122,M00066,2024-04-23,F02,Membership,480,283.2,196.8
T0000123,M00066,2025-01-01,F02,Membership,430,253.7,176.3
T0000124,M00067,2025-09-07,F04,Membership,540,302.4,237.6
T0000125,M00068,2022-03-15,F01,Membership,480,283.2,196.8
T0000126,M00069,2025-03-19,F02,Membership,315,201.6,113.4
T0000127,M00070,2024-01-28,F04,Membership,390,249.6,140.4
T0000128,M00071,2024-02-07,F01,Membership,390,249.6,140.4
T0000129,M00071,2025-01-01,F01,Membership,340,217.6,122.4
T0000130,M00072,2024-06-03,F03,Membership,840,512.4,327.6
T0000131,M00072,2025-01-01,F03,Membership,840,512.4,327.6
T0000132,M00073,2024-03-18,F03,Membership,765,466.65,298.35
T0000133,M00073,2025-01-01,F03,Membership,840,512.4,327.6
T0000134,M00074,2024-11-20,F04,Membership,465,260.4,204.6
T0000135,M00074,2025-01-01,F04,Membership,540,302.4,237.6
T0000136,M00075,2025-08-28,F02,Membership,300,207,93
T0000137,M00076,2025-04-27,F01,Membership,430,253.7,176.3
T0000138,M00077,2024-09-20,F01,Membership,540,302.4,237.6
T0000139,M00077,2025-01-01,F01,Membership,540,302.4,237.6
T0000140,M00078,2025-04-06,F01,Membership,465,260.4,204.6
T0000141,M00079,2023-04-29,F02,Membership,840,512.4,327.6
T0000142,M00079,2024-01-01,F02,Membership,840,512.4,327.6
T0000143,M00079,2025-01-01,F02,Membership,840,512.4,327.6
T0000144,M00080,2025-09-11,F04,Membership,540,302.4,237.6
T0000145,M00081,2024-03-24,F02,Membership,480,283.2,196.8
T0000146,M00081,2025-01-01,F02,Membership,480,283.2,196.8
T0000147,M00082,2022-08-04,F01,Membership,300,207,93
T0000148,M00082,2023-01-01,F01,Membership,300,207,93
T0000149,M00082,2024-01-01,F01,Membership,300,207,93
T0000150,M00083,2022-04-22,F02,Membership,490,274.4,215.6
T0000151,M00083,2023-01-01,F02,Membership,540,302.4,237.6
T0000152,M00084,2024-04-22,F04,Membership,540,302.4,237.6
T0000153,M00084,2025-01-01,F04,Membership,490,274.4,215.6
T0000154,M00085,2025-03-24,F02,Membership,840,512.4,327.6
T0000155,M00086,2022-03-19,F01,Membership,455,268.45,186.55
T0000156,M00086,2023-01-01,F01,Membership,430,253.7,176.3
T0000157,M00087,2022-08-18,F02,Membership,480,283.2,196.8
T0000158,M00087,2023-01-01,F02,Membership,455,268.45,186.55
T0000159,M00088,2023-03-08,F01,Membership,815,497.15,317.85
T0000160,M00089,2022-10-29,F01,Membership,390,249.6,140.4
T0000161,M00089,2023-01-01,F01,Membership,340,217.6,122.4
T0000162,M00089,2024-01-01,F01,Membership,315,201.6,113.4
T0000163,M00089,2025-01-01,F01,Membership,390,249.6,140.4
T0000164,M00090,2023-04-24,F02,Membership,540,302.4,237.6
T0000165,M00090,2024-01-01,F02,Membership,540,302.4,237.6
T0000166,M00090,2025-01-01,F02,Membership,540,302.4,237.6
T0000167,M00091,2024-07-15,F01,Membership,840,512.4,327.6
T0000168,M00091,2025-01-01,F01,Membership,840,512.4,327.6
T0000169,M00092,2024-11-09,F04,Membership,515,288.4,226.6
T0000170,M00092,2025-01-01,F04,Membership,540,302.4,237.6
T0000171,M00093,2024-02-03,F04,Membership,815,497.15,317.85
T0000172,M00093,2025-01-01,F04,Membership,840,512.4,327.6
T0000173,M00094,2022-06-08,F01,Membership,480,283.2,196.8
T0000174,M00094,2023-01-01,F01,Membership,455,268.45,186.55
T0000175,M00095,2023-08-23,F02,Membership,540,302.4,237.6
T0000176,M00095,2024-01-01,F02,Membership,515,288.4,226.6
T0000177,M00095,2025-01-01,F02,Membership,540,302.4,237.6
T0000178,M00096,2023-01-23,F01,Membership,540,302.4,237.6
T0000179,M00096,2024-01-01,F01,Membership,540,302.4,237.6
T0000180,M00096,2025-01-01,F01,Membership,490,274.4,215.6
T0000181,M00097,2024-03-11,F02,Membership,465,260.4,204.6
T0000182,M00097,2025-01-01,F02,Membership,515,288.4,226.6
T0000183,M00098,2024-05-21,F01,Membership,390,249.6,140.4
T0000184,M00098,2025-01-01,F01,Membership,390,249.6,140.4
T0000185,M00099,2022-04-01,F02,Membership,790,481.9,308.1
T0000186,M00099,2023-01-01,F02,Membership,840,512.4,327.6
T0000187,M00099,2024-01-01,F02,Membership,840,512.4,327.6
T0000188,M00099,2025-01-01,F02,Membership,840,512.4,327.6
T0000189,M00100,2024-01-29,F03,Membership,480,283.2,196.8
T0000190,M00101,2023-09-14,F01,Membership,840,512.4,327.6
T0000191,M00101,2024-01-01,F01,Membership,790,481.9,308.1
T0000192,M00101,2025-01-01,F01,Membership,840,512.4,327.6
T0000193,M00102,2024-05-31,F02,Membership,840,512.4,327.6
T0000194,M00103,2024-09-07,F01,Membership,480,283.2,196.8
T0000195,M00104,2023-03-25,F01,Membership,540,302.4,237.6
T0000196,M00104,2024-01-01,F01,Membership,490,274.4,215.6
T0000197,M00104,2025-01-01,F01,Membership,540,302.4,237.6
T0000198,M00105,2022-02-18,F04,Membership,540,302.4,237.6
T0000199,M00105,2023-01-01,F04,Membership,490,274.4,215.6
T0000200,M00105,2024-01-01,F04,Membership,540,302.4,237.6
T0000201,M00106,2023-08-13,F04,Membership,275,189.75,85.25
T0000202,M00106,2024-01-01,F04,Membership,300,207,93
T0000203,M00106,2025-01-01,F04,Membership,300,207,93
T0000204,M00107,2022-05-05,F03,Membership,390,249.6,140.4
T0000205,M00107,2023-01-01,F03,Membership,390,249.6,140.4
T0000206,M00107,2024-01-01,F03,Membership,365,233.6,131.4
T0000207,M00107,2025-01-01,F03,Membership,390,249.6,140.4
T0000208,M00108,2022-07-04,F02,Membership,540,302.4,237.6
T0000209,M00108,2023-01-01,F02,Membership,490,274.4,215.6
T0000210,M00108,2024-01-01,F02,Membership,540,302.4,237.6
T0000211,M00109,2022-05-27,F01,Membership,540,302.4,237.6
T0000212,M00109,2023-01-01,F01,Membership,540,302.4,237.6
T0000213,M00109,2024-01-01,F01,Membership,540,302.4,237.6
T0000214,M00109,2025-01-01,F01,Membership,490,274.4,215.6
T0000215,M00110,2022-02-26,F04,Membership,300,207,93
T0000216,M00110,2023-01-01,F04,Membership,300,207,93
T0000217,M00110,2024-01-01,F04,Membership,300,207,93
T0000218,M00110,2025-01-01,F04,Membership,300,207,93
T0000219,M00111,2024-03-21,F02,Membership,540,302.4,237.6
T0000220,M00111,2025-01-01,F02,Membership,540,302.4,237.6
T0000221,M00112,2024-02-12,F04,Membership,300,207,93
T0000222,M00112,2025-01-01,F04,Membership,300,207,93
T0000223,M00113,2022-09-30,F03,Membership,840,512.4,327.6
T0000224,M00113,2023-01-01,F03,Membership,840,512.4,327.6
T0000225,M00113,2024-01-01,F03,Membership,840,512.4,327.6
T0000226,M00113,2025-01-01,F03,Membership,840,512.4,327.6
T0000227,M00114,2023-01-22,F04,Membership,390,249.6,140.4
T0000228,M00114,2024-01-01,F04,Membership,390,249.6,140.4
T0000229,M00114,2025-01-01,F04,Membership,390,249.6,140.4
T0000230,M00115,2025-08-18,F02,Membership,515,288.4,226.6
T0000231,M00116,2024-06-22,F01,Membership,840,512.4,327.6
T0000232,M00116,2025-01-01,F01,Membership,765,466.65,298.35
T0000233,M00117,2023-03-05,F04,Membership,540,302.4,237.6
T0000234,M00117,2024-01-01,F04,Membership,540,302.4,237.6
T0000235,M00118,2023-03-06,F01,Membership,540,302.4,237.6
T0000236,M00119,2024-04-22,F03,Membership,390,249.6,140.4
T0000237,M00119,2025-01-01,F03,Membership,365,233.6,131.4
T0000238,M00120,2023-02-02,F01,Membership,490,274.4,215.6
T0000239,M00120,2024-01-01,F01,Membership,540,302.4,237.6
T0000240,M00120,2025-01-01,F01,Membership,540,302.4,237.6
T0000241,M00121,2025-11-19,F01,Membership,300,207,93
T0000242,M00122,2025-07-28,F02,Membership,390,249.6,140.4
T0000243,M00123,2022-09-02,F04,Membership,480,283.2,196.8
T0000244,M00123,2023-01-01,F04,Membership,455,268.45,186.55
T0000245,M00123,2024-01-01,F04,Membership,480,283.2,196.8
T0000246,M00123,2025-01-01,F04,Membership,480,283.2,196.8
T0000247,M00124,2024-11-06,F01,Membership,365,233.6,131.4
T0000248,M00124,2025-01-01,F01,Membership,390,249.6,140.4
T0000249,M00125,2022-08-08,F04,Membership,840,512.4,327.6
T0000250,M00125,2023-01-01,F04,Membership,840,512.4,327.6
T0000251,M00125,2024-01-01,F04,Membership,840,512.4,327.6
T0000252,M00126,2025-07-27,F01,Membership,390,249.6,140.4
T0000253,M00127,2023-05-04,F02,Membership,340,217.6,122.4
T0000254,M00127,2024-01-01,F02,Membership,390,249.6,140.4
T0000255,M00127,2025-01-01,F02,Membership,390,249.6,140.4
T0000256,M00128,2022-09-22,F01,Membership,540,302.4,237.6
T0000257,M00128,2023-01-01,F01,Membership,490,274.4,215.6
T0000258,M00128,2024-01-01,F01,Membership,540,302.4,237.6
T0000259,M00128,2025-01-01,F01,Membership,540,302.4,237.6
T0000260,M00129,2023-05-06,F01,Membership,250,172.5,77.5
T0000261,M00129,2024-01-01,F01,Membership,300,207,93
T0000262,M00129,2025-01-01,F01,Membership,275,189.75,85.25
T0000263,M00130,2023-08-02,F01,Membership,430,253.7,176.3
T0000264,M00130,2024-01-01,F01,Membership,480,283.2,196.8
T0000265,M00130,2025-01-01,F01,Membership,430,253.7,176.3
T0000266,M00131,2022-09-01,F02,Membership,540,302.4,237.6
T0000267,M00131,2023-01-01,F02,Membership,540,302.4,237.6
T0000268,M00131,2024-01-01,F02,Membership,540,302.4,237.6
T0000269,M00131,2025-01-01,F02,Membership,515,288.4,226.6
T0000270,M00132,2022-07-10,F02,Membership,840,512.4,327.6
T0000271,M00132,2023-01-01,F02,Membership,840,512.4,327.6
T0000272,M00132,2024-01-01,F02,Membership,790,481.9,308.1
T0000273,M00132,2025-01-01,F02,Membership,840,512.4,327.6
T0000274,M00133,2023-03-06,F04,Membership,365,233.6,131.4
T0000275,M00133,2024-01-01,F04,Membership,390,249.6,140.4
T0000276,M00133,2025-01-01,F04,Membership,390,249.6,140.4
T0000277,M00134,2024-08-03,F02,Membership,480,283.2,196.8
T0000278,M00134,2025-01-01,F02,Membership,455,268.45,186.55
T0000279,M00135,2023-11-10,F01,Membership,840,512.4,327.6
T0000280,M00136,2024-01-18,F01,Membership,480,283.2,196.8
T0000281,M00137,2023-01-06,F02,Membership,490,274.4,215.6
T0000282,M00137,2024-01-01,F02,Membership,465,260.4,204.6
T0000283,M00138,2022-09-12,F01,Membership,300,207,93
T0000284,M00139,2023-11-10,F04,Membership,480,283.2,196.8
T0000285,M00140,2024-02-02,F02,Membership,840,512.4,327.6
T0000286,M00140,2025-01-01,F02,Membership,790,481.9,308.1
T0000287,M00141,2023-09-03,F04,Membership,765,466.65,298.35
T0000288,M00141,2024-01-01,F04,Membership,815,497.15,317.85
T0000289,M00141,2025-01-01,F04,Membership,840,512.4,327.6
T0000290,M00142,2022-02-28,F01,Membership,480,283.2,196.8
T0000291,M00142,2023-01-01,F01,Membership,455,268.45,186.55
T0000292,M00143,2022-09-20,F02,Membership,840,512.4,327.6
T0000293,M00144,2024-09-10,F01,Membership,540,302.4,237.6
T0000294,M00145,2022-08-11,F02,Membership,840,512.4,327.6
T0000295,M00146,2024-07-06,F01,Membership,390,249.6,140.4
T0000296,M00146,2025-01-01,F01,Membership,390,249.6,140.4
T0000297,M00147,2024-02-24,F01,Membership,815,497.15,317.85
T0000298,M00147,2025-01-01,F01,Membership,815,497.15,317.85
T0000299,M00148,2022-07-13,F04,Membership,840,512.4,327.6
T0000300,M00148,2023-01-01,F04,Membership,765,466.65,298.35
T0000301,M00148,2024-01-01,F04,Membership,815,497.15,317.85
T0000302,M00148,2025-01-01,F04,Membership,815,497.15,317.85
T0000303,M00149,2024-07-22,F04,Membership,490,274.4,215.6
T0000304,M00149,2025-01-01,F04,Membership,465,260.4,204.6
T0000305,M00150,2023-04-15,F01,Membership,540,302.4,237.6
T0000306,M00150,2024-01-01,F01,Membership,540,302.4,237.6
T0000307,M00150,2025-01-01,F01,Membership,540,302.4,237.6
T0000308,M00151,2024-09-15,F01,Membership,300,207,93
T0000309,M00152,2024-01-27,F02,Membership,300,207,93
T0000310,M00152,2025-01-01,F02,Membership,300,207,93
T0000311,M00153,2025-04-26,F01,Membership,480,283.2,196.8
T0000312,M00154,2022-08-30,F04,Membership,540,302.4,237.6
T0000313,M00155,2024-01-13,F02,Membership,390,249.6,140.4
T0000314,M00155,2025-01-01,F02,Membership,390,249.6,140.4
T0000315,M00156,2022-10-04,F03,Membership,430,253.7,176.3
T0000316,M00156,2023-01-01,F03,Membership,455,268.45,186.55
T0000317,M00156,2024-01-01,F03,Membership,480,283.2,196.8
T0000318,M00156,2025-01-01,F03,Membership,430,253.7,176.3
T0000319,M00157,2024-04-29,F01,Membership,340,217.6,122.4
T0000320,M00157,2025-01-01,F01,Membership,390,249.6,140.4
T0000321,M00158,2022-07-24,F03,Membership,840,512.4,327.6
T0000322,M00159,2025-08-14,F01,Membership,300,207,93
T0000323,M00160,2024-01-26,F04,Membership,480,283.2,196.8
T0000324,M00160,2025-01-01,F04,Membership,480,283.2,196.8
T0000325,M00161,2024-06-04,F01,Membership,480,283.2,196.8
T0000326,M00161,2025-01-01,F01,Membership,480,283.2,196.8
T0000327,M00162,2022-02-11,F01,Membership,490,274.4,215.6
T0000328,M00162,2023-01-01,F01,Membership,465,260.4,204.6
T0000329,M00162,2024-01-01,F01,Membership,540,302.4,237.6
T0000330,M00162,2025-01-01,F01,Membership,540,302.4,237.6
T0000331,M00163,2023-10-05,F03,Membership,540,302.4,237.6
T0000332,M00163,2024-01-01,F03,Membership,540,302.4,237.6
T0000333,M00163,2025-01-01,F03,Membership,490,274.4,215.6
T0000334,M00164,2022-01-18,F03,Membership,840,512.4,327.6
T0000335,M00165,2024-11-15,F04,Membership,540,302.4,237.6
T0000336,M00165,2025-01-01,F04,Membership,490,274.4,215.6
T0000337,M00166,2022-02-02,F03,Membership,480,283.2,196.8
T0000338,M00167,2024-08-24,F04,Membership,815,497.15,317.85
T0000339,M00167,2025-01-01,F04,Membership,840,512.4,327.6
T0000340,M00168,2023-07-13,F01,Membership,540,302.4,237.6
T0000341,M00168,2024-01-01,F01,Membership,540,302.4,237.6
T0000342,M00169,2023-02-23,F03,Membership,430,253.7,176.3
T0000343,M00169,2024-01-01,F03,Membership,430,253.7,176.3
T0000344,M00169,2025-01-01,F03,Membership,480,283.2,196.8
T0000345,M00170,2025-11-19,F02,Membership,490,274.4,215.6
T0000346,M00171,2023-02-03,F04,Membership,300,207,93
T0000347,M00171,2024-01-01,F04,Membership,300,207,93
T0000348,M00172,2023-11-11,F01,Membership,840,512.4,327.6
T0000349,M00173,2023-03-02,F01,Membership,490,274.4,215.6
T0000350,M00174,2024-10-19,F01,Membership,405,238.95,166.05
T0000351,M00174,2025-01-01,F01,Membership,480,283.2,196.8
T0000352,M00175,2023-07-05,F03,Membership,465,260.4,204.6
T0000353,M00175,2024-01-01,F03,Membership,540,302.4,237.6
T0000354,M00175,2025-01-01,F03,Membership,540,302.4,237.6
T0000355,M00176,2024-03-13,F01,Membership,840,512.4,327.6
T0000356,M00176,2025-01-01,F01,Membership,840,512.4,327.6
T0000357,M00177,2023-07-13,F04,Membership,840,512.4,327.6
T0000358,M00178,2025-02-20,F02,Membership,540,302.4,237.6
T0000359,M00179,2023-08-11,F03,Membership,300,207,93
T0000360,M00179,2024-01-01,F03,Membership,300,207,93
T0000361,M00179,2025-01-01,F03,Membership,275,189.75,85.25
T0000362,M00180,2024-03-24,F02,Membership,405,238.95,166.05
T0000363,M00181,2023-10-23,F01,Membership,840,512.4,327.6
T0000364,M00181,2024-01-01,F01,Membership,840,512.4,327.6
T0000365,M00181,2025-01-01,F01,Membership,840,512.4,327.6
T0000366,M00182,2024-06-30,F02,Membership,540,302.4,237.6
T0000367,M00183,2024-06-29,F01,Membership,840,512.4,327.6
T0000368,M00183,2025-01-01,F01,Membership,840,512.4,327.6
T0000369,M00184,2024-10-17,F04,Membership,490,274.4,215.6
T0000370,M00184,2025-01-01,F04,Membership,540,302.4,237.6
T0000371,M00185,2022-10-09,F01,Membership,300,207,93
T0000372,M00186,2025-01-27,F01,Membership,515,288.4,226.6
T0000373,M00187,2025-01-11,F01,Membership,390,249.6,140.4
T0000374,M00188,2022-05-22,F03,Membership,390,249.6,140.4
T0000375,M00189,2022-07-31,F03,Membership,840,512.4,327.6
T0000376,M00189,2023-01-01,F03,Membership,840,512.4,327.6
T0000377,M00189,2024-01-01,F03,Membership,840,512.4,327.6
T0000378,M00190,2022-11-07,F02,Membership,340,217.6,122.4
T0000379,M00190,2023-01-01,F02,Membership,390,249.6,140.4
T0000380,M00191,2024-04-08,F04,Membership,840,512.4,327.6
T0000381,M00191,2025-01-01,F04,Membership,815,497.15,317.85
T0000382,M00192,2023-02-25,F04,Membership,390,249.6,140.4
T0000383,M00192,2024-01-01,F04,Membership,340,217.6,122.4
T0000384,M00192,2025-01-01,F04,Membership,315,201.6,113.4
T0000385,M00193,2024-03-01,F01,Membership,390,249.6,140.4
T0000386,M00194,2022-05-10,F01,Membership,515,288.4,226.6
T0000387,M00194,2023-01-01,F01,Membership,490,274.4,215.6
T0000388,M00194,2024-01-01,F01,Membership,515,288.4,226.6
T0000389,M00194,2025-01-01,F01,Membership,515,288.4,226.6
T0000390,M00195,2023-07-20,F04,Membership,840,512.4,327.6
T0000391,M00195,2024-01-01,F04,Membership,840,512.4,327.6
T0000392,M00195,2025-01-01,F04,Membership,840,512.4,327.6
T0000393,M00196,2024-06-08,F04,Membership,515,288.4,226.6
T0000394,M00196,2025-01-01,F04,Membership,490,274.4,215.6
T0000395,M00197,2022-06-04,F01,Membership,390,249.6,140.4
T0000396,M00197,2023-01-01,F01,Membership,390,249.6,140.4
T0000397,M00198,2024-08-31,F04,Membership,765,466.65,298.35
T0000398,M00199,2023-09-09,F04,Membership,480,283.2,196.8
T0000399,M00199,2024-01-01,F04,Membership,480,283.2,196.8
T0000400,M00200,2025-11-05,F01,Membership,405,238.95,166.05
T0000401,M00201,2023-11-23,F02,Membership,540,302.4,237.6
T0000402,M00202,2022-09-09,F01,Membership,405,238.95,166.05
T0000403,M00203,2023-01-06,F01,Membership,815,497.15,317.85
T0000404,M00203,2024-01-01,F01,Membership,815,497.15,317.85
T0000405,M00203,2025-01-01,F01,Membership,840,512.4,327.6
T0000406,M00204,2022-11-04,F02,Membership,540,302.4,237.6
T0000407,M00204,2023-01-01,F02,Membership,490,274.4,215.6
T0000408,M00205,2022-09-06,F02,Membership,840,512.4,327.6
T0000409,M00205,2023-01-01,F02,Membership,815,497.15,317.85
T0000410,M00205,2024-01-01,F02,Membership,840,512.4,327.6
T0000411,M00205,2025-01-01,F02,Membership,790,481.9,308.1
T0000412,M00206,2023-01-28,F02,Membership,430,253.7,176.3
T0000413,M00206,2024-01-01,F02,Membership,455,268.45,186.55
T0000414,M00207,2022-09-21,F02,Membership,840,512.4,327.6
T0000415,M00207,2023-01-01,F02,Membership,840,512.4,327.6
T0000416,M00207,2024-01-01,F02,Membership,815,497.15,317.85
T0000417,M00208,2024-06-12,F01,Membership,540,302.4,237.6
T0000418,M00208,2025-01-01,F01,Membership,540,302.4,237.6
T0000419,M00209,2024-09-21,F02,Membership,250,172.5,77.5
T0000420,M00209,2025-01-01,F02,Membership,225,155.25,69.75
T0000421,M00210,2023-06-25,F01,Membership,480,283.2,196.8
T0000422,M00210,2024-01-01,F01,Membership,480,283.2,196.8
T0000423,M00211,2025-06-11,F03,Membership,840,512.4,327.6
T0000424,M00212,2024-10-03,F02,Membership,250,172.5,77.5
T0000425,M00212,2025-01-01,F02,Membership,300,207,93
T0000426,M00213,2023-05-20,F02,Membership,480,283.2,196.8
T0000427,M00213,2024-01-01,F02,Membership,480,283.2,196.8
T0000428,M00213,2025-01-01,F02,Membership,480,283.2,196.8
T0000429,M00214,2024-07-04,F01,Membership,840,512.4,327.6
T0000430,M00214,2025-01-01,F01,Membership,840,512.4,327.6
T0000431,M00215,2024-09-10,F04,Membership,490,274.4,215.6
T0000432,M00215,2025-01-01,F04,Membership,540,302.4,237.6
T0000433,M00216,2022-06-23,F02,Membership,390,249.6,140.4
T0000434,M00217,2025-11-13,F04,Membership,540,302.4,237.6
T0000435,M00218,2023-10-16,F03,Membership,480,283.2,196.8
T0000436,M00219,2022-01-31,F02,Membership,540,302.4,237.6
T0000437,M00219,2023-01-01,F02,Membership,540,302.4,237.6
T0000438,M00219,2024-01-01,F02,Membership,540,302.4,237.6
T0000439,M00219,2025-01-01,F02,Membership,540,302.4,237.6
T0000440,M00220,2022-08-25,F03,Membership,300,207,93
T0000441,M00220,2023-01-01,F03,Membership,300,207,93
T0000442,M00220,2024-01-01,F03,Membership,300,207,93
T0000443,M00221,2023-10-16,F01,Membership,480,283.2,196.8
T0000444,M00221,2024-01-01,F01,Membership,480,283.2,196.8
T0000445,M00221,2025-01-01,F01,Membership,480,283.2,196.8
T0000446,M00222,2022-07-01,F01,Membership,540,302.4,237.6
T0000447,M00222,2023-01-01,F01,Membership,490,274.4,215.6
T0000448,M00222,2024-01-01,F01,Membership,490,274.4,215.6
T0000449,M00222,2025-01-01,F01,Membership,540,302.4,237.6
T0000450,M00223,2023-10-06,F02,Membership,465,260.4,204.6
T0000451,M00224,2022-03-25,F01,Membership,815,497.15,317.85
T0000452,M00224,2023-01-01,F01,Membership,840,512.4,327.6
T0000453,M00224,2024-01-01,F01,Membership,840,512.4,327.6
T0000454,M00224,2025-01-01,F01,Membership,765,466.65,298.35
T0000455,M00225,2022-01-09,F04,Membership,390,249.6,140.4
T0000456,M00226,2025-03-23,F03,Membership,540,302.4,237.6
T0000457,M00227,2025-10-14,F01,Membership,315,201.6,113.4
T0000458,M00228,2022-05-01,F04,Membership,840,512.4,327.6
T0000459,M00228,2023-01-01,F04,Membership,840,512.4,327.6
T0000460,M00229,2024-06-04,F01,Membership,540,302.4,237.6
T0000461,M00229,2025-01-01,F01,Membership,515,288.4,226.6
T0000462,M00230,2022-08-07,F04,Membership,480,283.2,196.8
T0000463,M00230,2023-01-01,F04,Membership,480,283.2,196.8
T0000464,M00230,2024-01-01,F04,Membership,455,268.45,186.55
T0000465,M00230,2025-01-01,F04,Membership,455,268.45,186.55
T0000466,M00231,2024-04-13,F01,Membership,515,288.4,226.6
T0000467,M00231,2025-01-01,F01,Membership,465,260.4,204.6
T0000468,M00232,2023-07-22,F02,Membership,540,302.4,237.6
T0000469,M00233,2025-08-26,F04,Membership,365,233.6,131.4
T0000470,M00234,2023-07-13,F04,Membership,840,512.4,327.6
T0000471,M00234,2024-01-01,F04,Membership,840,512.4,327.6
T0000472,M00234,2025-01-01,F04,Membership,765,466.65,298.35
T0000473,M00235,2022-09-12,F03,Membership,540,302.4,237.6
T0000474,M00235,2023-01-01,F03,Membership,540,302.4,237.6
T0000475,M00235,2024-01-01,F03,Membership,540,302.4,237.6
T0000476,M00235,2025-01-01,F03,Membership,540,302.4,237.6
T0000477,M00236,2022-07-17,F04,Membership,430,253.7,176.3
T0000478,M00236,2023-01-01,F04,Membership,480,283.2,196.8
T0000479,M00237,2023-08-31,F01,Membership,840,512.4,327.6
T0000480,M00237,2024-01-01,F01,Membership,790,481.9,308.1
T0000481,M00237,2025-01-01,F01,Membership,840,512.4,327.6
T0000482,M00238,2024-07-21,F01,Membership,840,512.4,327.6
T0000483,M00238,2025-01-01,F01,Membership,840,512.4,327.6
T0000484,M00239,2024-08-22,F02,Membership,840,512.4,327.6
T0000485,M00239,2025-01-01,F02,Membership,765,466.65,298.35
T0000486,M00240,2023-03-12,F01,Membership,480,283.2,196.8
T0000487,M00241,2024-10-07,F03,Membership,455,268.45,186.55
T0000488,M00242,2024-05-01,F04,Membership,490,274.4,215.6
T0000489,M00243,2025-03-30,F01,Membership,390,249.6,140.4
T0000490,M00244,2022-08-23,F02,Membership,540,302.4,237.6
T0000491,M00244,2023-01-01,F02,Membership,540,302.4,237.6
T0000492,M00244,2024-01-01,F02,Membership,540,302.4,237.6
T0000493,M00244,2025-01-01,F02,Membership,540,302.4,237.6
T0000494,M00245,2023-02-16,F04,Membership,300,207,93
T0000495,M00246,2022-09-10,F01,Membership,815,497.15,317.85
T0000496,M00246,2023-01-01,F01,Membership,815,497.15,317.85
T0000497,M00246,2024-01-01,F01,Membership,815,497.15,317.85
T0000498,M00246,2025-01-01,F01,Membership,790,481.9,308.1
T0000499,M00247,2025-10-17,F03,Membership,390,249.6,140.4
T0000500,M00248,2024-07-26,F04,Membership,790,481.9,308.1
T0000501,M00248,2025-01-01,F04,Membership,840,512.4,327.6
T0000502,M00249,2025-03-10,F04,Membership,390,249.6,140.4
T0000503,M00250,2024-11-13,F02,Membership,275,189.75,85.25
T0000504,M00250,2025-01-01,F02,Membership,300,207,93
T0000505,M00251,2024-02-19,F01,Membership,300,207,93
T0000506,M00252,2024-01-06,F01,Membership,540,302.4,237.6
T0000507,M00252,2025-01-01,F01,Membership,540,302.4,237.6
T0000508,M00253,2024-02-21,F01,Membership,515,288.4,226.6
T0000509,M00254,2023-02-24,F02,Membership,225,155.25,69.75
T0000510,M00254,2024-01-01,F02,Membership,300,207,93
T0000511,M00254,2025-01-01,F02,Membership,300,207,93
T0000512,M00255,2022-04-10,F03,Membership,540,302.4,237.6
T0000513,M00255,2023-01-01,F03,Membership,540,302.4,237.6
T0000514,M00255,2024-01-01,F03,Membership,540,302.4,237.6
T0000515,M00256,2023-08-14,F01,Membership,815,497.15,317.85
T0000516,M00256,2024-01-01,F01,Membership,840,512.4,327.6
T0000517,M00256,2025-01-01,F01,Membership,840,512.4,327.6
T0000518,M00257,2022-03-08,F04,Membership,540,302.4,237.6
T0000519,M00258,2025-04-26,F01,Membership,480,283.2,196.8
T0000520,M00259,2023-04-01,F02,Membership,540,302.4,237.6
T0000521,M00259,2024-01-01,F02,Membership,540,302.4,237.6
T0000522,M00259,2025-01-01,F02,Membership,515,288.4,226.6
T0000523,M00260,2024-04-17,F01,Membership,480,283.2,196.8
T0000524,M00260,2025-01-01,F01,Membership,430,253.7,176.3
T0000525,M00261,2024-05-12,F02,Membership,540,302.4,237.6
T0000526,M00261,2025-01-01,F02,Membership,540,302.4,237.6
T0000527,M00262,2024-09-12,F04,Membership,840,512.4,327.6
T0000528,M00263,2023-06-03,F04,Membership,540,302.4,237.6
T0000529,M00264,2024-02-14,F04,Membership,480,283.2,196.8
T0000530,M00264,2025-01-01,F04,Membership,480,283.2,196.8
T0000531,M00265,2023-06-30,F01,Membership,480,283.2,196.8
T0000532,M00266,2023-06-24,F02,Membership,540,302.4,237.6
T0000533,M00266,2024-01-01,F02,Membership,540,302.4,237.6
T0000534,M00267,2025-07-04,F01,Membership,490,274.4,215.6
T0000535,M00268,2025-10-06,F03,Membership,840,512.4,327.6
T0000536,M00269,2023-03-16,F02,Membership,840,512.4,327.6
T0000537,M00269,2024-01-01,F02,Membership,840,512.4,327.6
T0000538,M00269,2025-01-01,F02,Membership,815,497.15,317.85
T0000539,M00270,2024-08-21,F02,Membership,540,302.4,237.6
T0000540,M00270,2025-01-01,F02,Membership,540,302.4,237.6
T0000541,M00271,2025-08-23,F03,Membership,490,274.4,215.6
T0000542,M00272,2023-03-08,F02,Membership,430,253.7,176.3
T0000543,M00272,2024-01-01,F02,Membership,455,268.45,186.55
T0000544,M00272,2025-01-01,F02,Membership,480,283.2,196.8
T0000545,M00273,2023-08-05,F04,Membership,840,512.4,327.6
T0000546,M00273,2024-01-01,F04,Membership,840,512.4,327.6
T0000547,M00273,2025-01-01,F04,Membership,815,497.15,317.85
T0000548,M00274,2023-10-03,F01,Membership,540,302.4,237.6
T0000549,M00274,2024-01-01,F01,Membership,540,302.4,237.6
T0000550,M00274,2025-01-01,F01,Membership,540,302.4,237.6
T0000551,M00275,2022-03-29,F01,Membership,840,512.4,327.6
T0000552,M00275,2023-01-01,F01,Membership,790,481.9,308.1
T0000553,M00275,2024-01-01,F01,Membership,840,512.4,327.6
T0000554,M00275,2025-01-01,F01,Membership,840,512.4,327.6
T0000555,M00276,2022-10-24,F01,Membership,815,497.15,317.85
T0000556,M00276,2023-01-01,F01,Membership,840,512.4,327.6
T0000557,M00276,2024-01-01,F01,Membership,840,512.4,327.6
T0000558,M00276,2025-01-01,F01,Membership,840,512.4,327.6
T0000559,M00277,2022-10-29,F01,Membership,390,249.6,140.4
T0000560,M00277,2023-01-01,F01,Membership,340,217.6,122.4
T0000561,M00277,2024-01-01,F01,Membership,390,249.6,140.4
T0000562,M00278,2022-07-06,F01,Membership,480,283.2,196.8
T0000563,M00279,2023-03-03,F04,Membership,840,512.4,327.6
T0000564,M00279,2024-01-01,F04,Membership,815,497.15,317.85
T0000565,M00279,2025-01-01,F04,Membership,840,512.4,327.6
T0000566,M00280,2024-04-15,F03,Membership,815,497.15,317.85
T0000567,M00280,2025-01-01,F03,Membership,790,481.9,308.1
T0000568,M00281,2023-11-04,F02,Membership,540,302.4,237.6
T0000569,M00281,2024-01-01,F02,Membership,540,302.4,237.6
T0000570,M00281,2025-01-01,F02,Membership,540,302.4,237.6
T0000571,M00282,2023-06-06,F02,Membership,405,238.95,166.05
T0000572,M00282,2024-01-01,F02,Membership,480,283.2,196.8
T0000573,M00282,2025-01-01,F02,Membership,405,238.95,166.05
T0000574,M00283,2025-08-09,F03,Membership,540,302.4,237.6
T0000575,M00284,2023-08-23,F02,Membership,315,201.6,113.4
T0000576,M00284,2024-01-01,F02,Membership,365,233.6,131.4
T0000577,M00285,2022-09-08,F03,Membership,540,302.4,237.6
T0000578,M00285,2023-01-01,F03,Membership,540,302.4,237.6
T0000579,M00285,2024-01-01,F03,Membership,540,302.4,237.6
T0000580,M00285,2025-01-01,F03,Membership,540,302.4,237.6
T0000581,M00286,2025-11-24,F02,Membership,540,302.4,237.6
T0000582,M00287,2024-04-24,F04,Membership,540,302.4,237.6
T0000583,M00288,2023-02-16,F01,Membership,540,302.4,237.6
T0000584,M00289,2022-02-04,F02,Membership,455,268.45,186.55
T0000585,M00289,2023-01-01,F02,Membership,455,268.45,186.55
T0000586,M00289,2024-01-01,F02,Membership,480,283.2,196.8
T0000587,M00289,2025-01-01,F02,Membership,480,283.2,196.8
T0000588,M00290,2022-08-07,F03,Membership,390,249.6,140.4
T0000589,M00290,2023-01-01,F03,Membership,390,249.6,140.4
T0000590,M00290,2024-01-01,F03,Membership,390,249.6,140.4
T0000591,M00290,2025-01-01,F03,Membership,390,249.6,140.4
T0000592,M00291,2022-11-19,F03,Membership,515,288.4,226.6
T0000593,M00292,2023-10-01,F03,Membership,300,207,93
T0000594,M00292,2024-01-01,F03,Membership,300,207,93
T0000595,M00292,2025-01-01,F03,Membership,250,172.5,77.5
T0000596,M00293,2025-10-07,F02,Membership,390,249.6,140.4
T0000597,M00294,2024-05-17,F04,Membership,840,512.4,327.6
T0000598,M00294,2025-01-01,F04,Membership,815,497.15,317.85
T0000599,M00295,2023-04-11,F03,Membership,405,238.95,166.05
T0000600,M00295,2024-01-01,F03,Membership,480,283.2,196.8
T0000601,M00296,2023-07-31,F03,Membership,225,155.25,69.75
T0000602,M00296,2024-01-01,F03,Membership,300,207,93
T0000603,M00296,2025-01-01,F03,Membership,300,207,93
T0000604,M00297,2023-03-16,F03,Membership,365,233.6,131.4
T0000605,M00298,2025-10-01,F01,Membership,540,302.4,237.6
T0000606,M00299,2024-02-20,F03,Membership,490,274.4,215.6
T0000607,M00300,2022-02-10,F01,Membership,540,302.4,237.6
T0000608,M00300,2023-01-01,F01,Membership,540,302.4,237.6
T0000609,M00300,2024-01-01,F01,Membership,515,288.4,226.6
T0000610,M00300,2025-01-01,F01,Membership,540,302.4,237.6
T0000611,M00301,2024-08-11,F01,Membership,540,302.4,237.6
T0000612,M00301,2025-01-01,F01,Membership,540,302.4,237.6
T0000613,M00302,2023-01-21,F04,Membership,540,302.4,237.6
T0000614,M00302,2024-01-01,F04,Membership,540,302.4,237.6
T0000615,M00302,2025-01-01,F04,Membership,515,288.4,226.6
T0000616,M00303,2025-05-06,F01,Membership,390,249.6,140.4
T0000617,M00304,2025-11-15,F03,Membership,840,512.4,327.6
T0000618,M00305,2024-01-19,F01,Membership,300,207,93
T0000619,M00306,2024-11-17,F02,Membership,250,172.5,77.5
T0000620,M00306,2025-01-01,F02,Membership,300,207,93
T0000621,M00307,2023-07-16,F04,Membership,840,512.4,327.6
T0000622,M00307,2024-01-01,F04,Membership,840,512.4,327.6
T0000623,M00307,2025-01-01,F04,Membership,840,512.4,327.6
T0000624,M00308,2023-05-18,F03,Membership,465,260.4,204.6
T0000625,M00309,2025-06-29,F03,Membership,815,497.15,317.85
T0000626,M00310,2023-05-15,F02,Membership,430,253.7,176.3
T0000627,M00310,2024-01-01,F02,Membership,480,283.2,196.8
T0000628,M00311,2024-03-29,F02,Membership,515,288.4,226.6
T0000629,M00311,2025-01-01,F02,Membership,515,288.4,226.6
T0000630,M00312,2022-01-25,F03,Membership,840,512.4,327.6
T0000631,M00312,2023-01-01,F03,Membership,815,497.15,317.85
T0000632,M00312,2024-01-01,F03,Membership,790,481.9,308.1
T0000633,M00312,2025-01-01,F03,Membership,815,497.15,317.85
T0000634,M00313,2022-09-30,F04,Membership,480,283.2,196.8
T0000635,M00313,2023-01-01,F04,Membership,480,283.2,196.8
T0000636,M00313,2024-01-01,F04,Membership,480,283.2,196.8
T0000637,M00313,2025-01-01,F04,Membership,480,283.2,196.8
T0000638,M00314,2023-03-02,F03,Membership,455,268.45,186.55
T0000639,M00314,2024-01-01,F03,Membership,480,283.2,196.8
T0000640,M00315,2022-02-12,F01,Membership,515,288.4,226.6
T0000641,M00315,2023-01-01,F01,Membership,515,288.4,226.6
T0000642,M00315,2024-01-01,F01,Membership,465,260.4,204.6
T0000643,M00315,2025-01-01,F01,Membership,540,302.4,237.6
T0000644,M00316,2023-10-09,F03,Membership,840,512.4,327.6
T0000645,M00316,2024-01-01,F03,Membership,840,512.4,327.6
T0000646,M00317,2024-05-21,F04,Membership,250,172.5,77.5
T0000647,M00317,2025-01-01,F04,Membership,300,207,93
T0000648,M00318,2022-08-22,F02,Membership,540,302.4,237.6
T0000649,M00318,2023-01-01,F02,Membership,540,302.4,237.6
T0000650,M00318,2024-01-01,F02,Membership,540,302.4,237.6
T0000651,M00318,2025-01-01,F02,Membership,540,302.4,237.6
T0000652,M00319,2022-01-28,F03,Membership,490,274.4,215.6
T0000653,M00319,2023-01-01,F03,Membership,540,302.4,237.6
T0000654,M00319,2024-01-01,F03,Membership,540,302.4,237.6
T0000655,M00319,2025-01-01,F03,Membership,540,302.4,237.6
T0000656,M00320,2025-05-22,F04,Membership,815,497.15,317.85
T0000657,M00321,2023-10-04,F03,Membership,540,302.4,237.6
T0000658,M00321,2024-01-01,F03,Membership,465,260.4,204.6
T0000659,M00321,2025-01-01,F03,Membership,540,302.4,237.6
T0000660,M00322,2023-03-06,F03,Membership,455,268.45,186.55
T0000661,M00322,2024-01-01,F03,Membership,455,268.45,186.55
T0000662,M00323,2022-05-01,F04,Membership,405,238.95,166.05
T0000663,M00323,2023-01-01,F04,Membership,480,283.2,196.8
T0000664,M00324,2022-02-12,F02,Membership,480,283.2,196.8
T0000665,M00324,2023-01-01,F02,Membership,480,283.2,196.8
T0000666,M00324,2024-01-01,F02,Membership,480,283.2,196.8
T0000667,M00324,2025-01-01,F02,Membership,455,268.45,186.55
T0000668,M00325,2024-05-08,F01,Membership,365,233.6,131.4
T0000669,M00325,2025-01-01,F01,Membership,340,217.6,122.4
T0000670,M00326,2023-07-20,F01,Membership,430,253.7,176.3
T0000671,M00327,2024-01-19,F01,Membership,490,274.4,215.6
T0000672,M00327,2025-01-01,F01,Membership,465,260.4,204.6
T0000673,M00328,2023-08-12,F03,Membership,840,512.4,327.6
T0000674,M00328,2024-01-01,F03,Membership,790,481.9,308.1
T0000675,M00329,2024-11-12,F03,Membership,300,207,93
T0000676,M00330,2022-08-02,F01,Membership,480,283.2,196.8
T0000677,M00330,2023-01-01,F01,Membership,480,283.2,196.8
T0000678,M00330,2024-01-01,F01,Membership,430,253.7,176.3
T0000679,M00330,2025-01-01,F01,Membership,480,283.2,196.8
T0000680,M00331,2022-06-18,F03,Membership,840,512.4,327.6
T0000681,M00331,2023-01-01,F03,Membership,840,512.4,327.6
T0000682,M00331,2024-01-01,F03,Membership,815,497.15,317.85
T0000683,M00331,2025-01-01,F03,Membership,840,512.4,327.6
T0000684,M00332,2025-09-16,F01,Membership,315,201.6,113.4
T0000685,M00333,2023-04-24,F03,Membership,840,512.4,327.6
T0000686,M00333,2024-01-01,F03,Membership,815,497.15,317.85
T0000687,M00333,2025-01-01,F03,Membership,840,512.4,327.6
T0000688,M00334,2023-10-17,F02,Membership,465,260.4,204.6
T0000689,M00334,2024-01-01,F02,Membership,540,302.4,237.6
T0000690,M00334,2025-01-01,F02,Membership,540,302.4,237.6
T0000691,M00335,2023-02-01,F02,Membership,840,512.4,327.6
T0000692,M00335,2024-01-01,F02,Membership,840,512.4,327.6
T0000693,M00335,2025-01-01,F02,Membership,790,481.9,308.1
T0000694,M00336,2024-02-12,F01,Membership,480,283.2,196.8
T0000695,M00337,2025-01-28,F01,Membership,490,274.4,215.6
T0000696,M00338,2023-06-22,F04,Membership,515,288.4,226.6
T0000697,M00338,2024-01-01,F04,Membership,540,302.4,237.6
T0000698,M00338,2025-01-01,F04,Membership,540,302.4,237.6
T0000699,M00339,2023-09-21,F01,Membership,390,249.6,140.4
T0000700,M00340,2022-08-07,F03,Membership,540,302.4,237.6
T0000701,M00340,2023-01-01,F03,Membership,515,288.4,226.6
T0000702,M00340,2024-01-01,F03,Membership,540,302.4,237.6
T0000703,M00340,2025-01-01,F03,Membership,540,302.4,237.6
T0000704,M00341,2023-09-20,F01,Membership,540,302.4,237.6
T0000705,M00342,2022-07-07,F03,Membership,300,207,93
T0000706,M00342,2023-01-01,F03,Membership,300,207,93
T0000707,M00342,2024-01-01,F03,Membership,300,207,93
T0000708,M00342,2025-01-01,F03,Membership,300,207,93
T0000709,M00343,2024-09-29,F02,Membership,840,512.4,327.6
T0000710,M00343,2025-01-01,F02,Membership,815,497.15,317.85
T0000711,M00344,2025-04-25,F01,Membership,790,481.9,308.1
T0000712,M00345,2022-06-12,F01,Membership,405,238.95,166.05
T0000713,M00345,2023-01-01,F01,Membership,480,283.2,196.8
T0000714,M00346,2024-05-05,F01,Membership,840,512.4,327.6
T0000715,M00346,2025-01-01,F01,Membership,840,512.4,327.6
T0000716,M00347,2022-07-13,F01,Membership,405,238.95,166.05
T0000717,M00348,2023-11-21,F02,Membership,840,512.4,327.6
T0000718,M00348,2024-01-01,F02,Membership,840,512.4,327.6
T0000719,M00348,2025-01-01,F02,Membership,840,512.4,327.6
T0000720,M00349,2025-02-16,F01,Membership,365,233.6,131.4
T0000721,M00350,2024-08-04,F02,Membership,390,249.6,140.4
T0000722,M00351,2024-01-20,F03,Membership,815,497.15,317.85
T0000723,M00351,2025-01-01,F03,Membership,840,512.4,327.6
T0000724,M00352,2024-03-02,F04,Membership,390,249.6,140.4
T0000725,M00353,2023-04-26,F04,Membership,390,249.6,140.4
T0000726,M00353,2024-01-01,F04,Membership,365,233.6,131.4
T0000727,M00353,2025-01-01,F04,Membership,390,249.6,140.4
T0000728,M00354,2025-08-15,F01,Membership,540,302.4,237.6
T0000729,M00355,2024-09-21,F01,Membership,840,512.4,327.6
T0000730,M00355,2025-01-01,F01,Membership,840,512.4,327.6
T0000731,M00356,2025-01-11,F04,Membership,540,302.4,237.6
T0000732,M00357,2022-10-09,F04,Membership,480,283.2,196.8
T0000733,M00357,2023-01-01,F04,Membership,455,268.45,186.55
T0000734,M00358,2022-05-25,F01,Membership,315,201.6,113.4
T0000735,M00358,2023-01-01,F01,Membership,390,249.6,140.4
T0000736,M00358,2024-01-01,F01,Membership,390,249.6,140.4
T0000737,M00358,2025-01-01,F01,Membership,340,217.6,122.4
T0000738,M00359,2022-05-10,F04,Membership,515,288.4,226.6
T0000739,M00360,2024-02-06,F01,Membership,315,201.6,113.4
T0000740,M00360,2025-01-01,F01,Membership,390,249.6,140.4
T0000741,M00361,2024-06-16,F01,Membership,540,302.4,237.6
T0000742,M00361,2025-01-01,F01,Membership,540,302.4,237.6
T0000743,M00362,2023-10-25,F01,Membership,540,302.4,237.6
T0000744,M00362,2024-01-01,F01,Membership,540,302.4,237.6
T0000745,M00362,2025-01-01,F01,Membership,515,288.4,226.6
T0000746,M00363,2023-04-16,F03,Membership,390,249.6,140.4
T0000747,M00363,2024-01-01,F03,Membership,390,249.6,140.4
T0000748,M00363,2025-01-01,F03,Membership,390,249.6,140.4
T0000749,M00364,2023-07-08,F02,Membership,390,249.6,140.4
T0000750,M00364,2024-01-01,F02,Membership,390,249.6,140.4
T0000751,M00364,2025-01-01,F02,Membership,390,249.6,140.4
T0000752,M00365,2023-05-16,F02,Membership,840,512.4,327.6
T0000753,M00365,2024-01-01,F02,Membership,815,497.15,317.85
T0000754,M00365,2025-01-01,F02,Membership,765,466.65,298.35
T0000755,M00366,2025-11-24,F01,Membership,390,249.6,140.4
T0000756,M00367,2023-09-19,F02,Membership,490,274.4,215.6
T0000757,M00367,2024-01-01,F02,Membership,540,302.4,237.6
T0000758,M00367,2025-01-01,F02,Membership,540,302.4,237.6
T0000759,M00368,2023-11-18,F01,Membership,480,283.2,196.8
T0000760,M00369,2024-05-01,F01,Membership,540,302.4,237.6
T0000761,M00369,2025-01-01,F01,Membership,540,302.4,237.6
T0000762,M00370,2022-01-24,F04,Membership,430,253.7,176.3
T0000763,M00370,2023-01-01,F04,Membership,405,238.95,166.05
T0000764,M00371,2022-04-05,F01,Membership,430,253.7,176.3
T0000765,M00371,2023-01-01,F01,Membership,480,283.2,196.8
T0000766,M00371,2024-01-01,F01,Membership,480,283.2,196.8
T0000767,M00371,2025-01-01,F01,Membership,455,268.45,186.55
T0000768,M00372,2025-05-29,F04,Membership,300,207,93
T0000769,M00373,2022-05-26,F04,Membership,815,497.15,317.85
T0000770,M00373,2023-01-01,F04,Membership,840,512.4,327.6
T0000771,M00373,2024-01-01,F04,Membership,815,497.15,317.85
T0000772,M00373,2025-01-01,F04,Membership,790,481.9,308.1
T0000773,M00374,2023-04-07,F03,Membership,300,207,93
T0000774,M00374,2024-01-01,F03,Membership,300,207,93
T0000775,M00374,2025-01-01,F03,Membership,300,207,93
T0000776,M00375,2023-03-13,F01,Membership,840,512.4,327.6
T0000777,M00375,2024-01-01,F01,Membership,840,512.4,327.6
T0000778,M00375,2025-01-01,F01,Membership,765,466.65,298.35
T0000779,M00376,2024-03-28,F03,Membership,540,302.4,237.6
T0000780,M00376,2025-01-01,F03,Membership,515,288.4,226.6
T0000781,M00377,2024-07-23,F01,Membership,480,283.2,196.8
T0000782,M00377,2025-01-01,F01,Membership,480,283.2,196.8
T0000783,M00378,2022-01-21,F01,Membership,540,302.4,237.6
T0000784,M00378,2023-01-01,F01,Membership,540,302.4,237.6
T0000785,M00379,2024-07-29,F04,Membership,480,283.2,196.8
T0000786,M00379,2025-01-01,F04,Membership,480,283.2,196.8
T0000787,M00380,2022-06-24,F01,Membership,365,233.6,131.4
T0000788,M00381,2024-08-12,F02,Membership,480,283.2,196.8
T0000789,M00381,2025-01-01,F02,Membership,455,268.45,186.55
T0000790,M00382,2025-05-22,F01,Membership,480,283.2,196.8
T0000791,M00383,2023-10-31,F02,Membership,480,283.2,196.8
T0000792,M00383,2024-01-01,F02,Membership,455,268.45,186.55
T0000793,M00384,2024-01-14,F02,Membership,840,512.4,327.6
T0000794,M00384,2025-01-01,F02,Membership,840,512.4,327.6
T0000795,M00385,2023-11-23,F04,Membership,840,512.4,327.6
T0000796,M00385,2024-01-01,F04,Membership,765,466.65,298.35
T0000797,M00385,2025-01-01,F04,Membership,840,512.4,327.6
T0000798,M00386,2025-05-28,F01,Membership,540,302.4,237.6
T0000799,M00387,2024-04-15,F04,Membership,300,207,93
T0000800,M00388,2023-10-02,F01,Membership,300,207,93
T0000801,M00388,2024-01-01,F01,Membership,300,207,93
T0000802,M00388,2025-01-01,F01,Membership,300,207,93
T0000803,M00389,2022-07-27,F01,Membership,480,283.2,196.8
T0000804,M00389,2023-01-01,F01,Membership,430,253.7,176.3
T0000805,M00389,2024-01-01,F01,Membership,480,283.2,196.8
T0000806,M00389,2025-01-01,F01,Membership,480,283.2,196.8
T0000807,M00390,2024-10-06,F04,Membership,300,207,93
T0000808,M00390,2025-01-01,F04,Membership,250,172.5,77.5
T0000809,M00391,2025-11-02,F01,Membership,390,249.6,140.4
T0000810,M00392,2023-03-21,F04,Membership,480,283.2,196.8
T0000811,M00392,2024-01-01,F04,Membership,480,283.2,196.8
T0000812,M00392,2025-01-01,F04,Membership,430,253.7,176.3
T0000813,M00393,2023-08-12,F01,Membership,540,302.4,237.6
T0000814,M00394,2024-07-04,F04,Membership,480,283.2,196.8
T0000815,M00395,2023-10-16,F03,Membership,540,302.4,237.6
T0000816,M00396,2025-04-12,F01,Membership,480,283.2,196.8
T0000817,M00397,2024-08-19,F03,Membership,515,288.4,226.6
T0000818,M00397,2025-01-01,F03,Membership,490,274.4,215.6
T0000819,M00398,2025-01-31,F01,Membership,300,207,93
T0000820,M00399,2023-01-20,F01,Membership,840,512.4,327.6
T0000821,M00399,2024-01-01,F01,Membership,815,497.15,317.85
T0000822,M00400,2023-01-22,F04,Membership,515,288.4,226.6
T0000823,M00400,2024-01-01,F04,Membership,540,302.4,237.6
T0000824,M00400,2025-01-01,F04,Membership,540,302.4,237.6
T0000825,M00401,2022-06-26,F01,Membership,540,302.4,237.6
T0000826,M00401,2023-01-01,F01,Membership,515,288.4,226.6
T0000827,M00401,2024-01-01,F01,Membership,490,274.4,215.6
T0000828,M00401,2025-01-01,F01,Membership,515,288.4,226.6
T0000829,M00402,2023-03-20,F03,Membership,390,249.6,140.4
T0000830,M00403,2024-10-01,F01,Membership,480,283.2,196.8
T0000831,M00403,2025-01-01,F01,Membership,480,283.2,196.8
T0000832,M00404,2025-01-22,F01,Membership,540,302.4,237.6
T0000833,M00405,2024-01-21,F03,Membership,480,283.2,196.8
T0000834,M00405,2025-01-01,F03,Membership,480,283.2,196.8
T0000835,M00406,2025-10-06,F04,Membership,840,512.4,327.6
T0000836,M00407,2025-07-13,F04,Membership,540,302.4,237.6
T0000837,M00408,2022-07-15,F02,Membership,480,283.2,196.8
T0000838,M00408,2023-01-01,F02,Membership,430,253.7,176.3
T0000839,M00408,2024-01-01,F02,Membership,480,283.2,196.8
T0000840,M00408,2025-01-01,F02,Membership,480,283.2,196.8
T0000841,M00409,2024-01-21,F04,Membership,480,283.2,196.8
T0000842,M00409,2025-01-01,F04,Membership,480,283.2,196.8
T0000843,M00410,2023-06-08,F02,Membership,540,302.4,237.6
T0000844,M00410,2024-01-01,F02,Membership,540,302.4,237.6
T0000845,M00411,2023-10-02,F04,Membership,840,512.4,327.6
T0000846,M00412,2023-08-23,F01,Membership,315,201.6,113.4
T0000847,M00413,2023-03-12,F04,Membership,455,268.45,186.55
T0000848,M00413,2024-01-01,F04,Membership,480,283.2,196.8
T0000849,M00413,2025-01-01,F04,Membership,455,268.45,186.55
T0000850,M00414,2022-11-07,F04,Membership,840,512.4,327.6
T0000851,M00415,2025-03-22,F01,Membership,840,512.4,327.6
T0000852,M00416,2022-10-26,F03,Membership,480,283.2,196.8
T0000853,M00417,2025-11-02,F02,Membership,300,207,93
T0000854,M00418,2022-04-01,F01,Membership,840,512.4,327.6
T0000855,M00418,2023-01-01,F01,Membership,840,512.4,327.6
T0000856,M00418,2024-01-01,F01,Membership,840,512.4,327.6
T0000857,M00419,2024-04-20,F02,Membership,840,512.4,327.6
T0000858,M00419,2025-01-01,F02,Membership,815,497.15,317.85
T0000859,M00420,2023-11-11,F04,Membership,480,283.2,196.8
T0000860,M00420,2024-01-01,F04,Membership,455,268.45,186.55
T0000861,M00420,2025-01-01,F04,Membership,480,283.2,196.8
T0000862,M00421,2023-01-17,F03,Membership,840,512.4,327.6
T0000863,M00421,2024-01-01,F03,Membership,840,512.4,327.6
T0000864,M00421,2025-01-01,F03,Membership,840,512.4,327.6
T0000865,M00422,2023-04-09,F02,Membership,840,512.4,327.6
T0000866,M00422,2024-01-01,F02,Membership,840,512.4,327.6
T0000867,M00422,2025-01-01,F02,Membership,790,481.9,308.1
T0000868,M00423,2023-07-20,F04,Membership,540,302.4,237.6
T0000869,M00423,2024-01-01,F04,Membership,540,302.4,237.6
T0000870,M00423,2025-01-01,F04,Membership,540,302.4,237.6
T0000871,M00424,2024-10-29,F03,Membership,480,283.2,196.8
T0000872,M00424,2025-01-01,F03,Membership,480,283.2,196.8
T0000873,M00425,2025-03-03,F04,Membership,225,155.25,69.75
T0000874,M00426,2025-11-12,F04,Membership,390,249.6,140.4
T0000875,M00427,2023-03-09,F01,Membership,840,512.4,327.6
T0000876,M00427,2024-01-01,F01,Membership,840,512.4,327.6
T0000877,M00427,2025-01-01,F01,Membership,840,512.4,327.6
T0000878,M00428,2023-09-24,F04,Membership,465,260.4,204.6
T0000879,M00429,2022-07-11,F01,Membership,840,512.4,327.6
T0000880,M00429,2023-01-01,F01,Membership,765,466.65,298.35
T0000881,M00429,2024-01-01,F01,Membership,840,512.4,327.6
T0000882,M00429,2025-01-01,F01,Membership,840,512.4,327.6
T0000883,M00430,2022-01-23,F03,Membership,840,512.4,327.6
T0000884,M00430,2023-01-01,F03,Membership,840,512.4,327.6
T0000885,M00431,2025-04-23,F02,Membership,465,260.4,204.6
T0000886,M00432,2022-05-06,F03,Membership,540,302.4,237.6
T0000887,M00432,2023-01-01,F03,Membership,540,302.4,237.6
T0000888,M00432,2024-01-01,F03,Membership,540,302.4,237.6
T0000889,M00432,2025-01-01,F03,Membership,515,288.4,226.6
T0000890,M00433,2023-04-14,F04,Membership,250,172.5,77.5
T0000891,M00433,2024-01-01,F04,Membership,300,207,93
T0000892,M00433,2025-01-01,F04,Membership,300,207,93
T0000893,M00434,2024-08-21,F01,Membership,365,233.6,131.4
T0000894,M00435,2024-06-19,F03,Membership,790,481.9,308.1
T0000895,M00435,2025-01-01,F03,Membership,840,512.4,327.6
T0000896,M00436,2023-09-11,F04,Membership,465,260.4,204.6
T0000897,M00436,2024-01-01,F04,Membership,540,302.4,237.6
T0000898,M00436,2025-01-01,F04,Membership,540,302.4,237.6
T0000899,M00437,2022-09-06,F03,Membership,490,274.4,215.6
T0000900,M00437,2023-01-01,F03,Membership,540,302.4,237.6
T0000901,M00437,2024-01-01,F03,Membership,540,302.4,237.6
T0000902,M00437,2025-01-01,F03,Membership,515,288.4,226.6
T0000903,M00438,2023-03-07,F02,Membership,430,253.7,176.3
T0000904,M00438,2024-01-01,F02,Membership,430,253.7,176.3
T0000905,M00438,2025-01-01,F02,Membership,430,253.7,176.3
T0000906,M00439,2023-05-04,F01,Membership,405,238.95,166.05
T0000907,M00439,2024-01-01,F01,Membership,480,283.2,196.8
T0000908,M00439,2025-01-01,F01,Membership,480,283.2,196.8
T0000909,M00440,2023-06-05,F03,Membership,430,253.7,176.3
T0000910,M00441,2023-08-10,F02,Membership,300,207,93
T0000911,M00441,2024-01-01,F02,Membership,300,207,93
T0000912,M00441,2025-01-01,F02,Membership,300,207,93
T0000913,M00442,2024-07-07,F02,Membership,340,217.6,122.4
T0000914,M00442,2025-01-01,F02,Membership,390,249.6,140.4
T0000915,M00443,2022-05-28,F01,Membership,540,302.4,237.6
T0000916,M00443,2023-01-01,F01,Membership,490,274.4,215.6
T0000917,M00443,2024-01-01,F01,Membership,540,302.4,237.6
T0000918,M00443,2025-01-01,F01,Membership,540,302.4,237.6
T0000919,M00444,2024-04-27,F03,Membership,540,302.4,237.6
T0000920,M00444,2025-01-01,F03,Membership,540,302.4,237.6
T0000921,M00445,2025-02-15,F02,Membership,815,497.15,317.85
T0000922,M00446,2022-05-23,F02,Membership,480,283.2,196.8
T0000923,M00446,2023-01-01,F02,Membership,480,283.2,196.8
T0000924,M00447,2024-01-25,F02,Membership,540,302.4,237.6
T0000925,M00447,2025-01-01,F02,Membership,540,302.4,237.6
T0000926,M00448,2025-09-13,F01,Membership,840,512.4,327.6
T0000927,M00449,2023-05-03,F04,Membership,540,302.4,237.6
T0000928,M00449,2024-01-01,F04,Membership,515,288.4,226.6
T0000929,M00449,2025-01-01,F04,Membership,465,260.4,204.6
T0000930,M00450,2024-06-14,F04,Membership,390,249.6,140.4
T0000931,M00450,2025-01-01,F04,Membership,315,201.6,113.4
T0000932,M00451,2023-02-11,F04,Membership,840,512.4,327.6
T0000933,M00451,2024-01-01,F04,Membership,840,512.4,327.6
T0000934,M00452,2023-03-12,F04,Membership,340,217.6,122.4
T0000935,M00452,2024-01-01,F04,Membership,390,249.6,140.4
T0000936,M00453,2022-06-07,F02,Membership,225,155.25,69.75
T0000937,M00454,2023-09-27,F04,Membership,480,283.2,196.8
T0000938,M00455,2022-05-05,F03,Membership,540,302.4,237.6
T0000939,M00455,2023-01-01,F03,Membership,540,302.4,237.6
T0000940,M00455,2024-01-01,F03,Membership,540,302.4,237.6
T0000941,M00455,2025-01-01,F03,Membership,540,302.4,237.6
T0000942,M00456,2023-05-11,F04,Membership,540,302.4,237.6
T0000943,M00456,2024-01-01,F04,Membership,540,302.4,237.6
T0000944,M00456,2025-01-01,F04,Membership,540,302.4,237.6
T0000945,M00457,2022-03-23,F04,Membership,480,283.2,196.8
T0000946,M00458,2024-03-19,F01,Membership,365,233.6,131.4
T0000947,M00458,2025-01-01,F01,Membership,390,249.6,140.4
T0000948,M00459,2023-04-07,F04,Membership,480,283.2,196.8
T0000949,M00459,2024-01-01,F04,Membership,480,283.2,196.8
T0000950,M00459,2025-01-01,F04,Membership,455,268.45,186.55
T0000951,M00460,2023-06-17,F03,Membership,480,283.2,196.8
T0000952,M00460,2024-01-01,F03,Membership,480,283.2,196.8
T0000953,M00460,2025-01-01,F03,Membership,480,283.2,196.8
T0000954,M00461,2025-10-19,F01,Membership,540,302.4,237.6
T0000955,M00462,2023-03-06,F01,Membership,540,302.4,237.6
T0000956,M00462,2024-01-01,F01,Membership,515,288.4,226.6
T0000957,M00463,2022-01-19,F01,Membership,540,302.4,237.6
T0000958,M00463,2023-01-01,F01,Membership,540,302.4,237.6
T0000959,M00463,2024-01-01,F01,Membership,540,302.4,237.6
T0000960,M00463,2025-01-01,F01,Membership,515,288.4,226.6
T0000961,M00464,2023-06-13,F01,Membership,390,249.6,140.4
T0000962,M00464,2024-01-01,F01,Membership,390,249.6,140.4
T0000963,M00464,2025-01-01,F01,Membership,390,249.6,140.4
T0000964,M00465,2025-06-11,F01,Membership,340,217.6,122.4
T0000965,M00466,2025-06-07,F03,Membership,540,302.4,237.6
T0000966,M00467,2024-11-03,F01,Membership,790,481.9,308.1
T0000967,M00467,2025-01-01,F01,Membership,840,512.4,327.6
T0000968,M00468,2025-09-08,F02,Membership,275,189.75,85.25
T0000969,M00469,2024-02-02,F01,Membership,390,249.6,140.4
T0000970,M00469,2025-01-01,F01,Membership,390,249.6,140.4
T0000971,M00470,2023-02-26,F01,Membership,540,302.4,237.6
T0000972,M00471,2022-04-13,F02,Membership,840,512.4,327.6
T0000973,M00471,2023-01-01,F02,Membership,840,512.4,327.6
T0000974,M00471,2024-01-01,F02,Membership,840,512.4,327.6
T0000975,M00471,2025-01-01,F02,Membership,840,512.4,327.6
T0000976,M00472,2025-01-19,F01,Membership,840,512.4,327.6
T0000977,M00473,2023-10-14,F01,Membership,365,233.6,131.4
T0000978,M00473,2024-01-01,F01,Membership,340,217.6,122.4
T0000979,M00473,2025-01-01,F01,Membership,390,249.6,140.4
T0000980,M00474,2024-07-01,F04,Membership,540,302.4,237.6
T0000981,M00474,2025-01-01,F04,Membership,540,302.4,237.6
T0000982,M00475,2022-07-23,F01,Membership,455,268.45,186.55
T0000983,M00475,2023-01-01,F01,Membership,405,238.95,166.05
T0000984,M00475,2024-01-01,F01,Membership,480,283.2,196.8
T0000985,M00476,2024-04-05,F02,Membership,540,302.4,237.6
T0000986,M00476,2025-01-01,F02,Membership,515,288.4,226.6
T0000987,M00477,2023-08-29,F02,Membership,480,283.2,196.8
T0000988,M00477,2024-01-01,F02,Membership,455,268.45,186.55
T0000989,M00477,2025-01-01,F02,Membership,430,253.7,176.3
T0000990,M00478,2024-06-02,F02,Membership,480,283.2,196.8
T0000991,M00478,2025-01-01,F02,Membership,480,283.2,196.8
T0000992,M00479,2022-03-03,F01,Membership,540,302.4,237.6
T0000993,M00479,2023-01-01,F01,Membership,540,302.4,237.6
T0000994,M00480,2022-04-05,F01,Membership,540,302.4,237.6
T0000995,M00480,2023-01-01,F01,Membership,490,274.4,215.6
T0000996,M00480,2024-01-01,F01,Membership,540,302.4,237.6
T0000997,M00480,2025-01-01,F01,Membership,540,302.4,237.6
T0000998,M00481,2022-11-18,F02,Membership,300,207,93
T0000999,M00481,2023-01-01,F02,Membership,300,207,93
T0001000,M00481,2024-01-01,F02,Membership,300,207,93
T0001001,M00481,2025-01-01,F02,Membership,225,155.25,69.75
T0001002,M00482,2024-03-26,F01,Membership,540,302.4,237.6
T0001003,M00482,2025-01-01,F01,Membership,465,260.4,204.6
T0001004,M00483,2025-06-15,F02,Membership,815,497.15,317.85
T0001005,M00484,2024-06-25,F02,Membership,540,302.4,237.6
T0001006,M00484,2025-01-01,F02,Membership,540,302.4,237.6
T0001007,M00485,2024-06-11,F04,Membership,300,207,93
T0001008,M00486,2024-04-29,F04,Membership,840,512.4,327.6
T0001009,M00486,2025-01-01,F04,Membership,840,512.4,327.6
T0001010,M00487,2024-08-04,F01,Membership,390,249.6,140.4
T0001011,M00487,2025-01-01,F01,Membership,390,249.6,140.4
T0001012,M00488,2022-08-19,F02,Membership,515,288.4,226.6
T0001013,M00489,2025-10-25,F01,Membership,540,302.4,237.6
T0001014,M00490,2024-07-26,F04,Membership,840,512.4,327.6
T0001015,M00490,2025-01-01,F04,Membership,840,512.4,327.6
T0001016,M00491,2024-02-13,F02,Membership,540,302.4,237.6
T0001017,M00491,2025-01-01,F02,Membership,540,302.4,237.6
T0001018,M00492,2024-04-09,F04,Membership,790,481.9,308.1
T0001019,M00493,2025-05-27,F03,Membership,540,302.4,237.6
T0001020,M00494,2024-06-10,F02,Membership,840,512.4,327.6
T0001021,M00494,2025-01-01,F02,Membership,840,512.4,327.6
T0001022,M00495,2022-04-25,F04,Membership,815,497.15,317.85
T0001023,M00495,2023-01-01,F04,Membership,840,512.4,327.6
T0001024,M00495,2024-01-01,F04,Membership,840,512.4,327.6
T0001025,M00495,2025-01-01,F04,Membership,815,497.15,317.85
T0001026,M00496,2025-06-19,F04,Membership,480,283.2,196.8
T0001027,M00497,2023-06-20,F04,Membership,480,283.2,196.8
T0001028,M00497,2024-01-01,F04,Membership,480,283.2,196.8
T0001029,M00498,2024-08-06,F04,Membership,840,512.4,327.6
T0001030,M00498,2025-01-01,F04,Membership,840,512.4,327.6
T0001031,M00499,2024-06-10,F02,Membership,540,302.4,237.6
T0001032,M00500,2023-02-04,F03,Membership,405,238.95,166.05
T0001033,M00500,2024-01-01,F03,Membership,455,268.45,186.55
T0001034,M00500,2025-01-01,F03,Membership,480,283.2,196.8
T0001035,M00501,2023-08-21,F03,Membership,840,512.4,327.6
T0001036,M00501,2024-01-01,F03,Membership,840,512.4,327.6
T0001037,M00501,2025-01-01,F03,Membership,815,497.15,317.85
T0001038,M00502,2024-09-22,F01,Membership,540,302.4,237.6
T0001039,M00503,2025-05-07,F01,Membership,815,497.15,317.85
T0001040,M00504,2023-01-20,F02,Membership,515,288.4,226.6
T0001041,M00504,2024-01-01,F02,Membership,465,260.4,204.6
T0001042,M00504,2025-01-01,F02,Membership,540,302.4,237.6
T0001043,M00505,2022-04-03,F04,Membership,315,201.6,113.4
T0001044,M00505,2023-01-01,F04,Membership,365,233.6,131.4
T0001045,M00505,2024-01-01,F04,Membership,390,249.6,140.4
T0001046,M00505,2025-01-01,F04,Membership,390,249.6,140.4
T0001047,M00506,2023-07-14,F03,Membership,540,302.4,237.6
T0001048,M00506,2024-01-01,F03,Membership,490,274.4,215.6
T0001049,M00506,2025-01-01,F03,Membership,540,302.4,237.6
T0001050,M00507,2024-06-08,F02,Membership,455,268.45,186.55
T0001051,M00507,2025-01-01,F02,Membership,455,268.45,186.55
T0001052,M00508,2024-10-16,F01,Membership,540,302.4,237.6
T0001053,M00508,2025-01-01,F01,Membership,540,302.4,237.6
T0001054,M00509,2023-10-27,F01,Membership,840,512.4,327.6
T0001055,M00509,2024-01-01,F01,Membership,840,512.4,327.6
T0001056,M00509,2025-01-01,F01,Membership,840,512.4,327.6
T0001057,M00510,2025-11-19,F01,Membership,480,283.2,196.8
T0001058,M00511,2024-11-02,F02,Membership,540,302.4,237.6
T0001059,M00511,2025-01-01,F02,Membership,540,302.4,237.6
T0001060,M00512,2023-10-07,F04,Membership,490,274.4,215.6
T0001061,M00512,2024-01-01,F04,Membership,515,288.4,226.6
T0001062,M00512,2025-01-01,F04,Membership,490,274.4,215.6
T0001063,M00513,2023-04-11,F03,Membership,515,288.4,226.6
T0001064,M00513,2024-01-01,F03,Membership,490,274.4,215.6
T0001065,M00513,2025-01-01,F03,Membership,490,274.4,215.6
T0001066,M00514,2022-05-28,F02,Membership,540,302.4,237.6
T0001067,M00515,2024-06-25,F01,Membership,540,302.4,237.6
T0001068,M00516,2024-08-15,F04,Membership,540,302.4,237.6
T0001069,M00516,2025-01-01,F04,Membership,540,302.4,237.6
T0001070,M00517,2023-10-22,F01,Membership,455,268.45,186.55
T0001071,M00517,2024-01-01,F01,Membership,480,283.2,196.8
T0001072,M00518,2024-07-18,F03,Membership,480,283.2,196.8
T0001073,M00518,2025-01-01,F03,Membership,480,283.2,196.8
T0001074,M00519,2023-11-17,F01,Membership,515,288.4,226.6
T0001075,M00519,2024-01-01,F01,Membership,540,302.4,237.6
T0001076,M00519,2025-01-01,F01,Membership,540,302.4,237.6
T0001077,M00520,2024-10-25,F03,Membership,300,207,93
T0001078,M00520,2025-01-01,F03,Membership,300,207,93
T0001079,M00521,2025-06-30,F01,Membership,540,302.4,237.6
T0001080,M00522,2022-04-30,F02,Membership,540,302.4,237.6
T0001081,M00522,2023-01-01,F02,Membership,540,302.4,237.6
T0001082,M00522,2024-01-01,F02,Membership,540,302.4,237.6
T0001083,M00523,2024-09-24,F02,Membership,430,253.7,176.3
T0001084,M00523,2025-01-01,F02,Membership,480,283.2,196.8
T0001085,M00524,2024-09-13,F01,Membership,515,288.4,226.6
T0001086,M00524,2025-01-01,F01,Membership,490,274.4,215.6
T0001087,M00525,2023-07-26,F01,Membership,455,268.45,186.55
T0001088,M00526,2024-05-07,F04,Membership,390,249.6,140.4
T0001089,M00527,2023-02-15,F04,Membership,455,268.45,186.55
T0001090,M00527,2024-01-01,F04,Membership,480,283.2,196.8
T0001091,M00527,2025-01-01,F04,Membership,480,283.2,196.8
T0001092,M00528,2023-05-21,F02,Membership,465,260.4,204.6
T0001093,M00528,2024-01-01,F02,Membership,540,302.4,237.6
T0001094,M00528,2025-01-01,F02,Membership,490,274.4,215.6
T0001095,M00529,2025-07-15,F02,Membership,390,249.6,140.4
T0001096,M00530,2022-06-13,F01,Membership,840,512.4,327.6
T0001097,M00531,2024-05-08,F04,Membership,480,283.2,196.8
T0001098,M00531,2025-01-01,F04,Membership,480,283.2,196.8
T0001099,M00532,2023-06-27,F02,Membership,815,497.15,317.85
T0001100,M00532,2024-01-01,F02,Membership,840,512.4,327.6
T0001101,M00532,2025-01-01,F02,Membership,840,512.4,327.6
T0001102,M00533,2022-06-27,F02,Membership,840,512.4,327.6
T0001103,M00533,2023-01-01,F02,Membership,840,512.4,327.6
T0001104,M00533,2024-01-01,F02,Membership,840,512.4,327.6
T0001105,M00533,2025-01-01,F02,Membership,840,512.4,327.6
T0001106,M00534,2023-04-25,F04,Membership,540,302.4,237.6
T0001107,M00535,2024-02-27,F01,Membership,540,302.4,237.6
T0001108,M00535,2025-01-01,F01,Membership,540,302.4,237.6
T0001109,M00536,2023-06-15,F04,Membership,480,283.2,196.8
T0001110,M00536,2024-01-01,F04,Membership,480,283.2,196.8
T0001111,M00536,2025-01-01,F04,Membership,480,283.2,196.8
T0001112,M00537,2023-09-07,F04,Membership,390,249.6,140.4
T0001113,M00537,2024-01-01,F04,Membership,390,249.6,140.4
T0001114,M00537,2025-01-01,F04,Membership,390,249.6,140.4
T0001115,M00538,2025-04-22,F04,Membership,275,189.75,85.25
T0001116,M00539,2025-06-27,F01,Membership,840,512.4,327.6
T0001117,M00540,2025-08-25,F03,Membership,405,238.95,166.05
T0001118,M00541,2025-09-12,F01,Membership,840,512.4,327.6
T0001119,M00542,2024-03-09,F01,Membership,480,283.2,196.8
T0001120,M00542,2025-01-01,F01,Membership,480,283.2,196.8
T0001121,M00543,2022-06-23,F02,Membership,480,283.2,196.8
T0001122,M00543,2023-01-01,F02,Membership,480,283.2,196.8
T0001123,M00543,2024-01-01,F02,Membership,480,283.2,196.8
T0001124,M00543,2025-01-01,F02,Membership,430,253.7,176.3
T0001125,M00544,2025-05-14,F04,Membership,840,512.4,327.6
T0001126,M00545,2025-10-10,F01,Membership,390,249.6,140.4
T0001127,M00546,2025-11-11,F04,Membership,540,302.4,237.6
T0001128,M00547,2022-05-12,F01,Membership,840,512.4,327.6
T0001129,M00548,2023-03-06,F02,Membership,540,302.4,237.6
T0001130,M00548,2024-01-01,F02,Membership,540,302.4,237.6
T0001131,M00549,2022-05-29,F03,Membership,390,249.6,140.4
T0001132,M00550,2024-02-16,F02,Membership,540,302.4,237.6
T0001133,M00550,2025-01-01,F02,Membership,515,288.4,226.6
T0001134,M00551,2025-10-02,F04,Membership,840,512.4,327.6
T0001135,M00552,2023-08-02,F04,Membership,480,283.2,196.8
T0001136,M00552,2024-01-01,F04,Membership,480,283.2,196.8
T0001137,M00552,2025-01-01,F04,Membership,480,283.2,196.8
T0001138,M00553,2024-10-25,F02,Membership,515,288.4,226.6
T0001139,M00553,2025-01-01,F02,Membership,540,302.4,237.6
T0001140,M00554,2024-08-02,F01,Membership,515,288.4,226.6
T0001141,M00555,2023-08-07,F03,Membership,465,260.4,204.6
T0001142,M00555,2024-01-01,F03,Membership,540,302.4,237.6
T0001143,M00555,2025-01-01,F03,Membership,540,302.4,237.6
T0001144,M00556,2024-06-14,F04,Membership,455,268.45,186.55
T0001145,M00557,2024-05-07,F04,Membership,390,249.6,140.4
T0001146,M00557,2025-01-01,F04,Membership,365,233.6,131.4
T0001147,M00558,2025-05-29,F01,Membership,540,302.4,237.6
T0001148,M00559,2022-08-31,F02,Membership,390,249.6,140.4
T0001149,M00559,2023-01-01,F02,Membership,340,217.6,122.4
T0001150,M00559,2024-01-01,F02,Membership,390,249.6,140.4
T0001151,M00560,2023-06-16,F04,Membership,840,512.4,327.6
T0001152,M00560,2024-01-01,F04,Membership,840,512.4,327.6
T0001153,M00560,2025-01-01,F04,Membership,840,512.4,327.6
T0001154,M00561,2023-08-26,F01,Membership,300,207,93
T0001155,M00561,2024-01-01,F01,Membership,300,207,93
T0001156,M00561,2025-01-01,F01,Membership,225,155.25,69.75
T0001157,M00562,2024-01-09,F01,Membership,540,302.4,237.6
T0001158,M00562,2025-01-01,F01,Membership,540,302.4,237.6
T0001159,M00563,2023-03-21,F04,Membership,480,283.2,196.8
T0001160,M00564,2024-08-16,F01,Membership,840,512.4,327.6
T0001161,M00564,2025-01-01,F01,Membership,840,512.4,327.6
T0001162,M00565,2023-04-14,F01,Membership,540,302.4,237.6
T0001163,M00566,2022-09-08,F01,Membership,540,302.4,237.6
T0001164,M00566,2023-01-01,F01,Membership,540,302.4,237.6
T0001165,M00566,2024-01-01,F01,Membership,515,288.4,226.6
T0001166,M00566,2025-01-01,F01,Membership,540,302.4,237.6
T0001167,M00567,2025-09-04,F01,Membership,390,249.6,140.4
T0001168,M00568,2023-10-05,F01,Membership,815,497.15,317.85
T0001169,M00568,2024-01-01,F01,Membership,840,512.4,327.6
T0001170,M00568,2025-01-01,F01,Membership,815,497.15,317.85
T0001171,M00569,2022-07-27,F03,Membership,480,283.2,196.8
T0001172,M00569,2023-01-01,F03,Membership,480,283.2,196.8
T0001173,M00570,2024-08-30,F01,Membership,515,288.4,226.6
T0001174,M00571,2022-11-11,F04,Membership,480,283.2,196.8
T0001175,M00571,2023-01-01,F04,Membership,480,283.2,196.8
T0001176,M00571,2024-01-01,F04,Membership,480,283.2,196.8
T0001177,M00571,2025-01-01,F04,Membership,480,283.2,196.8
T0001178,M00572,2023-08-16,F03,Membership,840,512.4,327.6
T0001179,M00573,2023-08-28,F04,Membership,815,497.15,317.85
T0001180,M00574,2022-10-17,F02,Membership,465,260.4,204.6
T0001181,M00574,2023-01-01,F02,Membership,540,302.4,237.6
T0001182,M00575,2025-02-02,F01,Membership,515,288.4,226.6
T0001183,M00576,2022-01-25,F01,Membership,480,283.2,196.8
T0001184,M00577,2025-06-11,F02,Membership,390,249.6,140.4
T0001185,M00578,2024-06-17,F04,Membership,515,288.4,226.6
T0001186,M00578,2025-01-01,F04,Membership,540,302.4,237.6
T0001187,M00579,2024-08-22,F01,Membership,840,512.4,327.6
T0001188,M00579,2025-01-01,F01,Membership,840,512.4,327.6
T0001189,M00580,2024-06-07,F03,Membership,540,302.4,237.6
T0001190,M00580,2025-01-01,F03,Membership,540,302.4,237.6
T0001191,M00581,2023-07-05,F03,Membership,340,217.6,122.4
T0001192,M00582,2023-08-10,F04,Membership,465,260.4,204.6
T0001193,M00582,2024-01-01,F04,Membership,540,302.4,237.6
T0001194,M00582,2025-01-01,F04,Membership,540,302.4,237.6
T0001195,M00583,2024-02-28,F04,Membership,365,233.6,131.4
T0001196,M00583,2025-01-01,F04,Membership,390,249.6,140.4
T0001197,M00584,2024-11-10,F03,Membership,480,283.2,196.8
T0001198,M00585,2024-01-10,F02,Membership,390,249.6,140.4
T0001199,M00585,2025-01-01,F02,Membership,390,249.6,140.4
T0001200,M00586,2024-06-17,F02,Membership,540,302.4,237.6
T0001201,M00587,2023-11-04,F01,Membership,480,283.2,196.8
T0001202,M00588,2025-04-19,F01,Membership,300,207,93
T0001203,M00589,2023-03-03,F04,Membership,790,481.9,308.1
T0001204,M00590,2025-02-24,F03,Membership,465,260.4,204.6
T0001205,M00591,2023-08-04,F03,Membership,490,274.4,215.6
T0001206,M00591,2024-01-01,F03,Membership,540,302.4,237.6
T0001207,M00592,2024-10-19,F03,Membership,540,302.4,237.6
T0001208,M00592,2025-01-01,F03,Membership,540,302.4,237.6
T0001209,M00593,2023-01-15,F01,Membership,300,207,93
T0001210,M00593,2024-01-01,F01,Membership,300,207,93
T0001211,M00594,2024-05-16,F03,Membership,455,268.45,186.55
T0001212,M00595,2024-09-11,F01,Membership,405,238.95,166.05
T0001213,M00595,2025-01-01,F01,Membership,480,283.2,196.8
T0001214,M00596,2024-01-22,F03,Membership,840,512.4,327.6
T0001215,M00596,2025-01-01,F03,Membership,840,512.4,327.6
T0001216,M00597,2025-02-20,F03,Membership,480,283.2,196.8
T0001217,M00598,2024-06-10,F01,Membership,540,302.4,237.6
T0001218,M00598,2025-01-01,F01,Membership,540,302.4,237.6
T0001219,M00599,2022-01-18,F01,Membership,340,217.6,122.4
T0001220,M00599,2023-01-01,F01,Membership,390,249.6,140.4
T0001221,M00600,2025-07-28,F03,Membership,480,283.2,196.8
T0001222,M00601,2023-07-25,F03,Membership,300,207,93
T0001223,M00601,2024-01-01,F03,Membership,300,207,93
T0001224,M00602,2023-04-05,F03,Membership,480,283.2,196.8
T0001225,M00602,2024-01-01,F03,Membership,480,283.2,196.8
T0001226,M00602,2025-01-01,F03,Membership,480,283.2,196.8
T0001227,M00603,2022-01-06,F01,Membership,390,249.6,140.4
T0001228,M00603,2023-01-01,F01,Membership,365,233.6,131.4
T0001229,M00603,2024-01-01,F01,Membership,390,249.6,140.4
T0001230,M00604,2023-10-26,F02,Membership,540,302.4,237.6
T0001231,M00604,2024-01-01,F02,Membership,540,302.4,237.6
T0001232,M00604,2025-01-01,F02,Membership,540,302.4,237.6
T0001233,M00605,2024-01-16,F04,Membership,840,512.4,327.6
T0001234,M00605,2025-01-01,F04,Membership,840,512.4,327.6
T0001235,M00606,2022-09-27,F02,Membership,515,288.4,226.6
T0001236,M00606,2023-01-01,F02,Membership,540,302.4,237.6
T0001237,M00606,2024-01-01,F02,Membership,540,302.4,237.6
T0001238,M00606,2025-01-01,F02,Membership,540,302.4,237.6
T0001239,M00607,2023-03-29,F04,Membership,515,288.4,226.6
T0001240,M00607,2024-01-01,F04,Membership,490,274.4,215.6
T0001241,M00607,2025-01-01,F04,Membership,540,302.4,237.6
T0001242,M00608,2022-04-17,F03,Membership,480,283.2,196.8
T0001243,M00608,2023-01-01,F03,Membership,480,283.2,196.8
T0001244,M00608,2024-01-01,F03,Membership,455,268.45,186.55
T0001245,M00608,2025-01-01,F03,Membership,480,283.2,196.8
T0001246,M00609,2022-10-21,F03,Membership,515,288.4,226.6
T0001247,M00609,2023-01-01,F03,Membership,515,288.4,226.6
T0001248,M00609,2024-01-01,F03,Membership,540,302.4,237.6
T0001249,M00610,2023-09-10,F03,Membership,540,302.4,237.6
T0001250,M00610,2024-01-01,F03,Membership,540,302.4,237.6
T0001251,M00611,2024-03-15,F02,Membership,540,302.4,237.6
T0001252,M00611,2025-01-01,F02,Membership,540,302.4,237.6
T0001253,M00612,2025-09-24,F02,Membership,300,207,93
T0001254,M00613,2024-02-25,F03,Membership,430,253.7,176.3
T0001255,M00614,2022-07-25,F02,Membership,540,302.4,237.6
T0001256,M00614,2023-01-01,F02,Membership,515,288.4,226.6
T0001257,M00614,2024-01-01,F02,Membership,540,302.4,237.6
T0001258,M00614,2025-01-01,F02,Membership,540,302.4,237.6
T0001259,M00615,2023-06-26,F03,Membership,480,283.2,196.8
T0001260,M00616,2023-08-07,F02,Membership,390,249.6,140.4
T0001261,M00616,2024-01-01,F02,Membership,390,249.6,140.4
T0001262,M00616,2025-01-01,F02,Membership,315,201.6,113.4
T0001263,M00617,2024-03-04,F01,Membership,540,302.4,237.6
T0001264,M00617,2025-01-01,F01,Membership,515,288.4,226.6
T0001265,M00618,2022-03-27,F03,Membership,540,302.4,237.6
T0001266,M00618,2023-01-01,F03,Membership,515,288.4,226.6
T0001267,M00618,2024-01-01,F03,Membership,540,302.4,237.6
T0001268,M00618,2025-01-01,F03,Membership,540,302.4,237.6
T0001269,M00619,2022-10-05,F01,Membership,465,260.4,204.6
T0001270,M00620,2023-08-02,F02,Membership,540,302.4,237.6
T0001271,M00620,2024-01-01,F02,Membership,540,302.4,237.6
T0001272,M00620,2025-01-01,F02,Membership,540,302.4,237.6
T0001273,M00621,2023-11-15,F03,Membership,390,249.6,140.4
T0001274,M00621,2024-01-01,F03,Membership,315,201.6,113.4
T0001275,M00621,2025-01-01,F03,Membership,390,249.6,140.4
T0001276,M00622,2024-09-14,F04,Membership,840,512.4,327.6
T0001277,M00622,2025-01-01,F04,Membership,790,481.9,308.1
T0001278,M00623,2025-09-13,F01,Membership,480,283.2,196.8
T0001279,M00624,2023-11-21,F01,Membership,405,238.95,166.05
T0001280,M00625,2022-04-14,F03,Membership,430,253.7,176.3
T0001281,M00625,2023-01-01,F03,Membership,480,283.2,196.8
T0001282,M00626,2023-01-12,F04,Membership,540,302.4,237.6
T0001283,M00627,2022-07-24,F04,Membership,300,207,93
T0001284,M00627,2023-01-01,F04,Membership,225,155.25,69.75
T0001285,M00627,2024-01-01,F04,Membership,275,189.75,85.25
T0001286,M00627,2025-01-01,F04,Membership,300,207,93
T0001287,M00628,2024-10-29,F02,Membership,540,302.4,237.6
T0001288,M00628,2025-01-01,F02,Membership,540,302.4,237.6
T0001289,M00629,2023-10-09,F04,Membership,790,481.9,308.1
T0001290,M00629,2024-01-01,F04,Membership,815,497.15,317.85
T0001291,M00629,2025-01-01,F04,Membership,840,512.4,327.6
T0001292,M00630,2023-08-25,F01,Membership,840,512.4,327.6
T0001293,M00630,2024-01-01,F01,Membership,840,512.4,327.6
T0001294,M00630,2025-01-01,F01,Membership,765,466.65,298.35
T0001295,M00631,2024-07-28,F01,Membership,540,302.4,237.6
T0001296,M00631,2025-01-01,F01,Membership,540,302.4,237.6
T0001297,M00632,2025-01-11,F01,Membership,390,249.6,140.4
T0001298,M00633,2022-07-11,F01,Membership,540,302.4,237.6
T0001299,M00634,2024-02-13,F04,Membership,540,302.4,237.6
T0001300,M00635,2024-06-18,F04,Membership,765,466.65,298.35
T0001301,M00636,2024-07-12,F01,Membership,840,512.4,327.6
T0001302,M00636,2025-01-01,F01,Membership,815,497.15,317.85
T0001303,M00637,2024-01-26,F04,Membership,540,302.4,237.6
T0001304,M00637,2025-01-01,F04,Membership,515,288.4,226.6
T0001305,M00638,2023-05-25,F04,Membership,840,512.4,327.6
T0001306,M00638,2024-01-01,F04,Membership,840,512.4,327.6
T0001307,M00638,2025-01-01,F04,Membership,790,481.9,308.1
T0001308,M00639,2025-11-16,F01,Membership,540,302.4,237.6
T0001309,M00640,2023-03-11,F01,Membership,815,497.15,317.85
T0001310,M00640,2024-01-01,F01,Membership,840,512.4,327.6
T0001311,M00640,2025-01-01,F01,Membership,815,497.15,317.85
T0001312,M00641,2023-09-14,F02,Membership,390,249.6,140.4
T0001313,M00641,2024-01-01,F02,Membership,315,201.6,113.4
T0001314,M00641,2025-01-01,F02,Membership,390,249.6,140.4
T0001315,M00642,2025-04-27,F02,Membership,275,189.75,85.25
T0001316,M00643,2024-11-16,F01,Membership,250,172.5,77.5
T0001317,M00643,2025-01-01,F01,Membership,300,207,93
T0001318,M00644,2025-01-30,F04,Membership,840,512.4,327.6
T0001319,M00645,2025-02-02,F01,Membership,480,283.2,196.8
T0001320,M00646,2023-02-19,F03,Membership,480,283.2,196.8
T0001321,M00647,2024-10-04,F02,Membership,490,274.4,215.6
T0001322,M00648,2022-07-23,F01,Membership,430,253.7,176.3
T0001323,M00649,2025-10-30,F01,Membership,765,466.65,298.35
T0001324,M00650,2024-10-13,F04,Membership,225,155.25,69.75
T0001325,M00650,2025-01-01,F04,Membership,250,172.5,77.5
T0001326,M00651,2024-07-05,F04,Membership,540,302.4,237.6
T0001327,M00651,2025-01-01,F04,Membership,540,302.4,237.6
T0001328,M00652,2023-06-05,F01,Membership,840,512.4,327.6
T0001329,M00652,2024-01-01,F01,Membership,790,481.9,308.1
T0001330,M00652,2025-01-01,F01,Membership,840,512.4,327.6
T0001331,M00653,2024-07-26,F04,Membership,455,268.45,186.55
T0001332,M00653,2025-01-01,F04,Membership,480,283.2,196.8
T0001333,M00654,2024-04-13,F02,Membership,515,288.4,226.6
T0001334,M00655,2025-03-31,F04,Membership,365,233.6,131.4
T0001335,M00656,2024-09-29,F01,Membership,490,274.4,215.6
T0001336,M00656,2025-01-01,F01,Membership,540,302.4,237.6
T0001337,M00657,2024-10-18,F03,Membership,540,302.4,237.6
T0001338,M00657,2025-01-01,F03,Membership,540,302.4,237.6
T0001339,M00658,2024-02-20,F02,Membership,480,283.2,196.8
T0001340,M00658,2025-01-01,F02,Membership,480,283.2,196.8
T0001341,M00659,2025-04-25,F03,Membership,480,283.2,196.8
T0001342,M00660,2024-10-01,F02,Membership,390,249.6,140.4
T0001343,M00660,2025-01-01,F02,Membership,315,201.6,113.4
T0001344,M00661,2024-03-04,F04,Membership,275,189.75,85.25
T0001345,M00661,2025-01-01,F04,Membership,275,189.75,85.25
T0001346,M00662,2022-07-16,F03,Membership,340,217.6,122.4
T0001347,M00662,2023-01-01,F03,Membership,365,233.6,131.4
T0001348,M00663,2024-02-19,F01,Membership,540,302.4,237.6
T0001349,M00663,2025-01-01,F01,Membership,540,302.4,237.6
T0001350,M00664,2025-06-03,F04,Membership,515,288.4,226.6
T0001351,M00665,2024-10-28,F02,Membership,540,302.4,237.6
T0001352,M00665,2025-01-01,F02,Membership,540,302.4,237.6
T0001353,M00666,2025-03-09,F01,Membership,490,274.4,215.6
T0001354,M00667,2022-10-09,F02,Membership,540,302.4,237.6
T0001355,M00667,2023-01-01,F02,Membership,490,274.4,215.6
T0001356,M00667,2024-01-01,F02,Membership,515,288.4,226.6
T0001357,M00667,2025-01-01,F02,Membership,540,302.4,237.6
T0001358,M00668,2024-03-03,F01,Membership,790,481.9,308.1
T0001359,M00668,2025-01-01,F01,Membership,840,512.4,327.6
T0001360,M00669,2022-07-05,F02,Membership,790,481.9,308.1
T0001361,M00670,2025-04-01,F04,Membership,540,302.4,237.6
T0001362,M00671,2024-01-26,F03,Membership,790,481.9,308.1
T0001363,M00671,2025-01-01,F03,Membership,840,512.4,327.6
T0001364,M00672,2023-06-26,F02,Membership,390,249.6,140.4
T0001365,M00672,2024-01-01,F02,Membership,365,233.6,131.4
T0001366,M00672,2025-01-01,F02,Membership,365,233.6,131.4
T0001367,M00673,2024-06-19,F01,Membership,490,274.4,215.6
T0001368,M00673,2025-01-01,F01,Membership,540,302.4,237.6
T0001369,M00674,2023-02-21,F02,Membership,275,189.75,85.25
T0001370,M00674,2024-01-01,F02,Membership,300,207,93
T0001371,M00674,2025-01-01,F02,Membership,300,207,93
T0001372,M00675,2023-05-21,F01,Membership,840,512.4,327.6
T0001373,M00675,2024-01-01,F01,Membership,790,481.9,308.1
T0001374,M00675,2025-01-01,F01,Membership,815,497.15,317.85
T0001375,M00676,2022-01-18,F01,Membership,515,288.4,226.6
T0001376,M00677,2022-03-24,F01,Membership,540,302.4,237.6
T0001377,M00677,2023-01-01,F01,Membership,515,288.4,226.6
T0001378,M00677,2024-01-01,F01,Membership,540,302.4,237.6
T0001379,M00678,2023-10-06,F01,Membership,390,249.6,140.4
T0001380,M00678,2024-01-01,F01,Membership,390,249.6,140.4
T0001381,M00678,2025-01-01,F01,Membership,340,217.6,122.4
T0001382,M00679,2023-02-28,F04,Membership,540,302.4,237.6
T0001383,M00680,2024-02-12,F01,Membership,540,302.4,237.6
T0001384,M00681,2025-08-27,F02,Membership,390,249.6,140.4
T0001385,M00682,2025-04-02,F04,Membership,480,283.2,196.8
T0001386,M00683,2023-11-17,F03,Membership,515,288.4,226.6
T0001387,M00684,2022-09-04,F01,Membership,340,217.6,122.4
T0001388,M00684,2023-01-01,F01,Membership,390,249.6,140.4
T0001389,M00685,2024-07-04,F02,Membership,840,512.4,327.6
T0001390,M00686,2023-02-04,F01,Membership,790,481.9,308.1
T0001391,M00686,2024-01-01,F01,Membership,840,512.4,327.6
T0001392,M00687,2022-05-13,F04,Membership,540,302.4,237.6
T0001393,M00687,2023-01-01,F04,Membership,540,302.4,237.6
T0001394,M00687,2024-01-01,F04,Membership,515,288.4,226.6
T0001395,M00687,2025-01-01,F04,Membership,540,302.4,237.6
T0001396,M00688,2023-05-20,F02,Membership,480,283.2,196.8
T0001397,M00688,2024-01-01,F02,Membership,480,283.2,196.8
T0001398,M00689,2023-05-06,F02,Membership,455,268.45,186.55
T0001399,M00689,2024-01-01,F02,Membership,430,253.7,176.3
T0001400,M00689,2025-01-01,F02,Membership,480,283.2,196.8
T0001401,M00690,2022-05-14,F02,Membership,455,268.45,186.55
T0001402,M00691,2022-09-15,F03,Membership,540,302.4,237.6
T0001403,M00692,2024-09-11,F03,Membership,480,283.2,196.8
T0001404,M00693,2022-04-03,F01,Membership,815,497.15,317.85
T0001405,M00693,2023-01-01,F01,Membership,840,512.4,327.6
T0001406,M00693,2024-01-01,F01,Membership,840,512.4,327.6
T0001407,M00693,2025-01-01,F01,Membership,840,512.4,327.6
T0001408,M00694,2023-06-23,F03,Membership,480,283.2,196.8
T0001409,M00694,2024-01-01,F03,Membership,430,253.7,176.3
T0001410,M00694,2025-01-01,F03,Membership,480,283.2,196.8
T0001411,M00695,2022-10-25,F01,Membership,390,249.6,140.4
T0001412,M00695,2023-01-01,F01,Membership,390,249.6,140.4
T0001413,M00695,2024-01-01,F01,Membership,365,233.6,131.4
T0001414,M00695,2025-01-01,F01,Membership,390,249.6,140.4
T0001415,M00696,2024-09-06,F02,Membership,390,249.6,140.4
T0001416,M00696,2025-01-01,F02,Membership,365,233.6,131.4
T0001417,M00697,2022-06-17,F03,Membership,840,512.4,327.6
T0001418,M00698,2023-10-15,F04,Membership,515,288.4,226.6
T0001419,M00698,2024-01-01,F04,Membership,540,302.4,237.6
T0001420,M00698,2025-01-01,F04,Membership,490,274.4,215.6
T0001421,M00699,2025-09-30,F02,Membership,225,155.25,69.75
T0001422,M00700,2024-07-18,F04,Membership,540,302.4,237.6
T0001423,M00700,2025-01-01,F04,Membership,540,302.4,237.6
T0001424,M00701,2025-11-02,F04,Membership,365,233.6,131.4
T0001425,M00702,2023-07-08,F01,Membership,540,302.4,237.6
T0001426,M00702,2024-01-01,F01,Membership,540,302.4,237.6
T0001427,M00702,2025-01-01,F01,Membership,540,302.4,237.6
T0001428,M00703,2022-01-11,F02,Membership,540,302.4,237.6
T0001429,M00703,2023-01-01,F02,Membership,465,260.4,204.6
T0001430,M00703,2024-01-01,F02,Membership,540,302.4,237.6
T0001431,M00704,2024-07-10,F02,Membership,815,497.15,317.85
T0001432,M00704,2025-01-01,F02,Membership,840,512.4,327.6
T0001433,M00705,2024-03-15,F03,Membership,840,512.4,327.6
T0001434,M00706,2023-11-09,F03,Membership,455,268.45,186.55
T0001435,M00707,2023-07-11,F01,Membership,275,189.75,85.25
T0001436,M00707,2024-01-01,F01,Membership,300,207,93
T0001437,M00707,2025-01-01,F01,Membership,300,207,93
T0001438,M00708,2022-02-13,F01,Membership,515,288.4,226.6
T0001439,M00709,2025-04-03,F02,Membership,300,207,93
T0001440,M00710,2024-08-14,F01,Membership,390,249.6,140.4
T0001441,M00710,2025-01-01,F01,Membership,365,233.6,131.4
T0001442,M00711,2022-11-01,F03,Membership,540,302.4,237.6
T0001443,M00711,2023-01-01,F03,Membership,540,302.4,237.6
T0001444,M00712,2025-06-18,F01,Membership,840,512.4,327.6
T0001445,M00713,2025-01-22,F02,Membership,490,274.4,215.6
T0001446,M00714,2024-07-11,F04,Membership,540,302.4,237.6
T0001447,M00714,2025-01-01,F04,Membership,465,260.4,204.6
T0001448,M00715,2025-06-08,F04,Membership,540,302.4,237.6
T0001449,M00716,2023-04-17,F03,Membership,405,238.95,166.05
T0001450,M00716,2024-01-01,F03,Membership,480,283.2,196.8
T0001451,M00716,2025-01-01,F03,Membership,480,283.2,196.8
T0001452,M00717,2023-05-06,F04,Membership,480,283.2,196.8
T0001453,M00718,2023-01-17,F02,Membership,840,512.4,327.6
T0001454,M00718,2024-01-01,F02,Membership,765,466.65,298.35
T0001455,M00718,2025-01-01,F02,Membership,815,497.15,317.85
T0001456,M00719,2022-01-15,F01,Membership,540,302.4,237.6
T0001457,M00719,2023-01-01,F01,Membership,540,302.4,237.6
T0001458,M00719,2024-01-01,F01,Membership,540,302.4,237.6
T0001459,M00719,2025-01-01,F01,Membership,540,302.4,237.6
T0001460,M00720,2023-07-30,F03,Membership,540,302.4,237.6
T0001461,M00720,2024-01-01,F03,Membership,540,302.4,237.6
T0001462,M00720,2025-01-01,F03,Membership,540,302.4,237.6
T0001463,M00721,2025-08-29,F02,Membership,790,481.9,308.1
T0001464,M00722,2024-06-09,F04,Membership,540,302.4,237.6
T0001465,M00723,2022-02-03,F04,Membership,390,249.6,140.4
T0001466,M00723,2023-01-01,F04,Membership,390,249.6,140.4
T0001467,M00723,2024-01-01,F04,Membership,390,249.6,140.4
T0001468,M00723,2025-01-01,F04,Membership,340,217.6,122.4
T0001469,M00724,2022-03-05,F02,Membership,540,302.4,237.6
T0001470,M00724,2023-01-01,F02,Membership,465,260.4,204.6
T0001471,M00725,2025-05-12,F04,Membership,840,512.4,327.6
T0001472,M00726,2023-02-25,F01,Membership,515,288.4,226.6
T0001473,M00726,2024-01-01,F01,Membership,540,302.4,237.6
T0001474,M00726,2025-01-01,F01,Membership,490,274.4,215.6
T0001475,M00727,2022-03-15,F03,Membership,480,283.2,196.8
T0001476,M00727,2023-01-01,F03,Membership,480,283.2,196.8
T0001477,M00728,2024-09-30,F01,Membership,480,283.2,196.8
T0001478,M00728,2025-01-01,F01,Membership,480,283.2,196.8
T0001479,M00729,2023-08-10,F04,Membership,480,283.2,196.8
T0001480,M00729,2024-01-01,F04,Membership,480,283.2,196.8
T0001481,M00729,2025-01-01,F04,Membership,480,283.2,196.8
T0001482,M00730,2024-07-22,F03,Membership,540,302.4,237.6
T0001483,M00731,2025-08-24,F01,Membership,840,512.4,327.6
T0001484,M00732,2023-03-20,F02,Membership,390,249.6,140.4
T0001485,M00732,2024-01-01,F02,Membership,390,249.6,140.4
T0001486,M00732,2025-01-01,F02,Membership,390,249.6,140.4
T0001487,M00733,2024-05-24,F04,Membership,790,481.9,308.1
T0001488,M00733,2025-01-01,F04,Membership,815,497.15,317.85
T0001489,M00734,2024-05-24,F01,Membership,540,302.4,237.6
T0001490,M00734,2025-01-01,F01,Membership,465,260.4,204.6
T0001491,M00735,2022-03-20,F01,Membership,840,512.4,327.6
T0001492,M00735,2023-01-01,F01,Membership,815,497.15,317.85
T0001493,M00735,2024-01-01,F01,Membership,840,512.4,327.6
T0001494,M00735,2025-01-01,F01,Membership,790,481.9,308.1
T0001495,M00736,2023-06-11,F04,Membership,490,274.4,215.6
T0001496,M00736,2024-01-01,F04,Membership,540,302.4,237.6
T0001497,M00736,2025-01-01,F04,Membership,540,302.4,237.6
T0001498,M00737,2024-09-16,F04,Membership,465,260.4,204.6
T0001499,M00737,2025-01-01,F04,Membership,540,302.4,237.6
T0001500,M00738,2024-09-09,F02,Membership,390,249.6,140.4
T0001501,M00738,2025-01-01,F02,Membership,390,249.6,140.4
T0001502,M00739,2025-05-16,F04,Membership,540,302.4,237.6
T0001503,M00740,2023-10-25,F03,Membership,840,512.4,327.6
T0001504,M00740,2024-01-01,F03,Membership,840,512.4,327.6
T0001505,M00740,2025-01-01,F03,Membership,840,512.4,327.6
T0001506,M00741,2025-10-24,F02,Membership,490,274.4,215.6
T0001507,M00742,2023-01-19,F02,Membership,840,512.4,327.6
T0001508,M00742,2024-01-01,F02,Membership,840,512.4,327.6
T0001509,M00742,2025-01-01,F02,Membership,840,512.4,327.6
T0001510,M00743,2024-08-27,F03,Membership,300,207,93
T0001511,M00743,2025-01-01,F03,Membership,300,207,93
T0001512,M00744,2023-04-17,F04,Membership,540,302.4,237.6
T0001513,M00744,2024-01-01,F04,Membership,540,302.4,237.6
T0001514,M00745,2023-03-12,F02,Membership,480,283.2,196.8
T0001515,M00745,2024-01-01,F02,Membership,430,253.7,176.3
T0001516,M00745,2025-01-01,F02,Membership,480,283.2,196.8
T0001517,M00746,2024-03-05,F01,Membership,465,260.4,204.6
T0001518,M00746,2025-01-01,F01,Membership,540,302.4,237.6
T0001519,M00747,2024-07-31,F03,Membership,390,249.6,140.4
T0001520,M00747,2025-01-01,F03,Membership,315,201.6,113.4
T0001521,M00748,2022-07-12,F01,Membership,540,302.4,237.6
T0001522,M00748,2023-01-01,F01,Membership,540,302.4,237.6
T0001523,M00748,2024-01-01,F01,Membership,540,302.4,237.6
T0001524,M00749,2023-10-30,F02,Membership,390,249.6,140.4
T0001525,M00749,2024-01-01,F02,Membership,390,249.6,140.4
T0001526,M00749,2025-01-01,F02,Membership,390,249.6,140.4
T0001527,M00750,2024-09-22,F02,Membership,455,268.45,186.55
T0001528,M00751,2024-06-18,F04,Membership,480,283.2,196.8
T0001529,M00751,2025-01-01,F04,Membership,480,283.2,196.8
T0001530,M00752,2025-06-03,F02,Membership,840,512.4,327.6
T0001531,M00753,2022-07-01,F03,Membership,540,302.4,237.6
T0001532,M00753,2023-01-01,F03,Membership,540,302.4,237.6
T0001533,M00753,2024-01-01,F03,Membership,540,302.4,237.6
T0001534,M00753,2025-01-01,F03,Membership,515,288.4,226.6
T0001535,M00754,2025-08-28,F02,Membership,390,249.6,140.4
T0001536,M00755,2022-04-20,F01,Membership,840,512.4,327.6
T0001537,M00755,2023-01-01,F01,Membership,840,512.4,327.6
T0001538,M00755,2024-01-01,F01,Membership,840,512.4,327.6
T0001539,M00755,2025-01-01,F01,Membership,790,481.9,308.1
T0001540,M00756,2022-07-28,F01,Membership,300,207,93
T0001541,M00756,2023-01-01,F01,Membership,250,172.5,77.5
T0001542,M00756,2024-01-01,F01,Membership,300,207,93
T0001543,M00756,2025-01-01,F01,Membership,300,207,93
T0001544,M00757,2023-01-30,F03,Membership,480,283.2,196.8
T0001545,M00758,2022-06-15,F02,Membership,515,288.4,226.6
T0001546,M00758,2023-01-01,F02,Membership,515,288.4,226.6
T0001547,M00758,2024-01-01,F02,Membership,515,288.4,226.6
T0001548,M00758,2025-01-01,F02,Membership,540,302.4,237.6
T0001549,M00759,2023-06-10,F03,Membership,540,302.4,237.6
T0001550,M00760,2024-06-30,F03,Membership,540,302.4,237.6
T0001551,M00760,2025-01-01,F03,Membership,515,288.4,226.6
T0001552,M00761,2023-02-01,F01,Membership,515,288.4,226.6
T0001553,M00761,2024-01-01,F01,Membership,490,274.4,215.6
T0001554,M00761,2025-01-01,F01,Membership,540,302.4,237.6
T0001555,M00762,2023-10-15,F01,Membership,300,207,93
T0001556,M00762,2024-01-01,F01,Membership,300,207,93
T0001557,M00762,2025-01-01,F01,Membership,300,207,93
T0001558,M00763,2025-02-25,F01,Membership,840,512.4,327.6
T0001559,M00764,2024-11-09,F04,Membership,455,268.45,186.55
T0001560,M00764,2025-01-01,F04,Membership,480,283.2,196.8
T0001561,M00765,2023-08-07,F01,Membership,840,512.4,327.6
T0001562,M00765,2024-01-01,F01,Membership,840,512.4,327.6
T0001563,M00766,2022-08-14,F01,Membership,300,207,93
T0001564,M00766,2023-01-01,F01,Membership,300,207,93
T0001565,M00766,2024-01-01,F01,Membership,300,207,93
T0001566,M00766,2025-01-01,F01,Membership,300,207,93
T0001567,M00767,2024-09-03,F02,Membership,480,283.2,196.8
T0001568,M00767,2025-01-01,F02,Membership,480,283.2,196.8
T0001569,M00768,2022-03-09,F04,Membership,465,260.4,204.6
T0001570,M00768,2023-01-01,F04,Membership,540,302.4,237.6
T0001571,M00768,2024-01-01,F04,Membership,490,274.4,215.6
T0001572,M00768,2025-01-01,F04,Membership,540,302.4,237.6
T0001573,M00769,2024-03-03,F04,Membership,465,260.4,204.6
T0001574,M00769,2025-01-01,F04,Membership,515,288.4,226.6
T0001575,M00770,2023-03-30,F01,Membership,390,249.6,140.4
T0001576,M00771,2025-05-17,F01,Membership,790,481.9,308.1
T0001577,M00772,2022-01-27,F04,Membership,840,512.4,327.6
T0001578,M00772,2023-01-01,F04,Membership,840,512.4,327.6
T0001579,M00773,2022-02-18,F01,Membership,540,302.4,237.6
T0001580,M00773,2023-01-01,F01,Membership,465,260.4,204.6
T0001581,M00774,2025-06-10,F02,Membership,815,497.15,317.85
T0001582,M00775,2023-09-22,F03,Membership,480,283.2,196.8
T0001583,M00775,2024-01-01,F03,Membership,480,283.2,196.8
T0001584,M00775,2025-01-01,F03,Membership,480,283.2,196.8
T0001585,M00776,2024-02-05,F01,Membership,840,512.4,327.6
T0001586,M00776,2025-01-01,F01,Membership,840,512.4,327.6
T0001587,M00777,2024-08-03,F01,Membership,815,497.15,317.85
T0001588,M00777,2025-01-01,F01,Membership,840,512.4,327.6
T0001589,M00778,2025-09-24,F04,Membership,480,283.2,196.8
T0001590,M00779,2023-05-22,F01,Membership,455,268.45,186.55
T0001591,M00779,2024-01-01,F01,Membership,455,268.45,186.55
T0001592,M00779,2025-01-01,F01,Membership,430,253.7,176.3
T0001593,M00780,2025-02-18,F01,Membership,840,512.4,327.6
T0001594,M00781,2022-05-14,F04,Membership,540,302.4,237.6
T0001595,M00781,2023-01-01,F04,Membership,540,302.4,237.6
T0001596,M00781,2024-01-01,F04,Membership,540,302.4,237.6
T0001597,M00781,2025-01-01,F04,Membership,540,302.4,237.6
T0001598,M00782,2023-06-17,F01,Membership,815,497.15,317.85
T0001599,M00782,2024-01-01,F01,Membership,840,512.4,327.6
T0001600,M00782,2025-01-01,F01,Membership,840,512.4,327.6
T0001601,M00783,2022-02-06,F02,Membership,490,274.4,215.6
T0001602,M00783,2023-01-01,F02,Membership,540,302.4,237.6
T0001603,M00784,2023-10-15,F04,Membership,840,512.4,327.6
T0001604,M00784,2024-01-01,F04,Membership,815,497.15,317.85
T0001605,M00784,2025-01-01,F04,Membership,840,512.4,327.6
T0001606,M00785,2025-08-17,F01,Membership,540,302.4,237.6
T0001607,M00786,2024-10-28,F03,Membership,540,302.4,237.6
T0001608,M00787,2023-10-15,F03,Membership,815,497.15,317.85
T0001609,M00787,2024-01-01,F03,Membership,790,481.9,308.1
T0001610,M00787,2025-01-01,F03,Membership,840,512.4,327.6
T0001611,M00788,2023-10-07,F03,Membership,455,268.45,186.55
T0001612,M00789,2023-06-09,F04,Membership,540,302.4,237.6
T0001613,M00789,2024-01-01,F04,Membership,540,302.4,237.6
T0001614,M00790,2023-04-04,F01,Membership,480,283.2,196.8
T0001615,M00790,2024-01-01,F01,Membership,455,268.45,186.55
T0001616,M00791,2023-11-20,F01,Membership,515,288.4,226.6
T0001617,M00792,2025-03-08,F03,Membership,540,302.4,237.6
T0001618,M00793,2022-02-28,F02,Membership,480,283.2,196.8
T0001619,M00793,2023-01-01,F02,Membership,480,283.2,196.8
T0001620,M00793,2024-01-01,F02,Membership,480,283.2,196.8
T0001621,M00793,2025-01-01,F02,Membership,480,283.2,196.8
T0001622,M00794,2024-05-08,F03,Membership,405,238.95,166.05
T0001623,M00794,2025-01-01,F03,Membership,405,238.95,166.05
T0001624,M00795,2024-09-18,F02,Membership,455,268.45,186.55
T0001625,M00795,2025-01-01,F02,Membership,480,283.2,196.8
T0001626,M00796,2023-11-07,F04,Membership,840,512.4,327.6
T0001627,M00796,2024-01-01,F04,Membership,790,481.9,308.1
T0001628,M00797,2025-10-03,F01,Membership,540,302.4,237.6
T0001629,M00798,2023-08-10,F04,Membership,540,302.4,237.6
T0001630,M00798,2024-01-01,F04,Membership,490,274.4,215.6
T0001631,M00798,2025-01-01,F04,Membership,540,302.4,237.6
T0001632,M00799,2023-04-16,F04,Membership,480,283.2,196.8
T0001633,M00799,2024-01-01,F04,Membership,480,283.2,196.8
T0001634,M00800,2024-05-14,F01,Membership,515,288.4,226.6
T0001635,M00800,2025-01-01,F01,Membership,540,302.4,237.6
T0001636,M00801,2023-04-16,F04,Membership,815,497.15,317.85
T0001637,M00801,2024-01-01,F04,Membership,840,512.4,327.6
T0001638,M00802,2023-05-28,F04,Membership,390,249.6,140.4
T0001639,M00802,2024-01-01,F04,Membership,340,217.6,122.4
T0001640,M00803,2025-08-29,F02,Membership,480,283.2,196.8
T0001641,M00804,2023-01-10,F01,Membership,300,207,93
T0001642,M00805,2025-09-18,F03,Membership,480,283.2,196.8
T0001643,M00806,2022-11-06,F02,Membership,480,283.2,196.8
T0001644,M00806,2023-01-01,F02,Membership,430,253.7,176.3
T0001645,M00806,2024-01-01,F02,Membership,405,238.95,166.05
T0001646,M00806,2025-01-01,F02,Membership,405,238.95,166.05
T0001647,M00807,2023-03-09,F01,Membership,840,512.4,327.6
T0001648,M00807,2024-01-01,F01,Membership,840,512.4,327.6
T0001649,M00807,2025-01-01,F01,Membership,840,512.4,327.6
T0001650,M00808,2024-07-23,F04,Membership,840,512.4,327.6
T0001651,M00808,2025-01-01,F04,Membership,840,512.4,327.6
T0001652,M00809,2025-05-15,F04,Membership,465,260.4,204.6
T0001653,M00810,2023-11-14,F01,Membership,480,283.2,196.8
T0001654,M00811,2025-08-26,F04,Membership,790,481.9,308.1
T0001655,M00812,2025-05-31,F02,Membership,480,283.2,196.8
T0001656,M00813,2023-03-30,F04,Membership,540,302.4,237.6
T0001657,M00813,2024-01-01,F04,Membership,540,302.4,237.6
T0001658,M00813,2025-01-01,F04,Membership,540,302.4,237.6
T0001659,M00814,2025-07-24,F02,Membership,405,238.95,166.05
T0001660,M00815,2024-08-09,F04,Membership,465,260.4,204.6
T0001661,M00816,2024-04-27,F03,Membership,480,283.2,196.8
T0001662,M00817,2024-01-21,F04,Membership,300,207,93
T0001663,M00817,2025-01-01,F04,Membership,300,207,93
T0001664,M00818,2024-10-02,F04,Membership,540,302.4,237.6
T0001665,M00818,2025-01-01,F04,Membership,540,302.4,237.6
T0001666,M00819,2022-08-18,F04,Membership,540,302.4,237.6
T0001667,M00819,2023-01-01,F04,Membership,540,302.4,237.6
T0001668,M00819,2024-01-01,F04,Membership,465,260.4,204.6
T0001669,M00819,2025-01-01,F04,Membership,540,302.4,237.6
T0001670,M00820,2024-08-27,F04,Membership,540,302.4,237.6
T0001671,M00821,2023-01-19,F01,Membership,480,283.2,196.8
T0001672,M00821,2024-01-01,F01,Membership,430,253.7,176.3
T0001673,M00822,2025-10-14,F03,Membership,300,207,93
T0001674,M00823,2025-07-16,F04,Membership,540,302.4,237.6
T0001675,M00824,2022-06-09,F03,Membership,540,302.4,237.6
T0001676,M00824,2023-01-01,F03,Membership,540,302.4,237.6
T0001677,M00824,2024-01-01,F03,Membership,540,302.4,237.6
T0001678,M00824,2025-01-01,F03,Membership,540,302.4,237.6
T0001679,M00825,2024-11-21,F04,Membership,540,302.4,237.6
T0001680,M00825,2025-01-01,F04,Membership,540,302.4,237.6
T0001681,M00826,2023-01-05,F03,Membership,480,283.2,196.8
T0001682,M00827,2025-01-17,F01,Membership,390,249.6,140.4
T0001683,M00828,2023-03-28,F04,Membership,540,302.4,237.6
T0001684,M00828,2024-01-01,F04,Membership,515,288.4,226.6
T0001685,M00828,2025-01-01,F04,Membership,540,302.4,237.6
T0001686,M00829,2025-08-12,F03,Membership,540,302.4,237.6
T0001687,M00830,2024-04-26,F04,Membership,840,512.4,327.6
T0001688,M00831,2024-08-03,F04,Membership,540,302.4,237.6
T0001689,M00832,2022-09-23,F02,Membership,480,283.2,196.8
T0001690,M00832,2023-01-01,F02,Membership,480,283.2,196.8
T0001691,M00832,2024-01-01,F02,Membership,480,283.2,196.8
T0001692,M00833,2024-09-26,F03,Membership,300,207,93
T0001693,M00834,2024-03-25,F02,Membership,480,283.2,196.8
T0001694,M00834,2025-01-01,F02,Membership,480,283.2,196.8
T0001695,M00835,2023-03-09,F01,Membership,765,466.65,298.35
T0001696,M00835,2024-01-01,F01,Membership,815,497.15,317.85
T0001697,M00835,2025-01-01,F01,Membership,815,497.15,317.85
T0001698,M00836,2024-04-15,F02,Membership,840,512.4,327.6
T0001699,M00836,2025-01-01,F02,Membership,840,512.4,327.6
T0001700,M00837,2025-06-29,F02,Membership,490,274.4,215.6
T0001701,M00838,2024-08-31,F01,Membership,540,302.4,237.6
T0001702,M00838,2025-01-01,F01,Membership,540,302.4,237.6
T0001703,M00839,2023-09-29,F01,Membership,515,288.4,226.6
T0001704,M00840,2023-08-20,F02,Membership,480,283.2,196.8
T0001705,M00840,2024-01-01,F02,Membership,405,238.95,166.05
T0001706,M00841,2022-07-14,F02,Membership,840,512.4,327.6
T0001707,M00841,2023-01-01,F02,Membership,840,512.4,327.6
T0001708,M00841,2024-01-01,F02,Membership,840,512.4,327.6
T0001709,M00841,2025-01-01,F02,Membership,815,497.15,317.85
T0001710,M00842,2024-11-19,F04,Membership,365,233.6,131.4
T0001711,M00842,2025-01-01,F04,Membership,315,201.6,113.4
T0001712,M00843,2024-07-25,F04,Membership,540,302.4,237.6
T0001713,M00843,2025-01-01,F04,Membership,540,302.4,237.6
T0001714,M00844,2022-02-23,F03,Membership,340,217.6,122.4
T0001715,M00844,2023-01-01,F03,Membership,340,217.6,122.4
T0001716,M00845,2024-02-29,F02,Membership,480,283.2,196.8
T0001717,M00845,2025-01-01,F02,Membership,480,283.2,196.8
T0001718,M00846,2022-07-27,F01,Membership,815,497.15,317.85
T0001719,M00847,2025-04-03,F01,Membership,455,268.45,186.55
T0001720,M00848,2022-04-17,F01,Membership,515,288.4,226.6
T0001721,M00848,2023-01-01,F01,Membership,540,302.4,237.6
T0001722,M00848,2024-01-01,F01,Membership,540,302.4,237.6
T0001723,M00848,2025-01-01,F01,Membership,490,274.4,215.6
T0001724,M00849,2022-08-16,F01,Membership,840,512.4,327.6
T0001725,M00849,2023-01-01,F01,Membership,815,497.15,317.85
T0001726,M00849,2024-01-01,F01,Membership,790,481.9,308.1
T0001727,M00849,2025-01-01,F01,Membership,790,481.9,308.1
T0001728,M00850,2022-03-27,F03,Membership,390,249.6,140.4
T0001729,M00850,2023-01-01,F03,Membership,390,249.6,140.4
T0001730,M00851,2025-08-04,F01,Membership,840,512.4,327.6
T0001731,M00852,2025-08-25,F02,Membership,840,512.4,327.6
T0001732,M00853,2022-05-20,F01,Membership,480,283.2,196.8
T0001733,M00853,2023-01-01,F01,Membership,480,283.2,196.8
T0001734,M00853,2024-01-01,F01,Membership,405,238.95,166.05
T0001735,M00853,2025-01-01,F01,Membership,480,283.2,196.8
T0001736,M00854,2022-02-26,F01,Membership,540,302.4,237.6
T0001737,M00854,2023-01-01,F01,Membership,540,302.4,237.6
T0001738,M00854,2024-01-01,F01,Membership,540,302.4,237.6
T0001739,M00854,2025-01-01,F01,Membership,540,302.4,237.6
T0001740,M00855,2025-09-06,F01,Membership,540,302.4,237.6
T0001741,M00856,2022-03-07,F01,Membership,540,302.4,237.6
T0001742,M00856,2023-01-01,F01,Membership,540,302.4,237.6
T0001743,M00856,2024-01-01,F01,Membership,515,288.4,226.6
T0001744,M00856,2025-01-01,F01,Membership,540,302.4,237.6
T0001745,M00857,2025-07-19,F03,Membership,540,302.4,237.6
T0001746,M00858,2024-07-09,F04,Membership,840,512.4,327.6
T0001747,M00858,2025-01-01,F04,Membership,840,512.4,327.6
T0001748,M00859,2023-09-17,F04,Membership,465,260.4,204.6
T0001749,M00859,2024-01-01,F04,Membership,490,274.4,215.6
T0001750,M00859,2025-01-01,F04,Membership,490,274.4,215.6
T0001751,M00860,2024-10-10,F01,Membership,390,249.6,140.4
T0001752,M00860,2025-01-01,F01,Membership,390,249.6,140.4
T0001753,M00861,2024-02-09,F03,Membership,540,302.4,237.6
T0001754,M00862,2025-02-02,F02,Membership,840,512.4,327.6
T0001755,M00863,2024-04-17,F01,Membership,765,466.65,298.35
T0001756,M00863,2025-01-01,F01,Membership,840,512.4,327.6
T0001757,M00864,2022-11-20,F01,Membership,840,512.4,327.6
T0001758,M00864,2023-01-01,F01,Membership,840,512.4,327.6
T0001759,M00864,2024-01-01,F01,Membership,840,512.4,327.6
T0001760,M00865,2024-03-03,F01,Membership,480,283.2,196.8
T0001761,M00866,2024-10-19,F02,Membership,430,253.7,176.3
T0001762,M00866,2025-01-01,F02,Membership,480,283.2,196.8
T0001763,M00867,2024-02-06,F01,Membership,300,207,93
T0001764,M00868,2024-05-08,F04,Membership,480,283.2,196.8
T0001765,M00868,2025-01-01,F04,Membership,455,268.45,186.55
T0001766,M00869,2023-04-09,F02,Membership,540,302.4,237.6
T0001767,M00869,2024-01-01,F02,Membership,515,288.4,226.6
T0001768,M00869,2025-01-01,F02,Membership,540,302.4,237.6
T0001769,M00870,2023-08-06,F03,Membership,300,207,93
T0001770,M00870,2024-01-01,F03,Membership,300,207,93
T0001771,M00871,2023-09-21,F04,Membership,540,302.4,237.6
T0001772,M00871,2024-01-01,F04,Membership,465,260.4,204.6
T0001773,M00871,2025-01-01,F04,Membership,540,302.4,237.6
T0001774,M00872,2023-07-18,F04,Membership,480,283.2,196.8
T0001775,M00873,2023-07-20,F02,Membership,300,207,93
T0001776,M00873,2024-01-01,F02,Membership,225,155.25,69.75
T0001777,M00874,2024-02-05,F02,Membership,480,283.2,196.8
T0001778,M00875,2025-08-03,F01,Membership,540,302.4,237.6
T0001779,M00876,2023-08-06,F03,Membership,480,283.2,196.8
T0001780,M00876,2024-01-01,F03,Membership,480,283.2,196.8
T0001781,M00877,2024-01-22,F01,Membership,390,249.6,140.4
T0001782,M00877,2025-01-01,F01,Membership,390,249.6,140.4
T0001783,M00878,2024-05-16,F04,Membership,840,512.4,327.6
T0001784,M00879,2023-07-14,F02,Membership,430,253.7,176.3
T0001785,M00880,2024-10-13,F04,Membership,540,302.4,237.6
T0001786,M00880,2025-01-01,F04,Membership,540,302.4,237.6
T0001787,M00881,2024-01-26,F03,Membership,515,288.4,226.6
T0001788,M00881,2025-01-01,F03,Membership,540,302.4,237.6
T0001789,M00882,2022-11-07,F02,Membership,430,253.7,176.3
T0001790,M00883,2024-03-28,F01,Membership,390,249.6,140.4
T0001791,M00884,2024-03-03,F02,Membership,840,512.4,327.6
T0001792,M00884,2025-01-01,F02,Membership,840,512.4,327.6
T0001793,M00885,2023-05-13,F01,Membership,540,302.4,237.6
T0001794,M00885,2024-01-01,F01,Membership,515,288.4,226.6
T0001795,M00885,2025-01-01,F01,Membership,540,302.4,237.6
T0001796,M00886,2024-07-07,F04,Membership,300,207,93
T0001797,M00886,2025-01-01,F04,Membership,300,207,93
T0001798,M00887,2023-09-19,F02,Membership,465,260.4,204.6
T0001799,M00888,2025-10-31,F02,Membership,300,207,93
T0001800,M00889,2022-02-09,F03,Membership,300,207,93
T0001801,M00889,2023-01-01,F03,Membership,300,207,93
T0001802,M00889,2024-01-01,F03,Membership,275,189.75,85.25
T0001803,M00890,2022-06-22,F02,Membership,790,481.9,308.1
T0001804,M00890,2023-01-01,F02,Membership,815,497.15,317.85
T0001805,M00890,2024-01-01,F02,Membership,840,512.4,327.6
T0001806,M00890,2025-01-01,F02,Membership,840,512.4,327.6
T0001807,M00891,2024-02-09,F01,Membership,390,249.6,140.4
T0001808,M00891,2025-01-01,F01,Membership,390,249.6,140.4
T0001809,M00892,2024-02-04,F01,Membership,840,512.4,327.6
T0001810,M00892,2025-01-01,F01,Membership,840,512.4,327.6
T0001811,M00893,2025-07-11,F02,Membership,540,302.4,237.6
T0001812,M00894,2023-02-16,F01,Membership,840,512.4,327.6
T0001813,M00894,2024-01-01,F01,Membership,840,512.4,327.6
T0001814,M00894,2025-01-01,F01,Membership,790,481.9,308.1
T0001815,M00895,2025-09-27,F04,Membership,840,512.4,327.6
T0001816,M00896,2025-07-17,F04,Membership,790,481.9,308.1
T0001817,M00897,2024-08-31,F03,Membership,340,217.6,122.4
T0001818,M00898,2023-09-04,F02,Membership,540,302.4,237.6
T0001819,M00899,2023-07-20,F03,Membership,540,302.4,237.6
T0001820,M00900,2022-09-19,F01,Membership,365,233.6,131.4
T0001821,M00901,2023-06-28,F02,Membership,405,238.95,166.05
T0001822,M00902,2025-03-07,F03,Membership,790,481.9,308.1
T0001823,M00903,2024-08-29,F02,Membership,840,512.4,327.6
T0001824,M00903,2025-01-01,F02,Membership,765,466.65,298.35
T0001825,M00904,2024-05-03,F01,Membership,480,283.2,196.8
T0001826,M00904,2025-01-01,F01,Membership,480,283.2,196.8
T0001827,M00905,2024-01-08,F01,Membership,300,207,93
T0001828,M00906,2023-04-07,F03,Membership,840,512.4,327.6
T0001829,M00907,2022-07-31,F01,Membership,540,302.4,237.6
T0001830,M00907,2023-01-01,F01,Membership,540,302.4,237.6
T0001831,M00908,2024-02-04,F03,Membership,540,302.4,237.6
T0001832,M00909,2023-05-03,F04,Membership,480,283.2,196.8
T0001833,M00909,2024-01-01,F04,Membership,480,283.2,196.8
T0001834,M00909,2025-01-01,F04,Membership,430,253.7,176.3
T0001835,M00910,2023-11-10,F02,Membership,480,283.2,196.8
T0001836,M00910,2024-01-01,F02,Membership,480,283.2,196.8
T0001837,M00910,2025-01-01,F02,Membership,480,283.2,196.8
T0001838,M00911,2024-03-02,F01,Membership,490,274.4,215.6
T0001839,M00911,2025-01-01,F01,Membership,515,288.4,226.6
T0001840,M00912,2022-03-05,F04,Membership,540,302.4,237.6
T0001841,M00912,2023-01-01,F04,Membership,540,302.4,237.6
T0001842,M00912,2024-01-01,F04,Membership,540,302.4,237.6
T0001843,M00912,2025-01-01,F04,Membership,540,302.4,237.6
T0001844,M00913,2024-05-10,F01,Membership,390,249.6,140.4
T0001845,M00914,2024-06-10,F01,Membership,515,288.4,226.6
T0001846,M00915,2023-01-14,F04,Membership,465,260.4,204.6
T0001847,M00916,2024-10-13,F02,Membership,405,238.95,166.05
T0001848,M00916,2025-01-01,F02,Membership,430,253.7,176.3
T0001849,M00917,2024-07-28,F02,Membership,480,283.2,196.8
T0001850,M00917,2025-01-01,F02,Membership,480,283.2,196.8
T0001851,M00918,2025-05-21,F01,Membership,390,249.6,140.4
T0001852,M00919,2025-08-08,F01,Membership,480,283.2,196.8
T0001853,M00920,2023-08-18,F04,Membership,390,249.6,140.4
T0001854,M00921,2022-07-12,F02,Membership,480,283.2,196.8
T0001855,M00922,2022-05-10,F02,Membership,540,302.4,237.6
T0001856,M00922,2023-01-01,F02,Membership,465,260.4,204.6
T0001857,M00923,2024-11-19,F03,Membership,840,512.4,327.6
T0001858,M00923,2025-01-01,F03,Membership,840,512.4,327.6
T0001859,M00924,2024-07-30,F02,Membership,540,302.4,237.6
T0001860,M00925,2023-06-27,F02,Membership,390,249.6,140.4
T0001861,M00925,2024-01-01,F02,Membership,390,249.6,140.4
T0001862,M00925,2025-01-01,F02,Membership,365,233.6,131.4
T0001863,M00926,2022-05-09,F03,Membership,250,172.5,77.5
T0001864,M00926,2023-01-01,F03,Membership,300,207,93
T0001865,M00926,2024-01-01,F03,Membership,225,155.25,69.75
T0001866,M00926,2025-01-01,F03,Membership,250,172.5,77.5
T0001867,M00927,2023-10-15,F01,Membership,480,283.2,196.8
T0001868,M00927,2024-01-01,F01,Membership,480,283.2,196.8
T0001869,M00928,2023-09-04,F04,Membership,480,283.2,196.8
T0001870,M00929,2022-01-19,F02,Membership,840,512.4,327.6
T0001871,M00929,2023-01-01,F02,Membership,840,512.4,327.6
T0001872,M00929,2024-01-01,F02,Membership,840,512.4,327.6
T0001873,M00929,2025-01-01,F02,Membership,765,466.65,298.35
T0001874,M00930,2025-02-28,F04,Membership,540,302.4,237.6
T0001875,M00931,2022-09-26,F04,Membership,300,207,93
T0001876,M00931,2023-01-01,F04,Membership,300,207,93
T0001877,M00932,2024-05-06,F01,Membership,390,249.6,140.4
T0001878,M00932,2025-01-01,F01,Membership,390,249.6,140.4
T0001879,M00933,2024-09-26,F04,Membership,480,283.2,196.8
T0001880,M00933,2025-01-01,F04,Membership,480,283.2,196.8
T0001881,M00934,2023-08-18,F03,Membership,490,274.4,215.6
T0001882,M00934,2024-01-01,F03,Membership,465,260.4,204.6
T0001883,M00935,2024-01-23,F04,Membership,390,249.6,140.4
T0001884,M00935,2025-01-01,F04,Membership,390,249.6,140.4
T0001885,M00936,2022-02-23,F01,Membership,815,497.15,317.85
T0001886,M00936,2023-01-01,F01,Membership,790,481.9,308.1
T0001887,M00936,2024-01-01,F01,Membership,790,481.9,308.1
T0001888,M00936,2025-01-01,F01,Membership,840,512.4,327.6
T0001889,M00937,2023-02-06,F01,Membership,840,512.4,327.6
T0001890,M00937,2024-01-01,F01,Membership,765,466.65,298.35
T0001891,M00937,2025-01-01,F01,Membership,840,512.4,327.6
T0001892,M00938,2023-04-24,F03,Membership,390,249.6,140.4
T0001893,M00938,2024-01-01,F03,Membership,365,233.6,131.4
T0001894,M00938,2025-01-01,F03,Membership,365,233.6,131.4
T0001895,M00939,2024-03-09,F01,Membership,480,283.2,196.8
T0001896,M00939,2025-01-01,F01,Membership,480,283.2,196.8
T0001897,M00940,2022-02-22,F02,Membership,515,288.4,226.6
T0001898,M00940,2023-01-01,F02,Membership,540,302.4,237.6
T0001899,M00940,2024-01-01,F02,Membership,465,260.4,204.6
T0001900,M00940,2025-01-01,F02,Membership,540,302.4,237.6
T0001901,M00941,2022-09-29,F04,Membership,840,512.4,327.6
T0001902,M00941,2023-01-01,F04,Membership,840,512.4,327.6
T0001903,M00941,2024-01-01,F04,Membership,840,512.4,327.6
T0001904,M00941,2025-01-01,F04,Membership,840,512.4,327.6
T0001905,M00942,2022-08-08,F04,Membership,480,283.2,196.8
T0001906,M00943,2025-07-30,F04,Membership,390,249.6,140.4
T0001907,M00944,2024-08-13,F01,Membership,390,249.6,140.4
T0001908,M00944,2025-01-01,F01,Membership,390,249.6,140.4
T0001909,M00945,2023-01-11,F04,Membership,540,302.4,237.6
T0001910,M00945,2024-01-01,F04,Membership,540,302.4,237.6
T0001911,M00945,2025-01-01,F04,Membership,540,302.4,237.6
T0001912,M00946,2022-02-21,F02,Membership,300,207,93
T0001913,M00947,2025-11-11,F02,Membership,300,207,93
T0001914,M00948,2024-05-08,F04,Membership,840,512.4,327.6
T0001915,M00948,2025-01-01,F04,Membership,840,512.4,327.6
T0001916,M00949,2025-11-08,F01,Membership,480,283.2,196.8
T0001917,M00950,2022-09-12,F04,Membership,540,302.4,237.6
T0001918,M00951,2024-08-18,F04,Membership,390,249.6,140.4
T0001919,M00951,2025-01-01,F04,Membership,340,217.6,122.4
T0001920,M00952,2023-05-23,F01,Membership,540,302.4,237.6
T0001921,M00952,2024-01-01,F01,Membership,540,302.4,237.6
T0001922,M00953,2023-11-07,F03,Membership,465,260.4,204.6
T0001923,M00954,2023-03-27,F04,Membership,840,512.4,327.6
T0001924,M00954,2024-01-01,F04,Membership,840,512.4,327.6
T0001925,M00955,2024-09-11,F01,Membership,540,302.4,237.6
T0001926,M00955,2025-01-01,F01,Membership,540,302.4,237.6
T0001927,M00956,2024-01-28,F03,Membership,390,249.6,140.4
T0001928,M00956,2025-01-01,F03,Membership,340,217.6,122.4
T0001929,M00957,2025-09-17,F04,Membership,515,288.4,226.6
T0001930,M00958,2024-08-18,F04,Membership,765,466.65,298.35
T0001931,M00958,2025-01-01,F04,Membership,790,481.9,308.1
T0001932,M00959,2023-08-01,F01,Membership,480,283.2,196.8
T0001933,M00960,2023-02-13,F03,Membership,405,238.95,166.05
T0001934,M00960,2024-01-01,F03,Membership,480,283.2,196.8
T0001935,M00960,2025-01-01,F03,Membership,480,283.2,196.8
T0001936,M00961,2023-09-09,F01,Membership,300,207,93
T0001937,M00961,2024-01-01,F01,Membership,275,189.75,85.25
T0001938,M00961,2025-01-01,F01,Membership,250,172.5,77.5
T0001939,M00962,2025-06-14,F02,Membership,490,274.4,215.6
T0001940,M00963,2023-03-26,F02,Membership,540,302.4,237.6
T0001941,M00963,2024-01-01,F02,Membership,540,302.4,237.6
T0001942,M00964,2022-03-22,F01,Membership,790,481.9,308.1
T0001943,M00964,2023-01-01,F01,Membership,840,512.4,327.6
T0001944,M00964,2024-01-01,F01,Membership,840,512.4,327.6
T0001945,M00964,2025-01-01,F01,Membership,765,466.65,298.35
T0001946,M00965,2022-02-09,F04,Membership,540,302.4,237.6
T0001947,M00965,2023-01-01,F04,Membership,540,302.4,237.6
T0001948,M00966,2023-11-02,F01,Membership,840,512.4,327.6
T0001949,M00966,2024-01-01,F01,Membership,815,497.15,317.85
T0001950,M00966,2025-01-01,F01,Membership,840,512.4,327.6
T0001951,M00967,2023-05-07,F01,Membership,480,283.2,196.8
T0001952,M00968,2025-11-01,F04,Membership,480,283.2,196.8
T0001953,M00969,2023-01-31,F03,Membership,490,274.4,215.6
T0001954,M00969,2024-01-01,F03,Membership,540,302.4,237.6
T0001955,M00969,2025-01-01,F03,Membership,540,302.4,237.6
T0001956,M00970,2022-07-30,F03,Membership,815,497.15,317.85
T0001957,M00970,2023-01-01,F03,Membership,840,512.4,327.6
T0001958,M00970,2024-01-01,F03,Membership,840,512.4,327.6
T0001959,M00970,2025-01-01,F03,Membership,840,512.4,327.6
T0001960,M00971,2023-07-30,F02,Membership,390,249.6,140.4
T0001961,M00972,2024-10-01,F02,Membership,540,302.4,237.6
T0001962,M00973,2022-03-31,F02,Membership,540,302.4,237.6
T0001963,M00974,2024-04-15,F01,Membership,540,302.4,237.6
T0001964,M00974,2025-01-01,F01,Membership,540,302.4,237.6
T0001965,M00975,2025-07-07,F03,Membership,540,302.4,237.6
T0001966,M00976,2024-02-26,F02,Membership,300,207,93
T0001967,M00976,2025-01-01,F02,Membership,250,172.5,77.5
T0001968,M00977,2022-03-01,F02,Membership,540,302.4,237.6
T0001969,M00977,2023-01-01,F02,Membership,540,302.4,237.6
T0001970,M00977,2024-01-01,F02,Membership,515,288.4,226.6
T0001971,M00978,2024-05-03,F02,Membership,540,302.4,237.6
T0001972,M00978,2025-01-01,F02,Membership,540,302.4,237.6
T0001973,M00979,2023-09-04,F04,Membership,790,481.9,308.1
T0001974,M00980,2022-04-14,F01,Membership,405,238.95,166.05
T0001975,M00981,2023-08-30,F02,Membership,815,497.15,317.85
T0001976,M00982,2022-11-01,F01,Membership,465,260.4,204.6
T0001977,M00983,2024-10-20,F01,Membership,465,260.4,204.6
T0001978,M00984,2024-07-31,F04,Membership,465,260.4,204.6
T0001979,M00984,2025-01-01,F04,Membership,540,302.4,237.6
T0001980,M00985,2022-01-10,F03,Membership,430,253.7,176.3
T0001981,M00985,2023-01-01,F03,Membership,480,283.2,196.8
T0001982,M00985,2024-01-01,F03,Membership,480,283.2,196.8
T0001983,M00985,2025-01-01,F03,Membership,430,253.7,176.3
T0001984,M00986,2022-05-23,F01,Membership,250,172.5,77.5
T0001985,M00986,2023-01-01,F01,Membership,300,207,93
T0001986,M00986,2024-01-01,F01,Membership,300,207,93
T0001987,M00987,2023-03-07,F01,Membership,515,288.4,226.6
T0001988,M00987,2024-01-01,F01,Membership,540,302.4,237.6
T0001989,M00988,2025-04-28,F04,Membership,340,217.6,122.4
T0001990,M00989,2022-07-27,F02,Membership,540,302.4,237.6
T0001991,M00989,2023-01-01,F02,Membership,490,274.4,215.6
T0001992,M00989,2024-01-01,F02,Membership,540,302.4,237.6
T0001993,M00989,2025-01-01,F02,Membership,540,302.4,237.6
T0001994,M00990,2024-10-23,F01,Membership,515,288.4,226.6
T0001995,M00990,2025-01-01,F01,Membership,515,288.4,226.6
T0001996,M00991,2022-11-01,F01,Membership,480,283.2,196.8
T0001997,M00991,2023-01-01,F01,Membership,480,283.2,196.8
T0001998,M00991,2024-01-01,F01,Membership,480,283.2,196.8
T0001999,M00991,2025-01-01,F01,Membership,480,283.2,196.8
T0002000,M00992,2022-08-01,F01,Membership,480,283.2,196.8
T0002001,M00992,2023-01-01,F01,Membership,455,268.45,186.55
T0002002,M00992,2024-01-01,F01,Membership,480,283.2,196.8
T0002003,M00992,2025-01-01,F01,Membership,480,283.2,196.8
T0002004,M00993,2023-07-08,F01,Membership,480,283.2,196.8
T0002005,M00993,2024-01-01,F01,Membership,480,283.2,196.8
T0002006,M00994,2024-04-23,F01,Membership,300,207,93
T0002007,M00994,2025-01-01,F01,Membership,275,189.75,85.25
T0002008,M00995,2024-05-09,F03,Membership,365,233.6,131.4
T0002009,M00995,2025-01-01,F03,Membership,390,249.6,140.4
T0002010,M00996,2024-03-21,F02,Membership,765,466.65,298.35
T0002011,M00996,2025-01-01,F02,Membership,815,497.15,317.85
T0002012,M00997,2024-08-22,F04,Membership,480,283.2,196.8
T0002013,M00997,2025-01-01,F04,Membership,480,283.2,196.8
T0002014,M00998,2022-07-07,F04,Membership,455,268.45,186.55
T0002015,M00998,2023-01-01,F04,Membership,405,238.95,166.05
T0002016,M00998,2024-01-01,F04,Membership,480,283.2,196.8
T0002017,M00998,2025-01-01,F04,Membership,480,283.2,196.8
T0002018,M00999,2023-06-25,F04,Membership,540,302.4,237.6
T0002019,M00999,2024-01-01,F04,Membership,515,288.4,226.6
T0002020,M00999,2025-01-01,F04,Membership,490,274.4,215.6
T0002021,M01000,2024-01-25,F01,Membership,540,302.4,237.6
T0002022,M01001,2022-07-18,F02,Membership,300,207,93
T0002023,M01001,2023-01-01,F02,Membership,250,172.5,77.5
T0002024,M01002,2024-03-18,F02,Membership,540,302.4,237.6
T0002025,M01002,2025-01-01,F02,Membership,540,302.4,237.6
T0002026,M01003,2023-11-16,F01,Membership,390,249.6,140.4
T0002027,M01003,2024-01-01,F01,Membership,340,217.6,122.4
T0002028,M01003,2025-01-01,F01,Membership,365,233.6,131.4
T0002029,M01004,2022-01-15,F02,Membership,455,268.45,186.55
T0002030,M01004,2023-01-01,F02,Membership,455,268.45,186.55
T0002031,M01004,2024-01-01,F02,Membership,430,253.7,176.3
T0002032,M01005,2024-07-10,F02,Membership,480,283.2,196.8
T0002033,M01006,2025-08-15,F03,Membership,465,260.4,204.6
T0002034,M01007,2025-05-02,F04,Membership,275,189.75,85.25
T0002035,M01008,2023-01-21,F04,Membership,840,512.4,327.6
T0002036,M01008,2024-01-01,F04,Membership,815,497.15,317.85
T0002037,M01008,2025-01-01,F04,Membership,840,512.4,327.6
T0002038,M01009,2023-08-20,F01,Membership,840,512.4,327.6
T0002039,M01009,2024-01-01,F01,Membership,815,497.15,317.85
T0002040,M01009,2025-01-01,F01,Membership,765,466.65,298.35
T0002041,M01010,2024-07-15,F02,Membership,390,249.6,140.4
T0002042,M01010,2025-01-01,F02,Membership,390,249.6,140.4
T0002043,M01011,2024-10-24,F02,Membership,540,302.4,237.6
T0002044,M01012,2025-06-26,F04,Membership,390,249.6,140.4
T0002045,M01013,2025-10-12,F04,Membership,480,283.2,196.8
T0002046,M01014,2024-01-15,F03,Membership,340,217.6,122.4
T0002047,M01014,2025-01-01,F03,Membership,315,201.6,113.4
T0002048,M01015,2023-06-08,F02,Membership,840,512.4,327.6
T0002049,M01015,2024-01-01,F02,Membership,840,512.4,327.6
T0002050,M01015,2025-01-01,F02,Membership,765,466.65,298.35
T0002051,M01016,2022-02-05,F01,Membership,300,207,93
T0002052,M01016,2023-01-01,F01,Membership,300,207,93
T0002053,M01017,2024-11-09,F02,Membership,840,512.4,327.6
T0002054,M01017,2025-01-01,F02,Membership,840,512.4,327.6
T0002055,M01018,2025-05-23,F02,Membership,540,302.4,237.6
T0002056,M01019,2022-03-18,F02,Membership,540,302.4,237.6
T0002057,M01019,2023-01-01,F02,Membership,540,302.4,237.6
T0002058,M01019,2024-01-01,F02,Membership,540,302.4,237.6
T0002059,M01019,2025-01-01,F02,Membership,540,302.4,237.6
T0002060,M01020,2025-03-11,F03,Membership,840,512.4,327.6
T0002061,M01021,2024-09-12,F01,Membership,540,302.4,237.6
T0002062,M01021,2025-01-01,F01,Membership,540,302.4,237.6
T0002063,M01022,2024-08-22,F04,Membership,540,302.4,237.6
T0002064,M01022,2025-01-01,F04,Membership,490,274.4,215.6
T0002065,M01023,2023-09-25,F01,Membership,405,238.95,166.05
T0002066,M01023,2024-01-01,F01,Membership,480,283.2,196.8
T0002067,M01023,2025-01-01,F01,Membership,430,253.7,176.3
T0002068,M01024,2022-11-10,F03,Membership,300,207,93
T0002069,M01024,2023-01-01,F03,Membership,300,207,93
T0002070,M01024,2024-01-01,F03,Membership,300,207,93
T0002071,M01025,2024-02-03,F01,Membership,765,466.65,298.35
T0002072,M01025,2025-01-01,F01,Membership,790,481.9,308.1
T0002073,M01026,2022-10-07,F02,Membership,515,288.4,226.6
T0002074,M01026,2023-01-01,F02,Membership,540,302.4,237.6
T0002075,M01026,2024-01-01,F02,Membership,540,302.4,237.6
T0002076,M01026,2025-01-01,F02,Membership,540,302.4,237.6
T0002077,M01027,2024-01-24,F02,Membership,540,302.4,237.6
T0002078,M01027,2025-01-01,F02,Membership,490,274.4,215.6
T0002079,M01028,2023-09-24,F01,Membership,515,288.4,226.6
T0002080,M01029,2025-01-30,F04,Membership,815,497.15,317.85
T0002081,M01030,2022-03-01,F04,Membership,480,283.2,196.8
T0002082,M01031,2024-06-12,F02,Membership,540,302.4,237.6
T0002083,M01031,2025-01-01,F02,Membership,540,302.4,237.6
T0002084,M01032,2022-07-10,F01,Membership,540,302.4,237.6
T0002085,M01033,2023-02-18,F02,Membership,540,302.4,237.6
T0002086,M01033,2024-01-01,F02,Membership,515,288.4,226.6
T0002087,M01033,2025-01-01,F02,Membership,540,302.4,237.6
T0002088,M01034,2025-06-20,F01,Membership,840,512.4,327.6
T0002089,M01035,2023-04-30,F03,Membership,365,233.6,131.4
T0002090,M01035,2024-01-01,F03,Membership,390,249.6,140.4
T0002091,M01035,2025-01-01,F03,Membership,390,249.6,140.4
T0002092,M01036,2025-09-24,F04,Membership,840,512.4,327.6
T0002093,M01037,2025-11-07,F04,Membership,480,283.2,196.8
T0002094,M01038,2022-04-22,F01,Membership,465,260.4,204.6
T0002095,M01039,2024-07-21,F01,Membership,465,260.4,204.6
T0002096,M01039,2025-01-01,F01,Membership,540,302.4,237.6
T0002097,M01040,2025-08-09,F01,Membership,815,497.15,317.85
T0002098,M01041,2022-07-20,F01,Membership,480,283.2,196.8
T0002099,M01042,2023-09-20,F01,Membership,480,283.2,196.8
T0002100,M01042,2024-01-01,F01,Membership,480,283.2,196.8
T0002101,M01043,2024-08-09,F01,Membership,840,512.4,327.6
T0002102,M01043,2025-01-01,F01,Membership,840,512.4,327.6
T0002103,M01044,2024-10-28,F01,Membership,540,302.4,237.6
T0002104,M01044,2025-01-01,F01,Membership,540,302.4,237.6
T0002105,M01045,2024-09-09,F01,Membership,840,512.4,327.6
T0002106,M01045,2025-01-01,F01,Membership,840,512.4,327.6
T0002107,M01046,2023-03-06,F02,Membership,840,512.4,327.6
T0002108,M01046,2024-01-01,F02,Membership,840,512.4,327.6
T0002109,M01047,2024-09-23,F01,Membership,840,512.4,327.6
T0002110,M01047,2025-01-01,F01,Membership,840,512.4,327.6
T0002111,M01048,2023-08-20,F02,Membership,480,283.2,196.8
T0002112,M01048,2024-01-01,F02,Membership,455,268.45,186.55
T0002113,M01048,2025-01-01,F02,Membership,480,283.2,196.8
T0002114,M01049,2022-10-03,F04,Membership,840,512.4,327.6
T0002115,M01049,2023-01-01,F04,Membership,840,512.4,327.6
T0002116,M01049,2024-01-01,F04,Membership,840,512.4,327.6
T0002117,M01049,2025-01-01,F04,Membership,840,512.4,327.6
T0002118,M01050,2023-01-05,F04,Membership,815,497.15,317.85
T0002119,M01050,2024-01-01,F04,Membership,815,497.15,317.85
T0002120,M01050,2025-01-01,F04,Membership,790,481.9,308.1
T0002121,M01051,2023-11-22,F03,Membership,480,283.2,196.8
T0002122,M01052,2023-06-24,F02,Membership,300,207,93
T0002123,M01053,2022-06-28,F03,Membership,840,512.4,327.6
T0002124,M01053,2023-01-01,F03,Membership,840,512.4,327.6
T0002125,M01053,2024-01-01,F03,Membership,840,512.4,327.6
T0002126,M01053,2025-01-01,F03,Membership,840,512.4,327.6
T0002127,M01054,2025-10-03,F01,Membership,480,283.2,196.8
T0002128,M01055,2024-04-20,F04,Membership,455,268.45,186.55
T0002129,M01055,2025-01-01,F04,Membership,480,283.2,196.8
T0002130,M01056,2023-05-10,F03,Membership,455,268.45,186.55
T0002131,M01057,2024-02-14,F03,Membership,840,512.4,327.6
T0002132,M01057,2025-01-01,F03,Membership,840,512.4,327.6
T0002133,M01058,2024-06-14,F01,Membership,390,249.6,140.4
T0002134,M01058,2025-01-01,F01,Membership,365,233.6,131.4
T0002135,M01059,2022-01-15,F03,Membership,455,268.45,186.55
T0002136,M01060,2023-07-12,F03,Membership,540,302.4,237.6
T0002137,M01060,2024-01-01,F03,Membership,465,260.4,204.6
T0002138,M01060,2025-01-01,F03,Membership,490,274.4,215.6
T0002139,M01061,2025-09-24,F02,Membership,480,283.2,196.8
T0002140,M01062,2024-03-11,F01,Membership,540,302.4,237.6
T0002141,M01062,2025-01-01,F01,Membership,540,302.4,237.6
T0002142,M01063,2022-05-02,F04,Membership,390,249.6,140.4
T0002143,M01063,2023-01-01,F04,Membership,390,249.6,140.4
T0002144,M01063,2024-01-01,F04,Membership,390,249.6,140.4
T0002145,M01063,2025-01-01,F04,Membership,340,217.6,122.4
T0002146,M01064,2025-06-10,F03,Membership,480,283.2,196.8
T0002147,M01065,2023-04-25,F02,Membership,480,283.2,196.8
T0002148,M01065,2024-01-01,F02,Membership,480,283.2,196.8
T0002149,M01065,2025-01-01,F02,Membership,480,283.2,196.8
T0002150,M01066,2023-04-22,F01,Membership,840,512.4,327.6
T0002151,M01066,2024-01-01,F01,Membership,815,497.15,317.85
T0002152,M01066,2025-01-01,F01,Membership,840,512.4,327.6
T0002153,M01067,2024-08-14,F03,Membership,390,249.6,140.4
T0002154,M01067,2025-01-01,F03,Membership,390,249.6,140.4
T0002155,M01068,2024-06-06,F02,Membership,480,283.2,196.8
T0002156,M01069,2022-10-17,F03,Membership,390,249.6,140.4
T0002157,M01070,2025-04-30,F01,Membership,455,268.45,186.55
T0002158,M01071,2023-10-16,F03,Membership,540,302.4,237.6
T0002159,M01071,2024-01-01,F03,Membership,465,260.4,204.6
T0002160,M01071,2025-01-01,F03,Membership,540,302.4,237.6
T0002161,M01072,2023-09-13,F04,Membership,390,249.6,140.4
T0002162,M01072,2024-01-01,F04,Membership,390,249.6,140.4
T0002163,M01072,2025-01-01,F04,Membership,390,249.6,140.4
T0002164,M01073,2025-08-02,F04,Membership,315,201.6,113.4
T0002165,M01074,2023-01-10,F01,Membership,790,481.9,308.1
T0002166,M01074,2024-01-01,F01,Membership,840,512.4,327.6
T0002167,M01074,2025-01-01,F01,Membership,790,481.9,308.1
T0002168,M01075,2023-07-11,F04,Membership,540,302.4,237.6
T0002169,M01075,2024-01-01,F04,Membership,540,302.4,237.6
T0002170,M01076,2025-04-21,F04,Membership,540,302.4,237.6
T0002171,M01077,2025-04-21,F02,Membership,480,283.2,196.8
T0002172,M01078,2022-05-12,F04,Membership,515,288.4,226.6
T0002173,M01078,2023-01-01,F04,Membership,540,302.4,237.6
T0002174,M01078,2024-01-01,F04,Membership,490,274.4,215.6
T0002175,M01078,2025-01-01,F04,Membership,540,302.4,237.6
T0002176,M01079,2025-08-24,F02,Membership,390,249.6,140.4
T0002177,M01080,2024-10-30,F01,Membership,365,233.6,131.4
T0002178,M01080,2025-01-01,F01,Membership,390,249.6,140.4
T0002179,M01081,2022-09-03,F01,Membership,540,302.4,237.6
T0002180,M01081,2023-01-01,F01,Membership,515,288.4,226.6
T0002181,M01082,2024-08-16,F01,Membership,490,274.4,215.6
T0002182,M01082,2025-01-01,F01,Membership,540,302.4,237.6
T0002183,M01083,2022-04-30,F03,Membership,340,217.6,122.4
T0002184,M01084,2023-02-26,F03,Membership,765,466.65,298.35
T0002185,M01084,2024-01-01,F03,Membership,765,466.65,298.35
T0002186,M01084,2025-01-01,F03,Membership,840,512.4,327.6
T0002187,M01085,2023-09-26,F02,Membership,455,268.45,186.55
T0002188,M01085,2024-01-01,F02,Membership,480,283.2,196.8
T0002189,M01085,2025-01-01,F02,Membership,455,268.45,186.55
T0002190,M01086,2025-04-20,F04,Membership,540,302.4,237.6
T0002191,M01087,2022-09-22,F01,Membership,390,249.6,140.4
T0002192,M01088,2022-06-22,F01,Membership,300,207,93
T0002193,M01088,2023-01-01,F01,Membership,300,207,93
T0002194,M01088,2024-01-01,F01,Membership,300,207,93
T0002195,M01088,2025-01-01,F01,Membership,250,172.5,77.5
T0002196,M01089,2023-10-02,F01,Membership,540,302.4,237.6
T0002197,M01090,2022-08-15,F01,Membership,840,512.4,327.6
T0002198,M01090,2023-01-01,F01,Membership,840,512.4,327.6
T0002199,M01090,2024-01-01,F01,Membership,765,466.65,298.35
T0002200,M01090,2025-01-01,F01,Membership,765,466.65,298.35
T0002201,M01091,2024-08-23,F03,Membership,405,238.95,166.05
T0002202,M01091,2025-01-01,F03,Membership,480,283.2,196.8
T0002203,M01092,2023-05-29,F04,Membership,540,302.4,237.6
T0002204,M01092,2024-01-01,F04,Membership,540,302.4,237.6
T0002205,M01092,2025-01-01,F04,Membership,540,302.4,237.6
T0002206,M01093,2023-11-10,F01,Membership,390,249.6,140.4
T0002207,M01094,2025-04-17,F03,Membership,490,274.4,215.6
T0002208,M01095,2024-06-07,F01,Membership,540,302.4,237.6
T0002209,M01095,2025-01-01,F01,Membership,540,302.4,237.6
T0002210,M01096,2022-08-02,F02,Membership,540,302.4,237.6
T0002211,M01096,2023-01-01,F02,Membership,540,302.4,237.6
T0002212,M01097,2025-03-31,F01,Membership,540,302.4,237.6
T0002213,M01098,2023-01-25,F01,Membership,540,302.4,237.6
T0002214,M01098,2024-01-01,F01,Membership,540,302.4,237.6
T0002215,M01098,2025-01-01,F01,Membership,540,302.4,237.6
T0002216,M01099,2024-11-21,F01,Membership,790,481.9,308.1
T0002217,M01099,2025-01-01,F01,Membership,815,497.15,317.85
T0002218,M01100,2023-02-11,F01,Membership,540,302.4,237.6
T0002219,M01100,2024-01-01,F01,Membership,540,302.4,237.6
T0002220,M01100,2025-01-01,F01,Membership,540,302.4,237.6
T0002221,M01101,2023-02-08,F03,Membership,430,253.7,176.3
T0002222,M01101,2024-01-01,F03,Membership,430,253.7,176.3
T0002223,M01102,2022-02-07,F03,Membership,390,249.6,140.4
T0002224,M01102,2023-01-01,F03,Membership,340,217.6,122.4
T0002225,M01103,2022-08-27,F02,Membership,405,238.95,166.05
T0002226,M01103,2023-01-01,F02,Membership,430,253.7,176.3
T0002227,M01103,2024-01-01,F02,Membership,480,283.2,196.8
T0002228,M01103,2025-01-01,F02,Membership,480,283.2,196.8
T0002229,M01104,2024-04-07,F02,Membership,275,189.75,85.25
T0002230,M01105,2022-10-09,F02,Membership,540,302.4,237.6
T0002231,M01106,2024-07-25,F01,Membership,480,283.2,196.8
T0002232,M01106,2025-01-01,F01,Membership,430,253.7,176.3
T0002233,M01107,2024-09-14,F04,Membership,540,302.4,237.6
T0002234,M01107,2025-01-01,F04,Membership,465,260.4,204.6
T0002235,M01108,2025-08-27,F01,Membership,390,249.6,140.4
T0002236,M01109,2024-02-05,F04,Membership,765,466.65,298.35
T0002237,M01109,2025-01-01,F04,Membership,840,512.4,327.6
T0002238,M01110,2024-04-11,F04,Membership,405,238.95,166.05
T0002239,M01110,2025-01-01,F04,Membership,480,283.2,196.8
T0002240,M01111,2023-08-13,F01,Membership,300,207,93
T0002241,M01111,2024-01-01,F01,Membership,300,207,93
T0002242,M01112,2022-05-30,F02,Membership,390,249.6,140.4
T0002243,M01112,2023-01-01,F02,Membership,390,249.6,140.4
T0002244,M01113,2024-06-15,F04,Membership,540,302.4,237.6
T0002245,M01113,2025-01-01,F04,Membership,515,288.4,226.6
T0002246,M01114,2024-10-04,F04,Membership,515,288.4,226.6
T0002247,M01115,2025-07-04,F02,Membership,840,512.4,327.6
T0002248,M01116,2024-10-26,F04,Membership,840,512.4,327.6
T0002249,M01117,2024-11-14,F04,Membership,300,207,93
T0002250,M01117,2025-01-01,F04,Membership,300,207,93
T0002251,M01118,2022-11-21,F03,Membership,840,512.4,327.6
T0002252,M01119,2025-08-03,F01,Membership,480,283.2,196.8
T0002253,M01120,2024-11-15,F01,Membership,840,512.4,327.6
T0002254,M01120,2025-01-01,F01,Membership,840,512.4,327.6
T0002255,M01121,2025-03-04,F04,Membership,405,238.95,166.05
T0002256,M01122,2025-10-04,F02,Membership,430,253.7,176.3
T0002257,M01123,2022-10-06,F01,Membership,465,260.4,204.6
T0002258,M01124,2024-03-15,F04,Membership,540,302.4,237.6
T0002259,M01125,2025-06-28,F02,Membership,540,302.4,237.6
T0002260,M01126,2022-10-04,F02,Membership,340,217.6,122.4
T0002261,M01127,2025-05-08,F03,Membership,840,512.4,327.6
T0002262,M01128,2025-06-11,F01,Membership,365,233.6,131.4
T0002263,M01129,2022-05-28,F01,Membership,540,302.4,237.6
T0002264,M01129,2023-01-01,F01,Membership,540,302.4,237.6
T0002265,M01130,2024-02-21,F02,Membership,540,302.4,237.6
T0002266,M01130,2025-01-01,F02,Membership,540,302.4,237.6
T0002267,M01131,2023-02-04,F01,Membership,480,283.2,196.8
T0002268,M01131,2024-01-01,F01,Membership,480,283.2,196.8
T0002269,M01131,2025-01-01,F01,Membership,480,283.2,196.8
T0002270,M01132,2023-09-26,F04,Membership,540,302.4,237.6
T0002271,M01133,2024-05-13,F02,Membership,480,283.2,196.8
T0002272,M01133,2025-01-01,F02,Membership,430,253.7,176.3
T0002273,M01134,2024-02-20,F01,Membership,515,288.4,226.6
T0002274,M01134,2025-01-01,F01,Membership,540,302.4,237.6
T0002275,M01135,2024-07-09,F01,Membership,490,274.4,215.6
T0002276,M01136,2023-08-30,F02,Membership,365,233.6,131.4
T0002277,M01137,2025-04-01,F02,Membership,840,512.4,327.6
T0002278,M01138,2024-10-26,F03,Membership,790,481.9,308.1
T0002279,M01138,2025-01-01,F03,Membership,840,512.4,327.6
T0002280,M01139,2023-03-13,F03,Membership,405,238.95,166.05
T0002281,M01139,2024-01-01,F03,Membership,480,283.2,196.8
T0002282,M01140,2022-06-04,F01,Membership,540,302.4,237.6
T0002283,M01140,2023-01-01,F01,Membership,490,274.4,215.6
T0002284,M01140,2024-01-01,F01,Membership,540,302.4,237.6
T0002285,M01140,2025-01-01,F01,Membership,540,302.4,237.6
T0002286,M01141,2023-08-24,F01,Membership,840,512.4,327.6
T0002287,M01141,2024-01-01,F01,Membership,840,512.4,327.6
T0002288,M01141,2025-01-01,F01,Membership,790,481.9,308.1
T0002289,M01142,2023-03-25,F03,Membership,515,288.4,226.6
T0002290,M01142,2024-01-01,F03,Membership,540,302.4,237.6
T0002291,M01142,2025-01-01,F03,Membership,540,302.4,237.6
T0002292,M01143,2022-06-30,F03,Membership,300,207,93
T0002293,M01143,2023-01-01,F03,Membership,275,189.75,85.25
T0002294,M01144,2024-07-03,F04,Membership,365,233.6,131.4
T0002295,M01144,2025-01-01,F04,Membership,390,249.6,140.4
T0002296,M01145,2022-03-03,F03,Membership,540,302.4,237.6
T0002297,M01145,2023-01-01,F03,Membership,540,302.4,237.6
T0002298,M01145,2024-01-01,F03,Membership,540,302.4,237.6
T0002299,M01145,2025-01-01,F03,Membership,540,302.4,237.6
T0002300,M01146,2022-02-19,F04,Membership,340,217.6,122.4
T0002301,M01146,2023-01-01,F04,Membership,390,249.6,140.4
T0002302,M01146,2024-01-01,F04,Membership,315,201.6,113.4
T0002303,M01146,2025-01-01,F04,Membership,340,217.6,122.4
T0002304,M01147,2022-03-15,F01,Membership,315,201.6,113.4
T0002305,M01147,2023-01-01,F01,Membership,390,249.6,140.4
T0002306,M01147,2024-01-01,F01,Membership,390,249.6,140.4
T0002307,M01147,2025-01-01,F01,Membership,390,249.6,140.4
T0002308,M01148,2025-01-06,F02,Membership,790,481.9,308.1
T0002309,M01149,2023-08-09,F01,Membership,465,260.4,204.6
T0002310,M01149,2024-01-01,F01,Membership,540,302.4,237.6
T0002311,M01149,2025-01-01,F01,Membership,540,302.4,237.6
T0002312,M01150,2025-07-17,F03,Membership,490,274.4,215.6
T0002313,M01151,2022-07-26,F01,Membership,430,253.7,176.3
T0002314,M01152,2023-04-02,F01,Membership,840,512.4,327.6
T0002315,M01152,2024-01-01,F01,Membership,840,512.4,327.6
T0002316,M01153,2025-03-15,F04,Membership,490,274.4,215.6
T0002317,M01154,2024-05-27,F04,Membership,540,302.4,237.6
T0002318,M01154,2025-01-01,F04,Membership,540,302.4,237.6
T0002319,M01155,2024-07-14,F01,Membership,300,207,93
T0002320,M01155,2025-01-01,F01,Membership,275,189.75,85.25
T0002321,M01156,2024-09-19,F01,Membership,480,283.2,196.8
T0002322,M01157,2024-09-29,F04,Membership,490,274.4,215.6
T0002323,M01157,2025-01-01,F04,Membership,540,302.4,237.6
T0002324,M01158,2025-05-16,F02,Membership,515,288.4,226.6
T0002325,M01159,2022-01-28,F01,Membership,490,274.4,215.6
T0002326,M01159,2023-01-01,F01,Membership,515,288.4,226.6
T0002327,M01159,2024-01-01,F01,Membership,540,302.4,237.6
T0002328,M01159,2025-01-01,F01,Membership,515,288.4,226.6
T0002329,M01160,2024-09-13,F03,Membership,390,249.6,140.4
T0002330,M01160,2025-01-01,F03,Membership,390,249.6,140.4
T0002331,M01161,2024-03-31,F03,Membership,790,481.9,308.1
T0002332,M01161,2025-01-01,F03,Membership,840,512.4,327.6
T0002333,M01162,2025-04-07,F02,Membership,540,302.4,237.6
T0002334,M01163,2023-08-27,F01,Membership,480,283.2,196.8
T0002335,M01164,2023-05-29,F01,Membership,390,249.6,140.4
T0002336,M01165,2023-08-22,F01,Membership,390,249.6,140.4
T0002337,M01165,2024-01-01,F01,Membership,390,249.6,140.4
T0002338,M01165,2025-01-01,F01,Membership,340,217.6,122.4
T0002339,M01166,2025-10-13,F02,Membership,540,302.4,237.6
T0002340,M01167,2023-06-07,F01,Membership,815,497.15,317.85
T0002341,M01167,2024-01-01,F01,Membership,815,497.15,317.85
T0002342,M01167,2025-01-01,F01,Membership,840,512.4,327.6
T0002343,M01168,2022-10-28,F02,Membership,840,512.4,327.6
T0002344,M01168,2023-01-01,F02,Membership,840,512.4,327.6
T0002345,M01169,2023-04-09,F04,Membership,540,302.4,237.6
T0002346,M01169,2024-01-01,F04,Membership,540,302.4,237.6
T0002347,M01169,2025-01-01,F04,Membership,540,302.4,237.6
T0002348,M01170,2025-11-16,F01,Membership,490,274.4,215.6
T0002349,M01171,2023-03-28,F04,Membership,540,302.4,237.6
T0002350,M01171,2024-01-01,F04,Membership,540,302.4,237.6
T0002351,M01172,2025-09-01,F02,Membership,480,283.2,196.8
T0002352,M01173,2025-03-27,F01,Membership,790,481.9,308.1
T0002353,M01174,2024-09-24,F01,Membership,540,302.4,237.6
T0002354,M01174,2025-01-01,F01,Membership,465,260.4,204.6
T0002355,M01175,2025-02-14,F01,Membership,490,274.4,215.6
T0002356,M01176,2025-07-15,F01,Membership,540,302.4,237.6
T0002357,M01177,2022-09-19,F02,Membership,405,238.95,166.05
T0002358,M01177,2023-01-01,F02,Membership,480,283.2,196.8
T0002359,M01177,2024-01-01,F02,Membership,455,268.45,186.55
T0002360,M01178,2024-05-02,F04,Membership,465,260.4,204.6
T0002361,M01178,2025-01-01,F04,Membership,540,302.4,237.6
T0002362,M01179,2022-02-15,F02,Membership,515,288.4,226.6
T0002363,M01179,2023-01-01,F02,Membership,540,302.4,237.6
T0002364,M01180,2024-02-25,F03,Membership,480,283.2,196.8
T0002365,M01180,2025-01-01,F03,Membership,480,283.2,196.8
T0002366,M01181,2023-05-05,F03,Membership,490,274.4,215.6
T0002367,M01181,2024-01-01,F03,Membership,540,302.4,237.6
T0002368,M01181,2025-01-01,F03,Membership,540,302.4,237.6
T0002369,M01182,2022-01-29,F04,Membership,840,512.4,327.6
T0002370,M01182,2023-01-01,F04,Membership,840,512.4,327.6
T0002371,M01183,2025-01-13,F04,Membership,840,512.4,327.6
T0002372,M01184,2023-09-28,F04,Membership,540,302.4,237.6
T0002373,M01185,2025-10-12,F04,Membership,390,249.6,140.4
T0002374,M01186,2022-06-03,F03,Membership,765,466.65,298.35
T0002375,M01186,2023-01-01,F03,Membership,840,512.4,327.6
T0002376,M01186,2024-01-01,F03,Membership,790,481.9,308.1
T0002377,M01186,2025-01-01,F03,Membership,840,512.4,327.6
T0002378,M01187,2023-01-06,F02,Membership,840,512.4,327.6
T0002379,M01187,2024-01-01,F02,Membership,840,512.4,327.6
T0002380,M01187,2025-01-01,F02,Membership,840,512.4,327.6
T0002381,M01188,2023-11-20,F01,Membership,840,512.4,327.6
T0002382,M01188,2024-01-01,F01,Membership,840,512.4,327.6
T0002383,M01188,2025-01-01,F01,Membership,815,497.15,317.85
T0002384,M01189,2022-11-16,F04,Membership,540,302.4,237.6
T0002385,M01189,2023-01-01,F04,Membership,490,274.4,215.6
T0002386,M01189,2024-01-01,F04,Membership,515,288.4,226.6
T0002387,M01189,2025-01-01,F04,Membership,540,302.4,237.6
T0002388,M01190,2024-08-27,F02,Membership,340,217.6,122.4
T0002389,M01190,2025-01-01,F02,Membership,390,249.6,140.4
T0002390,M01191,2023-04-18,F02,Membership,455,268.45,186.55
T0002391,M01191,2024-01-01,F02,Membership,430,253.7,176.3
T0002392,M01191,2025-01-01,F02,Membership,430,253.7,176.3
T0002393,M01192,2025-03-13,F02,Membership,390,249.6,140.4
T0002394,M01193,2023-06-10,F02,Membership,480,283.2,196.8
T0002395,M01194,2024-01-14,F01,Membership,480,283.2,196.8
T0002396,M01194,2025-01-01,F01,Membership,480,283.2,196.8
T0002397,M01195,2024-05-01,F02,Membership,430,253.7,176.3
T0002398,M01195,2025-01-01,F02,Membership,455,268.45,186.55
T0002399,M01196,2024-01-14,F02,Membership,840,512.4,327.6
T0002400,M01196,2025-01-01,F02,Membership,765,466.65,298.35
T0002401,M01197,2023-10-31,F01,Membership,540,302.4,237.6
T0002402,M01198,2025-04-01,F02,Membership,480,283.2,196.8
T0002403,M01199,2024-09-29,F03,Membership,840,512.4,327.6
T0002404,M01199,2025-01-01,F03,Membership,840,512.4,327.6
T0002405,M01200,2023-06-14,F01,Membership,840,512.4,327.6
T0002406,M01200,2024-01-01,F01,Membership,840,512.4,327.6
T0002407,M01200,2025-01-01,F01,Membership,840,512.4,327.6
T0002408,M01201,2023-03-26,F04,Membership,790,481.9,308.1
T0002409,M01201,2024-01-01,F04,Membership,840,512.4,327.6
T0002410,M01201,2025-01-01,F04,Membership,790,481.9,308.1
T0002411,M01202,2023-10-24,F01,Membership,540,302.4,237.6
T0002412,M01202,2024-01-01,F01,Membership,540,302.4,237.6
T0002413,M01203,2023-08-05,F02,Membership,540,302.4,237.6
T0002414,M01203,2024-01-01,F02,Membership,540,302.4,237.6
T0002415,M01203,2025-01-01,F02,Membership,465,260.4,204.6
T0002416,M01204,2025-10-03,F03,Membership,540,302.4,237.6
T0002417,M01205,2023-07-24,F02,Membership,365,233.6,131.4
T0002418,M01205,2024-01-01,F02,Membership,365,233.6,131.4
T0002419,M01206,2024-08-30,F02,Membership,390,249.6,140.4
T0002420,M01207,2022-11-10,F03,Membership,490,274.4,215.6
T0002421,M01207,2023-01-01,F03,Membership,515,288.4,226.6
T0002422,M01207,2024-01-01,F03,Membership,540,302.4,237.6
T0002423,M01208,2024-03-20,F01,Membership,480,283.2,196.8
T0002424,M01208,2025-01-01,F01,Membership,480,283.2,196.8
T0002425,M01209,2023-07-10,F04,Membership,300,207,93
T0002426,M01210,2022-11-19,F01,Membership,840,512.4,327.6
T0002427,M01211,2022-10-31,F04,Membership,390,249.6,140.4
T0002428,M01212,2023-05-08,F04,Membership,430,253.7,176.3
T0002429,M01212,2024-01-01,F04,Membership,480,283.2,196.8
T0002430,M01213,2025-10-23,F02,Membership,480,283.2,196.8
T0002431,M01214,2024-08-20,F03,Membership,300,207,93
T0002432,M01214,2025-01-01,F03,Membership,300,207,93
T0002433,M01215,2023-03-30,F01,Membership,490,274.4,215.6
T0002434,M01215,2024-01-01,F01,Membership,490,274.4,215.6
T0002435,M01215,2025-01-01,F01,Membership,465,260.4,204.6
T0002436,M01216,2024-10-08,F01,Membership,540,302.4,237.6
T0002437,M01217,2023-06-04,F01,Membership,840,512.4,327.6
T0002438,M01217,2024-01-01,F01,Membership,840,512.4,327.6
T0002439,M01217,2025-01-01,F01,Membership,840,512.4,327.6
T0002440,M01218,2024-03-23,F01,Membership,540,302.4,237.6
T0002441,M01219,2024-02-27,F03,Membership,515,288.4,226.6
T0002442,M01219,2025-01-01,F03,Membership,540,302.4,237.6
T0002443,M01220,2025-04-19,F01,Membership,840,512.4,327.6
T0002444,M01221,2023-01-14,F01,Membership,815,497.15,317.85
T0002445,M01221,2024-01-01,F01,Membership,840,512.4,327.6
T0002446,M01221,2025-01-01,F01,Membership,840,512.4,327.6
T0002447,M01222,2022-06-26,F04,Membership,540,302.4,237.6
T0002448,M01222,2023-01-01,F04,Membership,540,302.4,237.6
T0002449,M01222,2024-01-01,F04,Membership,465,260.4,204.6
T0002450,M01223,2023-06-20,F02,Membership,405,238.95,166.05
T0002451,M01223,2024-01-01,F02,Membership,480,283.2,196.8
T0002452,M01223,2025-01-01,F02,Membership,480,283.2,196.8
T0002453,M01224,2024-11-19,F01,Membership,480,283.2,196.8
T0002454,M01224,2025-01-01,F01,Membership,480,283.2,196.8
T0002455,M01225,2023-09-11,F04,Membership,390,249.6,140.4
T0002456,M01225,2024-01-01,F04,Membership,315,201.6,113.4
T0002457,M01226,2025-05-25,F02,Membership,540,302.4,237.6
T0002458,M01227,2022-03-29,F01,Membership,790,481.9,308.1
T0002459,M01227,2023-01-01,F01,Membership,840,512.4,327.6
T0002460,M01228,2023-11-18,F03,Membership,840,512.4,327.6
T0002461,M01229,2025-06-05,F01,Membership,840,512.4,327.6
T0002462,M01230,2022-08-08,F04,Membership,840,512.4,327.6
T0002463,M01230,2023-01-01,F04,Membership,840,512.4,327.6
T0002464,M01230,2024-01-01,F04,Membership,815,497.15,317.85
T0002465,M01231,2024-07-09,F04,Membership,540,302.4,237.6
T0002466,M01231,2025-01-01,F04,Membership,540,302.4,237.6
T0002467,M01232,2023-03-10,F02,Membership,390,249.6,140.4
T0002468,M01232,2024-01-01,F02,Membership,390,249.6,140.4
T0002469,M01232,2025-01-01,F02,Membership,365,233.6,131.4
T0002470,M01233,2023-07-26,F01,Membership,540,302.4,237.6
T0002471,M01233,2024-01-01,F01,Membership,465,260.4,204.6
T0002472,M01233,2025-01-01,F01,Membership,540,302.4,237.6
T0002473,M01234,2025-01-10,F02,Membership,840,512.4,327.6
T0002474,M01235,2023-10-20,F02,Membership,390,249.6,140.4
T0002475,M01235,2024-01-01,F02,Membership,390,249.6,140.4
T0002476,M01235,2025-01-01,F02,Membership,365,233.6,131.4
T0002477,M01236,2024-02-29,F04,Membership,815,497.15,317.85
T0002478,M01236,2025-01-01,F04,Membership,840,512.4,327.6
T0002479,M01237,2024-05-29,F03,Membership,390,249.6,140.4
T0002480,M01237,2025-01-01,F03,Membership,340,217.6,122.4
T0002481,M01238,2025-02-21,F03,Membership,300,207,93
T0002482,M01239,2024-06-01,F01,Membership,840,512.4,327.6
T0002483,M01239,2025-01-01,F01,Membership,840,512.4,327.6
T0002484,M01240,2023-03-26,F03,Membership,480,283.2,196.8
T0002485,M01241,2022-04-05,F01,Membership,390,249.6,140.4
T0002486,M01241,2023-01-01,F01,Membership,390,249.6,140.4
T0002487,M01241,2024-01-01,F01,Membership,390,249.6,140.4
T0002488,M01241,2025-01-01,F01,Membership,365,233.6,131.4
T0002489,M01242,2024-06-24,F01,Membership,480,283.2,196.8
T0002490,M01242,2025-01-01,F01,Membership,480,283.2,196.8
T0002491,M01243,2025-01-16,F03,Membership,540,302.4,237.6
T0002492,M01244,2022-03-24,F02,Membership,540,302.4,237.6
T0002493,M01244,2023-01-01,F02,Membership,540,302.4,237.6
T0002494,M01245,2023-08-29,F02,Membership,455,268.45,186.55
T0002495,M01245,2024-01-01,F02,Membership,480,283.2,196.8
T0002496,M01245,2025-01-01,F02,Membership,480,283.2,196.8
T0002497,M01246,2025-10-11,F02,Membership,840,512.4,327.6
T0002498,M01247,2024-04-10,F01,Membership,490,274.4,215.6
T0002499,M01248,2022-02-21,F03,Membership,840,512.4,327.6
T0002500,M01248,2023-01-01,F03,Membership,765,466.65,298.35
T0002501,M01248,2024-01-01,F03,Membership,840,512.4,327.6
T0002502,M01248,2025-01-01,F03,Membership,840,512.4,327.6
T0002503,M01249,2024-11-15,F01,Membership,250,172.5,77.5
T0002504,M01249,2025-01-01,F01,Membership,300,207,93
T0002505,M01250,2025-03-11,F02,Membership,840,512.4,327.6
T0002506,M01251,2023-02-05,F04,Membership,540,302.4,237.6
T0002507,M01251,2024-01-01,F04,Membership,540,302.4,237.6
T0002508,M01252,2024-07-29,F02,Membership,480,283.2,196.8
T0002509,M01252,2025-01-01,F02,Membership,455,268.45,186.55
T0002510,M01253,2024-03-02,F02,Membership,480,283.2,196.8
T0002511,M01253,2025-01-01,F02,Membership,480,283.2,196.8
T0002512,M01254,2023-02-22,F03,Membership,790,481.9,308.1
T0002513,M01255,2025-02-04,F04,Membership,540,302.4,237.6
T0002514,M01256,2023-01-10,F01,Membership,540,302.4,237.6
T0002515,M01257,2023-08-14,F03,Membership,840,512.4,327.6
T0002516,M01257,2024-01-01,F03,Membership,840,512.4,327.6
T0002517,M01257,2025-01-01,F03,Membership,840,512.4,327.6
T0002518,M01258,2025-10-13,F03,Membership,540,302.4,237.6
T0002519,M01259,2023-02-15,F04,Membership,515,288.4,226.6
T0002520,M01260,2022-09-19,F04,Membership,815,497.15,317.85
T0002521,M01261,2023-02-23,F02,Membership,765,466.65,298.35
T0002522,M01262,2023-09-18,F02,Membership,480,283.2,196.8
T0002523,M01263,2022-04-30,F03,Membership,540,302.4,237.6
T0002524,M01263,2023-01-01,F03,Membership,515,288.4,226.6
T0002525,M01263,2024-01-01,F03,Membership,465,260.4,204.6
T0002526,M01263,2025-01-01,F03,Membership,540,302.4,237.6
T0002527,M01264,2022-10-10,F01,Membership,300,207,93
T0002528,M01264,2023-01-01,F01,Membership,300,207,93
T0002529,M01264,2024-01-01,F01,Membership,275,189.75,85.25
T0002530,M01264,2025-01-01,F01,Membership,275,189.75,85.25
T0002531,M01265,2023-08-17,F01,Membership,790,481.9,308.1
T0002532,M01265,2024-01-01,F01,Membership,840,512.4,327.6
T0002533,M01265,2025-01-01,F01,Membership,840,512.4,327.6
T0002534,M01266,2025-04-04,F01,Membership,540,302.4,237.6
T0002535,M01267,2022-05-24,F01,Membership,815,497.15,317.85
T0002536,M01267,2023-01-01,F01,Membership,840,512.4,327.6
T0002537,M01267,2024-01-01,F01,Membership,840,512.4,327.6
T0002538,M01268,2024-05-17,F01,Membership,390,249.6,140.4
T0002539,M01268,2025-01-01,F01,Membership,390,249.6,140.4
T0002540,M01269,2023-03-06,F03,Membership,540,302.4,237.6
T0002541,M01269,2024-01-01,F03,Membership,540,302.4,237.6
T0002542,M01269,2025-01-01,F03,Membership,540,302.4,237.6
T0002543,M01270,2024-07-16,F04,Membership,480,283.2,196.8
T0002544,M01271,2022-11-04,F01,Membership,515,288.4,226.6
T0002545,M01271,2023-01-01,F01,Membership,465,260.4,204.6
T0002546,M01272,2024-03-13,F02,Membership,390,249.6,140.4
T0002547,M01273,2024-07-22,F03,Membership,515,288.4,226.6
T0002548,M01273,2025-01-01,F03,Membership,540,302.4,237.6
T0002549,M01274,2022-01-10,F01,Membership,815,497.15,317.85
T0002550,M01275,2024-04-17,F02,Membership,840,512.4,327.6
T0002551,M01275,2025-01-01,F02,Membership,840,512.4,327.6
T0002552,M01276,2025-08-14,F04,Membership,300,207,93
T0002553,M01277,2024-09-15,F01,Membership,490,274.4,215.6
T0002554,M01277,2025-01-01,F01,Membership,515,288.4,226.6
T0002555,M01278,2024-05-11,F03,Membership,490,274.4,215.6
T0002556,M01278,2025-01-01,F03,Membership,540,302.4,237.6
T0002557,M01279,2023-03-12,F01,Membership,250,172.5,77.5
T0002558,M01279,2024-01-01,F01,Membership,300,207,93
T0002559,M01279,2025-01-01,F01,Membership,300,207,93
T0002560,M01280,2023-08-22,F03,Membership,540,302.4,237.6
T0002561,M01281,2025-01-14,F02,Membership,840,512.4,327.6
T0002562,M01282,2025-02-01,F02,Membership,540,302.4,237.6
T0002563,M01283,2024-10-10,F02,Membership,540,302.4,237.6
T0002564,M01283,2025-01-01,F02,Membership,540,302.4,237.6
T0002565,M01284,2023-10-13,F01,Membership,300,207,93
T0002566,M01284,2024-01-01,F01,Membership,300,207,93
T0002567,M01284,2025-01-01,F01,Membership,300,207,93
T0002568,M01285,2022-01-29,F04,Membership,540,302.4,237.6
T0002569,M01285,2023-01-01,F04,Membership,540,302.4,237.6
T0002570,M01286,2024-01-11,F02,Membership,540,302.4,237.6
T0002571,M01286,2025-01-01,F02,Membership,540,302.4,237.6
T0002572,M01287,2023-06-30,F04,Membership,315,201.6,113.4
T0002573,M01288,2023-02-12,F02,Membership,540,302.4,237.6
T0002574,M01288,2024-01-01,F02,Membership,540,302.4,237.6
T0002575,M01289,2024-11-13,F01,Membership,540,302.4,237.6
T0002576,M01289,2025-01-01,F01,Membership,465,260.4,204.6
T0002577,M01290,2023-08-21,F02,Membership,840,512.4,327.6
T0002578,M01290,2024-01-01,F02,Membership,815,497.15,317.85
T0002579,M01290,2025-01-01,F02,Membership,790,481.9,308.1
T0002580,M01291,2022-08-15,F02,Membership,480,283.2,196.8
T0002581,M01291,2023-01-01,F02,Membership,480,283.2,196.8
T0002582,M01291,2024-01-01,F02,Membership,480,283.2,196.8
T0002583,M01291,2025-01-01,F02,Membership,455,268.45,186.55
T0002584,M01292,2023-07-05,F03,Membership,815,497.15,317.85
T0002585,M01292,2024-01-01,F03,Membership,790,481.9,308.1
T0002586,M01292,2025-01-01,F03,Membership,840,512.4,327.6
T0002587,M01293,2022-02-06,F04,Membership,390,249.6,140.4
T0002588,M01293,2023-01-01,F04,Membership,390,249.6,140.4
T0002589,M01293,2024-01-01,F04,Membership,390,249.6,140.4
T0002590,M01293,2025-01-01,F04,Membership,390,249.6,140.4
T0002591,M01294,2023-05-06,F03,Membership,515,288.4,226.6
T0002592,M01294,2024-01-01,F03,Membership,540,302.4,237.6
T0002593,M01294,2025-01-01,F03,Membership,465,260.4,204.6
T0002594,M01295,2025-09-05,F02,Membership,515,288.4,226.6
T0002595,M01296,2024-10-19,F04,Membership,390,249.6,140.4
T0002596,M01296,2025-01-01,F04,Membership,390,249.6,140.4
T0002597,M01297,2022-03-25,F04,Membership,790,481.9,308.1
T0002598,M01298,2025-01-17,F02,Membership,430,253.7,176.3
T0002599,M01299,2022-04-04,F02,Membership,490,274.4,215.6
T0002600,M01299,2023-01-01,F02,Membership,540,302.4,237.6
T0002601,M01299,2024-01-01,F02,Membership,465,260.4,204.6
T0002602,M01299,2025-01-01,F02,Membership,540,302.4,237.6
T0002603,M01300,2024-04-29,F04,Membership,540,302.4,237.6
T0002604,M01301,2025-08-01,F01,Membership,455,268.45,186.55
T0002605,M01302,2024-09-08,F01,Membership,840,512.4,327.6
T0002606,M01302,2025-01-01,F01,Membership,840,512.4,327.6
T0002607,M01303,2022-04-18,F01,Membership,390,249.6,140.4
T0002608,M01304,2024-07-10,F03,Membership,790,481.9,308.1
T0002609,M01305,2023-06-16,F03,Membership,275,189.75,85.25
T0002610,M01305,2024-01-01,F03,Membership,300,207,93
T0002611,M01305,2025-01-01,F03,Membership,300,207,93
T0002612,M01306,2024-01-17,F02,Membership,540,302.4,237.6
T0002613,M01306,2025-01-01,F02,Membership,540,302.4,237.6
T0002614,M01307,2022-06-27,F02,Membership,480,283.2,196.8
T0002615,M01308,2024-07-10,F01,Membership,815,497.15,317.85
T0002616,M01308,2025-01-01,F01,Membership,840,512.4,327.6
T0002617,M01309,2023-02-12,F04,Membership,300,207,93
T0002618,M01309,2024-01-01,F04,Membership,250,172.5,77.5
T0002619,M01309,2025-01-01,F04,Membership,250,172.5,77.5
T0002620,M01310,2022-07-01,F04,Membership,480,283.2,196.8
T0002621,M01310,2023-01-01,F04,Membership,480,283.2,196.8
T0002622,M01310,2024-01-01,F04,Membership,480,283.2,196.8
T0002623,M01310,2025-01-01,F04,Membership,480,283.2,196.8
T0002624,M01311,2022-01-26,F01,Membership,490,274.4,215.6
T0002625,M01311,2023-01-01,F01,Membership,540,302.4,237.6
T0002626,M01312,2025-06-07,F04,Membership,490,274.4,215.6
T0002627,M01313,2023-07-25,F02,Membership,430,253.7,176.3
T0002628,M01313,2024-01-01,F02,Membership,455,268.45,186.55
T0002629,M01313,2025-01-01,F02,Membership,480,283.2,196.8
T0002630,M01314,2022-06-16,F01,Membership,465,260.4,204.6
T0002631,M01314,2023-01-01,F01,Membership,490,274.4,215.6
T0002632,M01314,2024-01-01,F01,Membership,540,302.4,237.6
T0002633,M01314,2025-01-01,F01,Membership,540,302.4,237.6
T0002634,M01315,2022-10-10,F01,Membership,465,260.4,204.6
T0002635,M01315,2023-01-01,F01,Membership,540,302.4,237.6
T0002636,M01315,2024-01-01,F01,Membership,490,274.4,215.6
T0002637,M01316,2023-01-23,F01,Membership,540,302.4,237.6
T0002638,M01316,2024-01-01,F01,Membership,540,302.4,237.6
T0002639,M01316,2025-01-01,F01,Membership,540,302.4,237.6
T0002640,M01317,2024-04-24,F01,Membership,540,302.4,237.6
T0002641,M01317,2025-01-01,F01,Membership,540,302.4,237.6
T0002642,M01318,2023-06-28,F04,Membership,390,249.6,140.4
T0002643,M01318,2024-01-01,F04,Membership,390,249.6,140.4
T0002644,M01318,2025-01-01,F04,Membership,315,201.6,113.4
T0002645,M01319,2022-11-24,F04,Membership,765,466.65,298.35
T0002646,M01319,2023-01-01,F04,Membership,790,481.9,308.1
T0002647,M01320,2024-09-29,F01,Membership,540,302.4,237.6
T0002648,M01320,2025-01-01,F01,Membership,540,302.4,237.6
T0002649,M01321,2023-10-29,F03,Membership,765,466.65,298.35
T0002650,M01322,2025-04-01,F01,Membership,515,288.4,226.6
T0002651,M01323,2022-07-19,F01,Membership,540,302.4,237.6
T0002652,M01323,2023-01-01,F01,Membership,465,260.4,204.6
T0002653,M01323,2024-01-01,F01,Membership,490,274.4,215.6
T0002654,M01323,2025-01-01,F01,Membership,540,302.4,237.6
T0002655,M01324,2024-11-08,F02,Membership,790,481.9,308.1
T0002656,M01325,2022-07-14,F03,Membership,480,283.2,196.8
T0002657,M01326,2022-02-28,F01,Membership,790,481.9,308.1
T0002658,M01326,2023-01-01,F01,Membership,840,512.4,327.6
T0002659,M01327,2022-10-06,F01,Membership,515,288.4,226.6
T0002660,M01328,2025-07-26,F04,Membership,765,466.65,298.35
T0002661,M01329,2023-01-30,F01,Membership,815,497.15,317.85
T0002662,M01329,2024-01-01,F01,Membership,840,512.4,327.6
T0002663,M01329,2025-01-01,F01,Membership,840,512.4,327.6
T0002664,M01330,2024-08-06,F04,Membership,250,172.5,77.5
T0002665,M01331,2023-02-12,F04,Membership,540,302.4,237.6
T0002666,M01331,2024-01-01,F04,Membership,540,302.4,237.6
T0002667,M01331,2025-01-01,F04,Membership,490,274.4,215.6
T0002668,M01332,2023-05-13,F04,Membership,540,302.4,237.6
T0002669,M01332,2024-01-01,F04,Membership,540,302.4,237.6
T0002670,M01332,2025-01-01,F04,Membership,465,260.4,204.6
T0002671,M01333,2022-02-07,F02,Membership,275,189.75,85.25
T0002672,M01334,2024-09-16,F01,Membership,430,253.7,176.3
T0002673,M01334,2025-01-01,F01,Membership,480,283.2,196.8
T0002674,M01335,2025-04-13,F01,Membership,540,302.4,237.6
T0002675,M01336,2023-03-30,F04,Membership,540,302.4,237.6
T0002676,M01336,2024-01-01,F04,Membership,490,274.4,215.6
T0002677,M01337,2022-05-24,F01,Membership,480,283.2,196.8
T0002678,M01337,2023-01-01,F01,Membership,480,283.2,196.8
T0002679,M01337,2024-01-01,F01,Membership,480,283.2,196.8
T0002680,M01337,2025-01-01,F01,Membership,480,283.2,196.8
T0002681,M01338,2022-02-13,F01,Membership,250,172.5,77.5
T0002682,M01339,2022-08-21,F02,Membership,300,207,93
T0002683,M01339,2023-01-01,F02,Membership,300,207,93
T0002684,M01339,2024-01-01,F02,Membership,300,207,93
T0002685,M01339,2025-01-01,F02,Membership,300,207,93
T0002686,M01340,2024-03-09,F01,Membership,515,288.4,226.6
T0002687,M01341,2022-01-05,F01,Membership,840,512.4,327.6
T0002688,M01341,2023-01-01,F01,Membership,765,466.65,298.35
T0002689,M01341,2024-01-01,F01,Membership,840,512.4,327.6
T0002690,M01341,2025-01-01,F01,Membership,840,512.4,327.6
T0002691,M01342,2025-10-15,F02,Membership,300,207,93
T0002692,M01343,2025-08-15,F04,Membership,540,302.4,237.6
T0002693,M01344,2024-08-31,F04,Membership,540,302.4,237.6
T0002694,M01344,2025-01-01,F04,Membership,540,302.4,237.6
T0002695,M01345,2022-03-25,F01,Membership,790,481.9,308.1
T0002696,M01345,2023-01-01,F01,Membership,840,512.4,327.6
T0002697,M01345,2024-01-01,F01,Membership,840,512.4,327.6
T0002698,M01345,2025-01-01,F01,Membership,840,512.4,327.6
T0002699,M01346,2024-05-08,F01,Membership,790,481.9,308.1
T0002700,M01346,2025-01-01,F01,Membership,840,512.4,327.6
T0002701,M01347,2024-01-08,F02,Membership,480,283.2,196.8
T0002702,M01348,2023-04-09,F01,Membership,540,302.4,237.6
T0002703,M01348,2024-01-01,F01,Membership,540,302.4,237.6
T0002704,M01348,2025-01-01,F01,Membership,540,302.4,237.6
T0002705,M01349,2023-03-03,F02,Membership,540,302.4,237.6
T0002706,M01349,2024-01-01,F02,Membership,540,302.4,237.6
T0002707,M01349,2025-01-01,F02,Membership,540,302.4,237.6
T0002708,M01350,2023-10-15,F04,Membership,540,302.4,237.6
T0002709,M01350,2024-01-01,F04,Membership,540,302.4,237.6
T0002710,M01351,2023-04-06,F03,Membership,840,512.4,327.6
T0002711,M01351,2024-01-01,F03,Membership,840,512.4,327.6
T0002712,M01351,2025-01-01,F03,Membership,840,512.4,327.6
T0002713,M01352,2022-04-04,F02,Membership,540,302.4,237.6
T0002714,M01352,2023-01-01,F02,Membership,540,302.4,237.6
T0002715,M01352,2024-01-01,F02,Membership,540,302.4,237.6
T0002716,M01352,2025-01-01,F02,Membership,540,302.4,237.6
T0002717,M01353,2025-10-17,F01,Membership,490,274.4,215.6
T0002718,M01354,2023-11-11,F03,Membership,480,283.2,196.8
T0002719,M01354,2024-01-01,F03,Membership,480,283.2,196.8
T0002720,M01354,2025-01-01,F03,Membership,480,283.2,196.8
T0002721,M01355,2024-01-10,F02,Membership,480,283.2,196.8
T0002722,M01355,2025-01-01,F02,Membership,480,283.2,196.8
T0002723,M01356,2023-02-04,F01,Membership,540,302.4,237.6
T0002724,M01356,2024-01-01,F01,Membership,540,302.4,237.6
T0002725,M01356,2025-01-01,F01,Membership,540,302.4,237.6
T0002726,M01357,2022-09-29,F02,Membership,430,253.7,176.3
T0002727,M01358,2025-06-23,F02,Membership,480,283.2,196.8
T0002728,M01359,2022-10-21,F01,Membership,430,253.7,176.3
T0002729,M01360,2024-03-22,F03,Membership,540,302.4,237.6
T0002730,M01360,2025-01-01,F03,Membership,540,302.4,237.6
T0002731,M01361,2023-03-26,F04,Membership,480,283.2,196.8
T0002732,M01361,2024-01-01,F04,Membership,480,283.2,196.8
T0002733,M01361,2025-01-01,F04,Membership,480,283.2,196.8
T0002734,M01362,2025-10-16,F01,Membership,540,302.4,237.6
T0002735,M01363,2022-02-19,F01,Membership,540,302.4,237.6
T0002736,M01363,2023-01-01,F01,Membership,540,302.4,237.6
T0002737,M01363,2024-01-01,F01,Membership,490,274.4,215.6
T0002738,M01363,2025-01-01,F01,Membership,540,302.4,237.6
T0002739,M01364,2023-05-26,F04,Membership,465,260.4,204.6
T0002740,M01364,2024-01-01,F04,Membership,490,274.4,215.6
T0002741,M01364,2025-01-01,F04,Membership,540,302.4,237.6
T0002742,M01365,2024-02-05,F02,Membership,840,512.4,327.6
T0002743,M01365,2025-01-01,F02,Membership,840,512.4,327.6
T0002744,M01366,2023-08-21,F01,Membership,840,512.4,327.6
T0002745,M01366,2024-01-01,F01,Membership,840,512.4,327.6
T0002746,M01366,2025-01-01,F01,Membership,815,497.15,317.85
T0002747,M01367,2023-05-25,F01,Membership,540,302.4,237.6
T0002748,M01367,2024-01-01,F01,Membership,490,274.4,215.6
T0002749,M01367,2025-01-01,F01,Membership,515,288.4,226.6
T0002750,M01368,2023-03-14,F04,Membership,480,283.2,196.8
T0002751,M01368,2024-01-01,F04,Membership,480,283.2,196.8
T0002752,M01368,2025-01-01,F04,Membership,430,253.7,176.3
T0002753,M01369,2022-09-03,F02,Membership,300,207,93
T0002754,M01370,2022-11-03,F01,Membership,840,512.4,327.6
T0002755,M01371,2024-10-29,F02,Membership,540,302.4,237.6
T0002756,M01371,2025-01-01,F02,Membership,490,274.4,215.6
T0002757,M01372,2024-02-15,F03,Membership,490,274.4,215.6
T0002758,M01373,2022-05-18,F02,Membership,840,512.4,327.6
T0002759,M01373,2023-01-01,F02,Membership,840,512.4,327.6
T0002760,M01373,2024-01-01,F02,Membership,840,512.4,327.6
T0002761,M01373,2025-01-01,F02,Membership,815,497.15,317.85
T0002762,M01374,2024-03-19,F04,Membership,300,207,93
T0002763,M01374,2025-01-01,F04,Membership,275,189.75,85.25
T0002764,M01375,2023-01-16,F04,Membership,540,302.4,237.6
T0002765,M01375,2024-01-01,F04,Membership,540,302.4,237.6
T0002766,M01375,2025-01-01,F04,Membership,515,288.4,226.6
T0002767,M01376,2022-08-24,F03,Membership,840,512.4,327.6
T0002768,M01377,2022-01-12,F02,Membership,390,249.6,140.4
T0002769,M01377,2023-01-01,F02,Membership,365,233.6,131.4
T0002770,M01377,2024-01-01,F02,Membership,390,249.6,140.4
T0002771,M01377,2025-01-01,F02,Membership,390,249.6,140.4
T0002772,M01378,2024-11-02,F03,Membership,480,283.2,196.8
T0002773,M01379,2024-10-30,F02,Membership,815,497.15,317.85
T0002774,M01379,2025-01-01,F02,Membership,840,512.4,327.6
T0002775,M01380,2024-03-09,F03,Membership,465,260.4,204.6
T0002776,M01380,2025-01-01,F03,Membership,540,302.4,237.6
T0002777,M01381,2024-08-03,F02,Membership,840,512.4,327.6
T0002778,M01381,2025-01-01,F02,Membership,840,512.4,327.6
T0002779,M01382,2025-04-06,F01,Membership,480,283.2,196.8
T0002780,M01383,2023-09-26,F03,Membership,840,512.4,327.6
T0002781,M01383,2024-01-01,F03,Membership,790,481.9,308.1
T0002782,M01383,2025-01-01,F03,Membership,840,512.4,327.6
T0002783,M01384,2024-03-09,F04,Membership,540,302.4,237.6
T0002784,M01384,2025-01-01,F04,Membership,540,302.4,237.6
T0002785,M01385,2022-11-15,F03,Membership,815,497.15,317.85
T0002786,M01385,2023-01-01,F03,Membership,765,466.65,298.35
T0002787,M01385,2024-01-01,F03,Membership,765,466.65,298.35
T0002788,M01385,2025-01-01,F03,Membership,840,512.4,327.6
T0002789,M01386,2022-04-19,F03,Membership,540,302.4,237.6
T0002790,M01386,2023-01-01,F03,Membership,465,260.4,204.6
T0002791,M01386,2024-01-01,F03,Membership,540,302.4,237.6
T0002792,M01386,2025-01-01,F03,Membership,540,302.4,237.6
T0002793,M01387,2022-01-29,F01,Membership,540,302.4,237.6
T0002794,M01388,2025-06-17,F04,Membership,840,512.4,327.6
T0002795,M01389,2022-05-08,F01,Membership,515,288.4,226.6
T0002796,M01389,2023-01-01,F01,Membership,540,302.4,237.6
T0002797,M01390,2024-05-28,F04,Membership,390,249.6,140.4
T0002798,M01391,2024-06-18,F02,Membership,840,512.4,327.6
T0002799,M01391,2025-01-01,F02,Membership,790,481.9,308.1
T0002800,M01392,2024-02-23,F03,Membership,815,497.15,317.85
T0002801,M01392,2025-01-01,F03,Membership,790,481.9,308.1
T0002802,M01393,2024-10-03,F02,Membership,315,201.6,113.4
T0002803,M01393,2025-01-01,F02,Membership,315,201.6,113.4
T0002804,M01394,2024-01-30,F01,Membership,540,302.4,237.6
T0002805,M01394,2025-01-01,F01,Membership,540,302.4,237.6
T0002806,M01395,2024-09-19,F02,Membership,515,288.4,226.6
T0002807,M01395,2025-01-01,F02,Membership,540,302.4,237.6
T0002808,M01396,2025-01-28,F04,Membership,840,512.4,327.6
T0002809,M01397,2025-04-17,F02,Membership,480,283.2,196.8
T0002810,M01398,2022-10-19,F04,Membership,490,274.4,215.6
T0002811,M01399,2022-08-31,F01,Membership,455,268.45,186.55
T0002812,M01399,2023-01-01,F01,Membership,430,253.7,176.3
T0002813,M01399,2024-01-01,F01,Membership,480,283.2,196.8
T0002814,M01400,2023-05-06,F04,Membership,315,201.6,113.4
T0002815,M01400,2024-01-01,F04,Membership,365,233.6,131.4
T0002816,M01400,2025-01-01,F04,Membership,340,217.6,122.4
T0002817,M01228,2023-08-06,F01,Program,65,29.9,35.1
T0002818,M01224,2023-08-10,F01,Program,75,34.5,40.5
T0002819,M00501,2023-08-09,F01,Program,75,34.5,40.5
T0002820,M01112,2023-08-17,F01,Program,65,29.9,35.1
T0002821,M01345,2023-08-24,F01,Program,60,27.6,32.4
T0002822,M00122,2023-08-16,F01,Program,75,34.5,40.5
T0002823,M00427,2023-08-07,F01,Program,75,34.5,40.5
T0002824,M01146,2023-08-20,F01,Program,75,34.5,40.5
T0002825,M00417,2023-08-13,F01,Program,75,34.5,40.5
T0002826,M01371,2023-08-20,F01,Program,75,34.5,40.5
T0002827,M00239,2023-08-08,F01,Program,75,34.5,40.5
T0002828,M01095,2023-08-18,F01,Program,75,34.5,40.5
T0002829,M00613,2023-08-11,F01,Program,75,34.5,40.5
T0002830,M01172,2023-08-10,F01,Program,75,34.5,40.5
T0002831,M00577,2023-08-04,F01,Program,65,29.9,35.1
T0002832,M01269,2023-08-18,F01,Program,75,34.5,40.5
T0002833,M00015,2023-08-18,F01,Program,75,34.5,40.5
T0002834,M00095,2023-08-05,F01,Program,75,34.5,40.5
T0002835,M01015,2023-08-11,F01,Program,65,29.9,35.1
T0002836,M00688,2023-08-01,F01,Program,65,29.9,35.1
T0002837,M00472,2023-08-24,F01,Program,60,27.6,32.4
T0002838,M01381,2023-08-21,F01,Program,60,27.6,32.4
T0002839,M00279,2023-08-15,F01,Program,75,34.5,40.5
T0002840,M00355,2023-01-07,F01,Program,45,20.7,24.3
T0002841,M00764,2023-01-11,F01,Program,45,20.7,24.3
T0002842,M01260,2023-01-09,F01,Program,45,20.7,24.3
T0002843,M00929,2023-01-16,F01,Program,45,20.7,24.3
T0002844,M00560,2023-01-24,F01,Program,30,13.8,16.2
T0002845,M00565,2023-01-02,F01,Program,35,16.1,18.9
T0002846,M00596,2023-01-19,F01,Program,30,13.8,16.2
T0002847,M01372,2023-01-11,F01,Program,45,20.7,24.3
T0002848,M00107,2023-01-08,F01,Program,35,16.1,18.9
T0002849,M00979,2023-01-23,F01,Program,35,16.1,18.9
T0002850,M00329,2023-01-07,F01,Program,45,20.7,24.3
T0002851,M00386,2023-01-20,F01,Program,45,20.7,24.3
T0002852,M00415,2023-01-10,F01,Program,45,20.7,24.3
T0002853,M01158,2023-01-11,F01,Program,45,20.7,24.3
T0002854,M00913,2023-01-18,F01,Program,35,16.1,18.9
T0002855,M00075,2023-01-06,F01,Program,35,16.1,18.9
T0002856,M01395,2023-01-14,F01,Program,30,13.8,16.2
T0002857,M01217,2023-01-23,F01,Program,35,16.1,18.9
T0002858,M00383,2023-01-06,F01,Program,45,20.7,24.3
T0002859,M00496,2023-01-08,F01,Program,30,13.8,16.2
T0002860,M01056,2023-01-18,F01,Program,45,20.7,24.3
T0002861,M00630,2023-01-03,F01,Program,35,16.1,18.9
T0002862,M00197,2023-01-14,F01,Program,45,20.7,24.3
T0002863,M01231,2023-01-03,F01,Program,45,20.7,24.3
T0002864,M00988,2023-01-02,F01,Program,45,20.7,24.3
T0002865,M00618,2023-01-12,F01,Program,45,20.7,24.3
T0002866,M00366,2023-01-13,F01,Program,45,20.7,24.3
T0002867,M00008,2023-01-21,F01,Program,45,20.7,24.3
T0002868,M00275,2023-01-14,F01,Program,30,13.8,16.2
T0002869,M00946,2023-01-03,F01,Program,35,16.1,18.9
T0002870,M00059,2023-03-05,F01,Program,60,27.6,32.4
T0002871,M00474,2023-03-21,F01,Program,65,29.9,35.1
T0002872,M00622,2023-03-19,F01,Program,75,34.5,40.5
T0002873,M01321,2023-03-19,F01,Program,75,34.5,40.5
T0002874,M00547,2023-03-13,F01,Program,75,34.5,40.5
T0002875,M00820,2023-03-03,F01,Program,65,29.9,35.1
T0002876,M00190,2023-03-24,F01,Program,60,27.6,32.4
T0002877,M00012,2023-03-12,F01,Program,75,34.5,40.5
T0002878,M00640,2023-03-04,F01,Program,75,34.5,40.5
T0002879,M00890,2023-03-20,F01,Program,65,29.9,35.1
T0002880,M00804,2023-03-13,F01,Program,60,27.6,32.4
T0002881,M01016,2023-03-07,F01,Program,75,34.5,40.5
T0002882,M00601,2023-03-10,F01,Program,75,34.5,40.5
T0002883,M00245,2023-03-19,F01,Program,75,34.5,40.5
T0002884,M00704,2023-03-19,F01,Program,75,34.5,40.5
T0002885,M00029,2023-03-03,F01,Program,75,34.5,40.5
T0002886,M01181,2023-03-08,F01,Program,65,29.9,35.1
T0002887,M00567,2023-03-01,F01,Program,75,34.5,40.5
T0002888,M00348,2023-03-20,F01,Program,75,34.5,40.5
T0002889,M00561,2023-03-07,F01,Program,60,27.6,32.4
T0002890,M01151,2023-03-17,F01,Program,75,34.5,40.5
T0002891,M00904,2023-03-02,F01,Program,65,29.9,35.1
T0002892,M00329,2023-03-09,F01,Program,75,34.5,40.5
T0002893,M01390,2023-03-13,F01,Program,65,29.9,35.1
T0002894,M00919,2023-03-13,F01,Program,75,34.5,40.5
T0002895,M00768,2023-03-11,F01,Program,75,34.5,40.5
T0002896,M00812,2023-03-12,F01,Program,65,29.9,35.1
T0002897,M00095,2023-03-12,F01,Program,75,34.5,40.5
T0002898,M00019,2023-03-17,F01,Program,75,34.5,40.5
T0002899,M00965,2023-03-07,F01,Program,75,34.5,40.5
T0002900,M01368,2023-03-07,F01,Program,75,34.5,40.5
T0002901,M00203,2023-06-18,F01,Program,75,34.5,40.5
T0002902,M01110,2023-06-01,F01,Program,65,29.9,35.1
T0002903,M00821,2023-06-01,F01,Program,60,27.6,32.4
T0002904,M01075,2023-06-04,F01,Program,75,34.5,40.5
T0002905,M01346,2023-06-04,F01,Program,75,34.5,40.5
T0002906,M00253,2023-06-11,F01,Program,65,29.9,35.1
T0002907,M00019,2023-06-09,F01,Program,60,27.6,32.4
T0002908,M00649,2023-06-16,F01,Program,75,34.5,40.5
T0002909,M00554,2023-06-17,F01,Program,75,34.5,40.5
T0002910,M00220,2023-06-02,F01,Program,75,34.5,40.5
T0002911,M00407,2023-06-18,F01,Program,75,34.5,40.5
T0002912,M00323,2023-06-24,F01,Program,75,34.5,40.5
T0002913,M01085,2023-06-10,F01,Program,75,34.5,40.5
T0002914,M01239,2023-06-13,F01,Program,75,34.5,40.5
T0002915,M00780,2023-06-04,F01,Program,75,34.5,40.5
T0002916,M01315,2023-06-01,F01,Program,60,27.6,32.4
T0002917,M01117,2023-06-18,F01,Program,75,34.5,40.5
T0002918,M01206,2023-06-12,F01,Program,60,27.6,32.4
T0002919,M00391,2023-06-20,F01,Program,65,29.9,35.1
T0002920,M00575,2023-06-21,F01,Program,75,34.5,40.5
T0002921,M00560,2023-06-07,F01,Program,75,34.5,40.5
T0002922,M00756,2023-06-05,F01,Program,65,29.9,35.1
T0002923,M00027,2023-06-16,F01,Program,75,34.5,40.5
T0002924,M00237,2023-01-05,F01,Program,90,41.4,48.6
T0002925,M01042,2023-01-19,F01,Program,90,41.4,48.6
T0002926,M00504,2023-01-19,F01,Program,90,41.4,48.6
T0002927,M00272,2023-01-04,F01,Program,90,41.4,48.6
T0002928,M00240,2023-01-07,F01,Program,75,34.5,40.5
T0002929,M01090,2023-01-13,F01,Program,80,36.8,43.2
T0002930,M01180,2023-01-24,F01,Program,90,41.4,48.6
T0002931,M00031,2023-01-22,F01,Program,80,36.8,43.2
T0002932,M00490,2023-01-06,F01,Program,90,41.4,48.6
T0002933,M00665,2023-01-09,F01,Program,80,36.8,43.2
T0002934,M01044,2023-01-21,F01,Program,80,36.8,43.2
T0002935,M00970,2023-01-13,F01,Program,90,41.4,48.6
T0002936,M00896,2023-01-04,F01,Program,90,41.4,48.6
T0002937,M01203,2023-01-14,F01,Program,90,41.4,48.6
T0002938,M00423,2023-01-01,F01,Program,90,41.4,48.6
T0002939,M00709,2023-01-10,F01,Program,80,36.8,43.2
T0002940,M00557,2023-01-11,F01,Program,80,36.8,43.2
T0002941,M00036,2023-01-03,F01,Program,90,41.4,48.6
T0002942,M00511,2023-01-06,F01,Program,80,36.8,43.2
T0002943,M01399,2023-01-04,F01,Program,80,36.8,43.2
T0002944,M00323,2023-01-18,F01,Program,90,41.4,48.6
T0002945,M01293,2023-01-24,F01,Program,75,34.5,40.5
T0002946,M00250,2023-01-06,F01,Program,80,36.8,43.2
T0002947,M00230,2023-01-07,F01,Program,90,41.4,48.6
T0002948,M00413,2023-01-21,F01,Program,90,41.4,48.6
T0002949,M00406,2023-08-22,F01,Program,35,16.1,18.9
T0002950,M00576,2023-08-13,F01,Program,30,13.8,16.2
T0002951,M01397,2023-08-11,F01,Program,45,20.7,24.3
T0002952,M01013,2023-08-14,F01,Program,45,20.7,24.3
T0002953,M00395,2023-08-10,F01,Program,35,16.1,18.9
T0002954,M00361,2023-08-08,F01,Program,45,20.7,24.3
T0002955,M01275,2023-08-03,F01,Program,35,16.1,18.9
T0002956,M00571,2023-08-01,F01,Program,45,20.7,24.3
T0002957,M00357,2023-08-12,F01,Program,45,20.7,24.3
T0002958,M00418,2023-08-01,F01,Program,35,16.1,18.9
T0002959,M00126,2023-08-18,F01,Program,45,20.7,24.3
T0002960,M01334,2023-08-06,F01,Program,30,13.8,16.2
T0002961,M00794,2023-08-17,F01,Program,45,20.7,24.3
T0002962,M00566,2023-08-21,F01,Program,30,13.8,16.2
T0002963,M00006,2023-08-13,F01,Program,45,20.7,24.3
T0002964,M00446,2023-03-14,F01,Program,75,34.5,40.5
T0002965,M00555,2023-03-24,F01,Program,80,36.8,43.2
T0002966,M00817,2023-03-24,F01,Program,80,36.8,43.2
T0002967,M00526,2023-03-14,F01,Program,90,41.4,48.6
T0002968,M00524,2023-03-23,F01,Program,75,34.5,40.5
T0002969,M01061,2023-03-15,F01,Program,90,41.4,48.6
T0002970,M01371,2023-03-15,F01,Program,75,34.5,40.5
T0002971,M00415,2023-03-14,F01,Program,90,41.4,48.6
T0002972,M01182,2023-03-05,F01,Program,80,36.8,43.2
T0002973,M00734,2023-03-01,F01,Program,75,34.5,40.5
T0002974,M00652,2023-03-21,F01,Program,90,41.4,48.6
T0002975,M00859,2023-03-15,F01,Program,90,41.4,48.6
T0002976,M00047,2023-03-24,F01,Program,75,34.5,40.5
T0002977,M01271,2023-03-03,F01,Program,90,41.4,48.6
T0002978,M00405,2023-03-19,F01,Program,80,36.8,43.2
T0002979,M00145,2023-03-18,F01,Program,80,36.8,43.2
T0002980,M00461,2023-03-06,F01,Program,75,34.5,40.5
T0002981,M00292,2023-03-08,F01,Program,90,41.4,48.6
T0002982,M01392,2023-03-10,F01,Program,90,41.4,48.6
T0002983,M00959,2023-03-06,F01,Program,90,41.4,48.6
T0002984,M01353,2023-03-15,F01,Program,90,41.4,48.6
T0002985,M00301,2023-03-06,F01,Program,90,41.4,48.6
T0002986,M00091,2023-03-03,F01,Program,90,41.4,48.6
T0002987,M00570,2023-03-19,F01,Program,90,41.4,48.6
T0002988,M00461,2023-06-20,F01,Program,120,55.2,64.8
T0002989,M00634,2023-06-15,F01,Program,105,48.3,56.7
T0002990,M01310,2023-06-15,F01,Program,120,55.2,64.8
T0002991,M00547,2023-06-21,F01,Program,120,55.2,64.8
T0002992,M00672,2023-06-12,F01,Program,120,55.2,64.8
T0002993,M00059,2023-06-12,F01,Program,120,55.2,64.8
T0002994,M00168,2023-06-02,F01,Program,120,55.2,64.8
T0002995,M01316,2023-06-07,F01,Program,120,55.2,64.8
T0002996,M00826,2023-06-21,F01,Program,120,55.2,64.8
T0002997,M00889,2023-06-05,F01,Program,120,55.2,64.8
T0002998,M00950,2023-06-17,F01,Program,120,55.2,64.8
T0002999,M01263,2023-06-07,F01,Program,120,55.2,64.8
T0003000,M00450,2023-04-18,F02,Program,90,41.4,48.6
T0003001,M00645,2023-04-12,F02,Program,75,34.5,40.5
T0003002,M00267,2023-04-09,F02,Program,90,41.4,48.6
T0003003,M00453,2023-04-05,F02,Program,90,41.4,48.6
T0003004,M01266,2023-04-22,F02,Program,75,34.5,40.5
T0003005,M00145,2023-04-03,F02,Program,75,34.5,40.5
T0003006,M00773,2023-04-25,F02,Program,90,41.4,48.6
T0003007,M00714,2023-04-15,F02,Program,90,41.4,48.6
T0003008,M00196,2023-04-11,F02,Program,75,34.5,40.5
T0003009,M00817,2023-04-25,F02,Program,75,34.5,40.5
T0003010,M00488,2023-04-15,F02,Program,90,41.4,48.6
T0003011,M00136,2023-04-11,F02,Program,80,36.8,43.2
T0003012,M01293,2023-04-19,F02,Program,90,41.4,48.6
T0003013,M00385,2023-04-20,F02,Program,90,41.4,48.6
T0003014,M01214,2023-04-03,F02,Program,80,36.8,43.2
T0003015,M00503,2023-04-24,F02,Program,90,41.4,48.6
T0003016,M00545,2023-04-25,F02,Program,90,41.4,48.6
T0003017,M00523,2023-04-14,F02,Program,90,41.4,48.6
T0003018,M00965,2023-04-17,F02,Program,90,41.4,48.6
T0003019,M00468,2023-04-02,F02,Program,90,41.4,48.6
T0003020,M00956,2023-04-11,F02,Program,75,34.5,40.5
T0003021,M00208,2023-04-12,F02,Program,80,36.8,43.2
T0003022,M01218,2023-04-01,F02,Program,80,36.8,43.2
T0003023,M00022,2023-04-10,F02,Program,90,41.4,48.6
T0003024,M01315,2023-04-19,F02,Program,90,41.4,48.6
T0003025,M00220,2023-04-09,F02,Program,80,36.8,43.2
T0003026,M00311,2023-04-09,F02,Program,80,36.8,43.2
T0003027,M00793,2023-04-08,F02,Program,90,41.4,48.6
T0003028,M00169,2023-04-01,F02,Program,80,36.8,43.2
T0003029,M00228,2023-04-25,F02,Program,75,34.5,40.5
T0003030,M01180,2023-04-21,F02,Program,90,41.4,48.6
T0003031,M01185,2023-04-14,F02,Program,75,34.5,40.5
T0003032,M00039,2023-04-08,F02,Program,80,36.8,43.2
T0003033,M00699,2023-04-22,F02,Program,90,41.4,48.6
T0003034,M00346,2023-04-10,F02,Program,75,34.5,40.5
T0003035,M01202,2023-04-07,F02,Program,90,41.4,48.6
T0003036,M00797,2023-04-06,F02,Program,80,36.8,43.2
T0003037,M00947,2023-04-22,F02,Program,75,34.5,40.5
T0003038,M00080,2023-04-06,F02,Program,90,41.4,48.6
T0003039,M00635,2023-04-17,F02,Program,90,41.4,48.6
T0003040,M01221,2023-04-10,F02,Program,80,36.8,43.2
T0003041,M01150,2023-04-17,F02,Program,75,34.5,40.5
T0003042,M00980,2023-04-05,F02,Program,90,41.4,48.6
T0003043,M01003,2023-04-15,F02,Program,90,41.4,48.6
T0003044,M00838,2023-04-02,F02,Program,75,34.5,40.5
T0003045,M00619,2023-04-10,F02,Program,90,41.4,48.6
T0003046,M00552,2023-04-15,F02,Program,90,41.4,48.6
T0003047,M01094,2023-04-16,F02,Program,90,41.4,48.6
T0003048,M00902,2023-04-09,F02,Program,90,41.4,48.6
T0003049,M00996,2023-04-16,F02,Program,90,41.4,48.6
T0003050,M01060,2023-04-13,F02,Program,90,41.4,48.6
T0003051,M01393,2023-04-09,F02,Program,90,41.4,48.6
T0003052,M00079,2023-04-16,F02,Program,75,34.5,40.5
T0003053,M01226,2023-04-23,F02,Program,90,41.4,48.6
T0003054,M00711,2023-09-13,F02,Program,90,41.4,48.6
T0003055,M00652,2023-09-23,F02,Program,80,36.8,43.2
T0003056,M00484,2023-09-06,F02,Program,90,41.4,48.6
T0003057,M00487,2023-09-16,F02,Program,90,41.4,48.6
T0003058,M00822,2023-09-02,F02,Program,90,41.4,48.6
T0003059,M00188,2023-09-23,F02,Program,80,36.8,43.2
T0003060,M00064,2023-09-10,F02,Program,90,41.4,48.6
T0003061,M00605,2023-09-22,F02,Program,90,41.4,48.6
T0003062,M00130,2023-09-14,F02,Program,90,41.4,48.6
T0003063,M00350,2023-09-08,F02,Program,80,36.8,43.2
T0003064,M00830,2023-09-01,F02,Program,90,41.4,48.6
T0003065,M01273,2023-09-24,F02,Program,80,36.8,43.2
T0003066,M01083,2023-09-16,F02,Program,90,41.4,48.6
T0003067,M00541,2023-09-17,F02,Program,90,41.4,48.6
T0003068,M00940,2023-09-10,F02,Program,80,36.8,43.2
T0003069,M00149,2023-09-18,F02,Program,90,41.4,48.6
T0003070,M00229,2023-09-24,F02,Program,90,41.4,48.6
T0003071,M00855,2023-09-25,F02,Program,80,36.8,43.2
T0003072,M00099,2023-09-24,F02,Program,90,41.4,48.6
T0003073,M00975,2023-09-13,F02,Program,90,41.4,48.6
T0003074,M01321,2023-09-25,F02,Program,75,34.5,40.5
T0003075,M00053,2023-09-16,F02,Program,75,34.5,40.5
T0003076,M00507,2023-09-19,F02,Program,90,41.4,48.6
T0003077,M01247,2023-09-01,F02,Program,90,41.4,48.6
T0003078,M01368,2023-04-25,F02,Program,120,55.2,64.8
T0003079,M00373,2023-04-01,F02,Program,110,50.6,59.4
T0003080,M00522,2023-04-24,F02,Program,110,50.6,59.4
T0003081,M01065,2023-04-11,F02,Program,105,48.3,56.7
T0003082,M01343,2023-04-03,F02,Program,110,50.6,59.4
T0003083,M00066,2023-04-13,F02,Program,120,55.2,64.8
T0003084,M00187,2023-04-21,F02,Program,120,55.2,64.8
T0003085,M00648,2023-04-12,F02,Program,105,48.3,56.7
T0003086,M00572,2023-04-03,F02,Program,120,55.2,64.8
T0003087,M00316,2023-04-17,F02,Program,120,55.2,64.8
T0003088,M00662,2023-04-23,F02,Program,120,55.2,64.8
T0003089,M00942,2023-04-02,F02,Program,120,55.2,64.8
T0003090,M00256,2023-04-19,F02,Program,120,55.2,64.8
T0003091,M01114,2023-04-08,F02,Program,110,50.6,59.4
T0003092,M00967,2023-04-24,F02,Program,110,50.6,59.4
T0003093,M00066,2023-04-10,F02,Program,120,55.2,64.8
T0003094,M00898,2023-04-23,F02,Program,120,55.2,64.8
T0003095,M00011,2023-04-24,F02,Program,105,48.3,56.7
T0003096,M00620,2023-04-23,F02,Program,110,50.6,59.4
T0003097,M00166,2023-04-11,F02,Program,120,55.2,64.8
T0003098,M00767,2023-04-15,F02,Program,120,55.2,64.8
T0003099,M00934,2023-04-15,F02,Program,120,55.2,64.8
T0003100,M00242,2023-04-07,F02,Program,120,55.2,64.8
T0003101,M00209,2023-08-12,F02,Program,90,41.4,48.6
T0003102,M01338,2023-08-07,F02,Program,90,41.4,48.6
T0003103,M00925,2023-08-05,F02,Program,90,41.4,48.6
T0003104,M01177,2023-08-01,F02,Program,90,41.4,48.6
T0003105,M00656,2023-08-09,F02,Program,90,41.4,48.6
T0003106,M00359,2023-08-11,F02,Program,75,34.5,40.5
T0003107,M00556,2023-08-06,F02,Program,80,36.8,43.2
T0003108,M00869,2023-08-18,F02,Program,75,34.5,40.5
T0003109,M01171,2023-08-18,F02,Program,80,36.8,43.2
T0003110,M00582,2023-08-15,F02,Program,75,34.5,40.5
T0003111,M00002,2023-08-08,F02,Program,75,34.5,40.5
T0003112,M00775,2023-08-21,F02,Program,75,34.5,40.5
T0003113,M01118,2023-08-25,F02,Program,75,34.5,40.5
T0003114,M00915,2023-08-21,F02,Program,90,41.4,48.6
T0003115,M01106,2023-08-19,F02,Program,80,36.8,43.2
T0003116,M01312,2023-08-09,F02,Program,90,41.4,48.6
T0003117,M01326,2023-08-21,F02,Program,80,36.8,43.2
T0003118,M00898,2023-08-18,F02,Program,75,34.5,40.5
T0003119,M00652,2023-08-12,F02,Program,80,36.8,43.2
T0003120,M01210,2023-08-14,F02,Program,80,36.8,43.2
T0003121,M00558,2023-08-16,F02,Program,90,41.4,48.6
T0003122,M00392,2023-08-04,F02,Program,90,41.4,48.6
T0003123,M00151,2023-08-12,F02,Program,75,34.5,40.5
T0003124,M00378,2023-08-13,F02,Program,80,36.8,43.2
T0003125,M00573,2023-01-20,F02,Program,120,55.2,64.8
T0003126,M00986,2023-01-11,F02,Program,105,48.3,56.7
T0003127,M00181,2023-01-04,F02,Program,110,50.6,59.4
T0003128,M00206,2023-01-21,F02,Program,120,55.2,64.8
T0003129,M00064,2023-01-18,F02,Program,105,48.3,56.7
T0003130,M00914,2023-01-09,F02,Program,120,55.2,64.8
T0003131,M00374,2023-01-05,F02,Program,120,55.2,64.8
T0003132,M00972,2023-01-06,F02,Program,110,50.6,59.4
T0003133,M00997,2023-01-07,F02,Program,120,55.2,64.8
T0003134,M00038,2023-01-14,F02,Program,120,55.2,64.8
T0003135,M00161,2023-01-14,F02,Program,120,55.2,64.8
T0003136,M00152,2023-01-19,F02,Program,105,48.3,56.7
T0003137,M00467,2023-01-19,F02,Program,105,48.3,56.7
T0003138,M00376,2023-01-09,F02,Program,105,48.3,56.7
T0003139,M01257,2023-01-14,F02,Program,105,48.3,56.7
T0003140,M00264,2023-01-14,F02,Program,105,48.3,56.7
T0003141,M00307,2023-01-05,F02,Program,105,48.3,56.7
T0003142,M00605,2023-01-11,F02,Program,110,50.6,59.4
T0003143,M01332,2023-01-02,F02,Program,120,55.2,64.8
T0003144,M00403,2023-01-12,F02,Program,110,50.6,59.4
T0003145,M00225,2023-01-13,F02,Program,120,55.2,64.8
T0003146,M00745,2023-01-07,F02,Program,120,55.2,64.8
T0003147,M00123,2023-01-05,F02,Program,120,55.2,64.8
T0003148,M00356,2023-01-10,F02,Program,120,55.2,64.8
T0003149,M00040,2023-01-14,F02,Program,120,55.2,64.8
T0003150,M01363,2023-01-06,F02,Program,120,55.2,64.8
T0003151,M00550,2023-01-15,F02,Program,120,55.2,64.8
T0003152,M00156,2023-01-25,F02,Program,120,55.2,64.8
T0003153,M00015,2023-01-03,F02,Program,120,55.2,64.8
T0003154,M00304,2023-03-25,F02,Program,90,41.4,48.6
T0003155,M00114,2023-03-24,F02,Program,90,41.4,48.6
T0003156,M00019,2023-03-01,F02,Program,90,41.4,48.6
T0003157,M01115,2023-03-18,F02,Program,90,41.4,48.6
T0003158,M00036,2023-03-12,F02,Program,75,34.5,40.5
T0003159,M00683,2023-03-18,F02,Program,90,41.4,48.6
T0003160,M00252,2023-03-16,F02,Program,90,41.4,48.6
T0003161,M01205,2023-03-13,F02,Program,90,41.4,48.6
T0003162,M00548,2023-03-12,F02,Program,80,36.8,43.2
T0003163,M00907,2023-03-02,F02,Program,80,36.8,43.2
T0003164,M00295,2023-03-01,F02,Program,90,41.4,48.6
T0003165,M00705,2023-03-14,F02,Program,80,36.8,43.2
T0003166,M01001,2023-03-13,F02,Program,80,36.8,43.2
T0003167,M01145,2023-03-23,F02,Program,80,36.8,43.2
T0003168,M00928,2023-03-10,F02,Program,80,36.8,43.2
T0003169,M00888,2023-01-04,F02,Program,45,20.7,24.3
T0003170,M00130,2023-01-23,F02,Program,45,20.7,24.3
T0003171,M01246,2023-01-15,F02,Program,50,23,27
T0003172,M00439,2023-01-12,F02,Program,60,27.6,32.4
T0003173,M00202,2023-01-25,F02,Program,50,23,27
T0003174,M01326,2023-01-18,F02,Program,60,27.6,32.4
T0003175,M00730,2023-01-16,F02,Program,45,20.7,24.3
T0003176,M00224,2023-01-12,F02,Program,60,27.6,32.4
T0003177,M00896,2023-01-15,F02,Program,60,27.6,32.4
T0003178,M00124,2023-01-04,F02,Program,60,27.6,32.4
T0003179,M00186,2023-01-22,F02,Program,60,27.6,32.4
T0003180,M00737,2023-01-02,F02,Program,50,23,27
T0003181,M00617,2023-01-02,F02,Program,45,20.7,24.3
T0003182,M00278,2023-01-05,F02,Program,60,27.6,32.4
T0003183,M00029,2023-01-09,F02,Program,50,23,27
T0003184,M01271,2023-01-01,F02,Program,50,23,27
T0003185,M00924,2023-01-05,F02,Program,50,23,27
T0003186,M01187,2023-01-13,F02,Program,60,27.6,32.4
T0003187,M00110,2023-01-06,F02,Program,60,27.6,32.4
T0003188,M00329,2023-01-19,F02,Program,60,27.6,32.4
T0003189,M00139,2023-01-24,F02,Program,60,27.6,32.4
T0003190,M00177,2023-01-23,F02,Program,60,27.6,32.4
T0003191,M00566,2023-01-11,F02,Program,60,27.6,32.4
T0003192,M00747,2023-01-12,F02,Program,60,27.6,32.4
T0003193,M00119,2023-01-03,F02,Program,50,23,27
T0003194,M00521,2023-01-22,F02,Program,50,23,27
T0003195,M00868,2023-01-01,F02,Program,50,23,27
T0003196,M00323,2023-01-11,F02,Program,45,20.7,24.3
T0003197,M00106,2023-01-12,F02,Program,50,23,27
T0003198,M00882,2023-08-18,F03,Program,80,36.8,43.2
T0003199,M01346,2023-08-15,F03,Program,90,41.4,48.6
T0003200,M00539,2023-08-05,F03,Program,80,36.8,43.2
T0003201,M01095,2023-08-11,F03,Program,90,41.4,48.6
T0003202,M00155,2023-08-21,F03,Program,90,41.4,48.6
T0003203,M01034,2023-08-18,F03,Program,90,41.4,48.6
T0003204,M00500,2023-08-17,F03,Program,90,41.4,48.6
T0003205,M01123,2023-08-22,F03,Program,90,41.4,48.6
T0003206,M01353,2023-08-16,F03,Program,90,41.4,48.6
T0003207,M00081,2023-08-20,F03,Program,75,34.5,40.5
T0003208,M00541,2023-08-07,F03,Program,90,41.4,48.6
T0003209,M00181,2023-08-23,F03,Program,75,34.5,40.5
T0003210,M00804,2023-08-21,F03,Program,90,41.4,48.6
T0003211,M01056,2023-08-24,F03,Program,90,41.4,48.6
T0003212,M01199,2023-08-03,F03,Program,75,34.5,40.5
T0003213,M00196,2023-08-12,F03,Program,80,36.8,43.2
T0003214,M00124,2023-08-13,F03,Program,90,41.4,48.6
T0003215,M00219,2023-08-24,F03,Program,80,36.8,43.2
T0003216,M00078,2023-08-13,F03,Program,90,41.4,48.6
T0003217,M00794,2023-08-22,F03,Program,75,34.5,40.5
T0003218,M00519,2023-08-12,F03,Program,90,41.4,48.6
T0003219,M00920,2023-08-11,F03,Program,75,34.5,40.5
T0003220,M00611,2023-08-13,F03,Program,75,34.5,40.5
T0003221,M00308,2023-08-06,F03,Program,90,41.4,48.6
T0003222,M00838,2023-08-11,F03,Program,80,36.8,43.2
T0003223,M00912,2023-08-10,F03,Program,90,41.4,48.6
T0003224,M00277,2023-08-23,F03,Program,90,41.4,48.6
T0003225,M00342,2023-08-13,F03,Program,90,41.4,48.6
T0003226,M00018,2023-09-12,F03,Program,90,41.4,48.6
T0003227,M00910,2023-09-12,F03,Program,80,36.8,43.2
T0003228,M01267,2023-09-05,F03,Program,75,34.5,40.5
T0003229,M00650,2023-09-03,F03,Program,75,34.5,40.5
T0003230,M00423,2023-09-18,F03,Program,75,34.5,40.5
T0003231,M00662,2023-09-23,F03,Program,75,34.5,40.5
T0003232,M00939,2023-09-20,F03,Program,80,36.8,43.2
T0003233,M00308,2023-09-21,F03,Program,90,41.4,48.6
T0003234,M01294,2023-09-25,F03,Program,90,41.4,48.6
T0003235,M00379,2023-09-04,F03,Program,80,36.8,43.2
T0003236,M00295,2023-09-01,F03,Program,90,41.4,48.6
T0003237,M00069,2023-09-21,F03,Program,80,36.8,43.2
T0003238,M01258,2023-09-16,F03,Program,90,41.4,48.6
T0003239,M00232,2023-09-09,F03,Program,75,34.5,40.5
T0003240,M00399,2023-09-08,F03,Program,90,41.4,48.6
T0003241,M00502,2023-09-09,F03,Program,75,34.5,40.5
T0003242,M00283,2023-09-18,F03,Program,75,34.5,40.5
T0003243,M00234,2023-09-19,F03,Program,80,36.8,43.2
T0003244,M00711,2023-09-18,F03,Program,90,41.4,48.6
T0003245,M00997,2023-09-22,F03,Program,80,36.8,43.2
T0003246,M00321,2023-06-22,F03,Program,75,34.5,40.5
T0003247,M00298,2023-06-13,F03,Program,75,34.5,40.5
T0003248,M00682,2023-06-21,F03,Program,75,34.5,40.5
T0003249,M00841,2023-06-15,F03,Program,60,27.6,32.4
T0003250,M00268,2023-06-01,F03,Program,65,29.9,35.1
T0003251,M01268,2023-06-19,F03,Program,75,34.5,40.5
T0003252,M00933,2023-06-14,F03,Program,60,27.6,32.4
T0003253,M00880,2023-06-15,F03,Program,60,27.6,32.4
T0003254,M00438,2023-06-05,F03,Program,75,34.5,40.5
T0003255,M00618,2023-06-08,F03,Program,75,34.5,40.5
T0003256,M00057,2023-06-02,F03,Program,75,34.5,40.5
T0003257,M00418,2023-06-13,F03,Program,60,27.6,32.4
T0003258,M00681,2023-06-10,F03,Program,75,34.5,40.5
T0003259,M00274,2023-06-08,F03,Program,60,27.6,32.4
T0003260,M00739,2023-06-20,F03,Program,65,29.9,35.1
T0003261,M00409,2023-06-18,F03,Program,75,34.5,40.5
T0003262,M00003,2023-06-02,F03,Program,60,27.6,32.4
T0003263,M00431,2023-06-04,F03,Program,75,34.5,40.5
T0003264,M01270,2023-06-20,F03,Program,75,34.5,40.5
T0003265,M00801,2023-06-20,F03,Program,65,29.9,35.1
T0003266,M00606,2023-06-16,F03,Program,75,34.5,40.5
T0003267,M00893,2023-06-08,F03,Program,75,34.5,40.5
T0003268,M01322,2023-06-01,F03,Program,65,29.9,35.1
T0003269,M00395,2023-06-07,F03,Program,65,29.9,35.1
T0003270,M01177,2023-06-09,F03,Program,75,34.5,40.5
T0003271,M01232,2023-06-09,F03,Program,65,29.9,35.1
T0003272,M00221,2023-04-01,F03,Program,120,55.2,64.8
T0003273,M00086,2023-04-24,F03,Program,120,55.2,64.8
T0003274,M00139,2023-04-06,F03,Program,105,48.3,56.7
T0003275,M00355,2023-04-04,F03,Program,120,55.2,64.8
T0003276,M00182,2023-04-08,F03,Program,120,55.2,64.8
T0003277,M00069,2023-04-06,F03,Program,120,55.2,64.8
T0003278,M00569,2023-04-25,F03,Program,105,48.3,56.7
T0003279,M00118,2023-04-21,F03,Program,120,55.2,64.8
T0003280,M01219,2023-04-17,F03,Program,120,55.2,64.8
T0003281,M00185,2023-04-20,F03,Program,120,55.2,64.8
T0003282,M00030,2023-04-25,F03,Program,105,48.3,56.7
T0003283,M00202,2023-04-15,F03,Program,105,48.3,56.7
T0003284,M00272,2023-04-02,F03,Program,105,48.3,56.7
T0003285,M00788,2023-04-25,F03,Program,120,55.2,64.8
T0003286,M01308,2023-04-21,F03,Program,110,50.6,59.4
T0003287,M00215,2023-04-21,F03,Program,120,55.2,64.8
T0003288,M00727,2023-04-18,F03,Program,120,55.2,64.8
T0003289,M00341,2023-04-16,F03,Program,120,55.2,64.8
T0003290,M00263,2023-04-12,F03,Program,110,50.6,59.4
T0003291,M01394,2023-04-19,F03,Program,105,48.3,56.7
T0003292,M00517,2023-04-18,F03,Program,120,55.2,64.8
T0003293,M01207,2023-04-09,F03,Program,120,55.2,64.8
T0003294,M00868,2023-04-22,F03,Program,120,55.2,64.8
T0003295,M00535,2023-04-03,F03,Program,120,55.2,64.8
T0003296,M00393,2023-06-09,F03,Program,75,34.5,40.5
T0003297,M01366,2023-06-12,F03,Program,80,36.8,43.2
T0003298,M00139,2023-06-11,F03,Program,90,41.4,48.6
T0003299,M01032,2023-06-06,F03,Program,90,41.4,48.6
T0003300,M00089,2023-06-15,F03,Program,90,41.4,48.6
T0003301,M00627,2023-06-09,F03,Program,75,34.5,40.5
T0003302,M00972,2023-06-07,F03,Program,90,41.4,48.6
T0003303,M01201,2023-06-09,F03,Program,75,34.5,40.5
T0003304,M01040,2023-06-17,F03,Program,90,41.4,48.6
T0003305,M00611,2023-06-02,F03,Program,75,34.5,40.5
T0003306,M00449,2023-06-12,F03,Program,80,36.8,43.2
T0003307,M00490,2023-06-11,F03,Program,80,36.8,43.2
T0003308,M00269,2023-06-01,F03,Program,90,41.4,48.6
T0003309,M01139,2023-06-14,F03,Program,90,41.4,48.6
T0003310,M00301,2023-06-05,F03,Program,90,41.4,48.6
T0003311,M01087,2023-06-11,F03,Program,90,41.4,48.6
T0003312,M01164,2023-06-24,F03,Program,90,41.4,48.6
T0003313,M00927,2023-06-13,F03,Program,80,36.8,43.2
T0003314,M01120,2023-06-25,F03,Program,90,41.4,48.6
T0003315,M00157,2023-06-14,F03,Program,90,41.4,48.6
T0003316,M00663,2023-06-15,F03,Program,80,36.8,43.2
T0003317,M00579,2023-06-14,F03,Program,80,36.8,43.2
T0003318,M00416,2023-06-10,F03,Program,80,36.8,43.2
T0003319,M00961,2023-06-17,F03,Program,90,41.4,48.6
T0003320,M00767,2023-06-01,F03,Program,75,34.5,40.5
T0003321,M00108,2023-01-11,F03,Program,50,23,27
T0003322,M00961,2023-01-02,F03,Program,60,27.6,32.4
T0003323,M01061,2023-01-22,F03,Program,45,20.7,24.3
T0003324,M00315,2023-01-12,F03,Program,50,23,27
T0003325,M01175,2023-01-20,F03,Program,45,20.7,24.3
T0003326,M01323,2023-01-23,F03,Program,60,27.6,32.4
T0003327,M00739,2023-01-06,F03,Program,60,27.6,32.4
T0003328,M00726,2023-01-13,F03,Program,45,20.7,24.3
T0003329,M00516,2023-01-24,F03,Program,60,27.6,32.4
T0003330,M00732,2023-01-09,F03,Program,60,27.6,32.4
T0003331,M01272,2023-01-03,F03,Program,45,20.7,24.3
T0003332,M00935,2023-01-19,F03,Program,60,27.6,32.4
T0003333,M00446,2023-01-18,F03,Program,60,27.6,32.4
T0003334,M01190,2023-01-11,F03,Program,45,20.7,24.3
T0003335,M00080,2023-01-09,F03,Program,60,27.6,32.4
T0003336,M00517,2023-03-11,F03,Program,65,29.9,35.1
T0003337,M00641,2023-03-14,F03,Program,75,34.5,40.5
T0003338,M00323,2023-03-22,F03,Program,65,29.9,35.1
T0003339,M01255,2023-03-22,F03,Program,75,34.5,40.5
T0003340,M00090,2023-03-21,F03,Program,60,27.6,32.4
T0003341,M00570,2023-03-09,F03,Program,65,29.9,35.1
T0003342,M00083,2023-03-08,F03,Program,75,34.5,40.5
T0003343,M00373,2023-03-09,F03,Program,75,34.5,40.5
T0003344,M00243,2023-03-07,F03,Program,65,29.9,35.1
T0003345,M00791,2023-03-22,F03,Program,75,34.5,40.5
T0003346,M01395,2023-03-22,F03,Program,75,34.5,40.5
T0003347,M00537,2023-03-06,F03,Program,65,29.9,35.1
T0003348,M01046,2023-03-18,F03,Program,75,34.5,40.5
T0003349,M00576,2023-03-25,F03,Program,65,29.9,35.1
T0003350,M00206,2023-03-02,F03,Program,75,34.5,40.5
T0003351,M00693,2023-03-20,F03,Program,75,34.5,40.5
T0003352,M00207,2023-03-25,F03,Program,60,27.6,32.4
T0003353,M00995,2023-03-08,F03,Program,75,34.5,40.5
T0003354,M00811,2023-03-14,F03,Program,65,29.9,35.1
T0003355,M00392,2023-03-06,F03,Program,65,29.9,35.1
T0003356,M00719,2023-03-18,F03,Program,75,34.5,40.5
T0003357,M01230,2023-03-12,F03,Program,65,29.9,35.1
T0003358,M00954,2023-03-22,F03,Program,75,34.5,40.5
T0003359,M00309,2023-03-11,F03,Program,75,34.5,40.5
T0003360,M00753,2023-03-22,F03,Program,75,34.5,40.5
T0003361,M01292,2023-03-06,F03,Program,75,34.5,40.5
T0003362,M00084,2023-03-05,F03,Program,65,29.9,35.1
T0003363,M00631,2023-03-07,F03,Program,60,27.6,32.4
T0003364,M01215,2023-03-06,F03,Program,75,34.5,40.5
T0003365,M00057,2023-03-10,F03,Program,65,29.9,35.1
T0003366,M00550,2023-03-23,F03,Program,75,34.5,40.5
T0003367,M00102,2023-03-09,F03,Program,65,29.9,35.1
T0003368,M00088,2023-10-07,F03,Program,60,27.6,32.4
T0003369,M01296,2023-10-17,F03,Program,65,29.9,35.1
T0003370,M01327,2023-10-16,F03,Program,60,27.6,32.4
T0003371,M00673,2023-10-18,F03,Program,75,34.5,40.5
T0003372,M01071,2023-10-06,F03,Program,75,34.5,40.5
T0003373,M00899,2023-10-07,F03,Program,75,34.5,40.5
T0003374,M01376,2023-10-24,F03,Program,60,27.6,32.4
T0003375,M00311,2023-10-05,F03,Program,60,27.6,32.4
T0003376,M00075,2023-10-08,F03,Program,75,34.5,40.5
T0003377,M00368,2023-10-14,F03,Program,75,34.5,40.5
T0003378,M00378,2023-10-22,F03,Program,75,34.5,40.5
T0003379,M00574,2023-10-19,F03,Program,60,27.6,32.4
T0003380,M00603,2023-01-12,F04,Program,75,34.5,40.5
T0003381,M00364,2023-01-08,F04,Program,65,29.9,35.1
T0003382,M01209,2023-01-03,F04,Program,75,34.5,40.5
T0003383,M00896,2023-01-15,F04,Program,60,27.6,32.4
T0003384,M00036,2023-01-18,F04,Program,75,34.5,40.5
T0003385,M00677,2023-01-06,F04,Program,65,29.9,35.1
T0003386,M00108,2023-01-24,F04,Program,75,34.5,40.5
T0003387,M01253,2023-01-17,F04,Program,60,27.6,32.4
T0003388,M00194,2023-01-10,F04,Program,60,27.6,32.4
T0003389,M00050,2023-01-10,F04,Program,75,34.5,40.5
T0003390,M01240,2023-01-13,F04,Program,75,34.5,40.5
T0003391,M00657,2023-01-04,F04,Program,75,34.5,40.5
T0003392,M00304,2023-01-20,F04,Program,75,34.5,40.5
T0003393,M01012,2023-01-07,F04,Program,60,27.6,32.4
T0003394,M00493,2023-03-15,F04,Program,60,27.6,32.4
T0003395,M00891,2023-03-21,F04,Program,45,20.7,24.3
T0003396,M00136,2023-03-20,F04,Program,60,27.6,32.4
T0003397,M00434,2023-03-10,F04,Program,60,27.6,32.4
T0003398,M00996,2023-03-08,F04,Program,45,20.7,24.3
T0003399,M00201,2023-03-01,F04,Program,60,27.6,32.4
T0003400,M00093,2023-03-11,F04,Program,60,27.6,32.4
T0003401,M00992,2023-03-11,F04,Program,60,27.6,32.4
T0003402,M00336,2023-03-12,F04,Program,60,27.6,32.4
T0003403,M00532,2023-03-01,F04,Program,50,23,27
T0003404,M01368,2023-03-12,F04,Program,45,20.7,24.3
T0003405,M00394,2023-03-17,F04,Program,50,23,27
T0003406,M00725,2023-03-21,F04,Program,60,27.6,32.4
T0003407,M00054,2023-03-03,F04,Program,50,23,27
T0003408,M00517,2023-03-02,F04,Program,60,27.6,32.4
T0003409,M00988,2023-03-05,F04,Program,60,27.6,32.4
T0003410,M00625,2023-03-07,F04,Program,60,27.6,32.4
T0003411,M00492,2023-03-01,F04,Program,60,27.6,32.4
T0003412,M00710,2023-03-19,F04,Program,60,27.6,32.4
T0003413,M01208,2023-03-24,F04,Program,50,23,27
T0003414,M00574,2023-03-13,F04,Program,60,27.6,32.4
T0003415,M00453,2023-06-21,F04,Program,35,16.1,18.9
T0003416,M01227,2023-06-13,F04,Program,35,16.1,18.9
T0003417,M00746,2023-06-16,F04,Program,30,13.8,16.2
T0003418,M01365,2023-06-04,F04,Program,35,16.1,18.9
T0003419,M00113,2023-06-19,F04,Program,30,13.8,16.2
T0003420,M00411,2023-06-07,F04,Program,45,20.7,24.3
T0003421,M00897,2023-06-25,F04,Program,45,20.7,24.3
T0003422,M01010,2023-06-02,F04,Program,30,13.8,16.2
T0003423,M00438,2023-06-01,F04,Program,30,13.8,16.2
T0003424,M00443,2023-06-19,F04,Program,35,16.1,18.9
T0003425,M00818,2023-06-10,F04,Program,30,13.8,16.2
T0003426,M00314,2023-06-04,F04,Program,35,16.1,18.9
T0003427,M00287,2023-06-24,F04,Program,45,20.7,24.3
T0003428,M00395,2023-06-09,F04,Program,45,20.7,24.3
T0003429,M00535,2023-06-09,F04,Program,35,16.1,18.9
T0003430,M00972,2023-06-12,F04,Program,30,13.8,16.2
T0003431,M01261,2023-08-11,F04,Program,90,41.4,48.6
T0003432,M00047,2023-08-01,F04,Program,90,41.4,48.6
T0003433,M00956,2023-08-17,F04,Program,90,41.4,48.6
T0003434,M00655,2023-08-13,F04,Program,90,41.4,48.6
T0003435,M00989,2023-08-04,F04,Program,80,36.8,43.2
T0003436,M00333,2023-08-14,F04,Program,90,41.4,48.6
T0003437,M01362,2023-08-17,F04,Program,90,41.4,48.6
T0003438,M01359,2023-08-05,F04,Program,90,41.4,48.6
T0003439,M00948,2023-08-04,F04,Program,75,34.5,40.5
T0003440,M00246,2023-08-17,F04,Program,90,41.4,48.6
T0003441,M00952,2023-08-12,F04,Program,90,41.4,48.6
T0003442,M00066,2023-08-16,F04,Program,75,34.5,40.5
T0003443,M00152,2023-09-02,F04,Program,105,48.3,56.7
T0003444,M00970,2023-09-25,F04,Program,110,50.6,59.4
T0003445,M00107,2023-09-19,F04,Program,120,55.2,64.8
T0003446,M00274,2023-09-01,F04,Program,110,50.6,59.4
T0003447,M00260,2023-09-19,F04,Program,120,55.2,64.8
T0003448,M01057,2023-09-25,F04,Program,120,55.2,64.8
T0003449,M00776,2023-09-23,F04,Program,120,55.2,64.8
T0003450,M01222,2023-09-20,F04,Program,120,55.2,64.8
T0003451,M00909,2023-09-06,F04,Program,120,55.2,64.8
T0003452,M01236,2023-09-24,F04,Program,110,50.6,59.4
T0003453,M00115,2023-09-21,F04,Program,120,55.2,64.8
T0003454,M01387,2023-09-24,F04,Program,105,48.3,56.7
T0003455,M01354,2023-09-25,F04,Program,120,55.2,64.8
T0003456,M00967,2023-09-11,F04,Program,110,50.6,59.4
T0003457,M00977,2023-09-19,F04,Program,110,50.6,59.4
T0003458,M00386,2023-09-13,F04,Program,120,55.2,64.8
T0003459,M00120,2023-09-19,F04,Program,105,48.3,56.7
T0003460,M00479,2023-09-08,F04,Program,110,50.6,59.4
T0003461,M01014,2023-09-07,F04,Program,110,50.6,59.4
T0003462,M00099,2023-09-06,F04,Program,120,55.2,64.8
T0003463,M00504,2023-06-03,F04,Program,45,20.7,24.3
T0003464,M00736,2023-06-25,F04,Program,45,20.7,24.3
T0003465,M01208,2023-06-07,F04,Program,30,13.8,16.2
T0003466,M01399,2023-06-02,F04,Program,45,20.7,24.3
T0003467,M01184,2023-06-21,F04,Program,45,20.7,24.3
T0003468,M00457,2023-06-23,F04,Program,35,16.1,18.9
T0003469,M01212,2023-06-08,F04,Program,45,20.7,24.3
T0003470,M01142,2023-06-22,F04,Program,45,20.7,24.3
T0003471,M00264,2023-06-04,F04,Program,35,16.1,18.9
T0003472,M00067,2023-06-05,F04,Program,35,16.1,18.9
T0003473,M00813,2023-06-14,F04,Program,45,20.7,24.3
T0003474,M00234,2023-06-17,F04,Program,30,13.8,16.2
T0003475,M00283,2023-06-05,F04,Program,45,20.7,24.3
T0003476,M01051,2023-06-14,F04,Program,45,20.7,24.3
T0003477,M01050,2023-06-14,F04,Program,45,20.7,24.3
T0003478,M01214,2023-10-09,F04,Program,75,34.5,40.5
T0003479,M00821,2023-10-15,F04,Program,90,41.4,48.6
T0003480,M00455,2023-10-15,F04,Program,90,41.4,48.6
T0003481,M00025,2023-10-04,F04,Program,90,41.4,48.6
T0003482,M01251,2023-10-02,F04,Program,90,41.4,48.6
T0003483,M00373,2023-10-21,F04,Program,90,41.4,48.6
T0003484,M00012,2023-10-05,F04,Program,75,34.5,40.5
T0003485,M00130,2023-10-25,F04,Program,90,41.4,48.6
T0003486,M01164,2023-10-21,F04,Program,75,34.5,40.5
T0003487,M01276,2023-10-14,F04,Program,75,34.5,40.5
T0003488,M00143,2023-10-08,F04,Program,90,41.4,48.6
T0003489,M01045,2023-10-18,F04,Program,90,41.4,48.6
T0003490,M00662,2023-10-03,F04,Program,75,34.5,40.5
T0003491,M00416,2023-10-11,F04,Program,90,41.4,48.6
T0003492,M00558,2023-10-19,F04,Program,90,41.4,48.6
T0003493,M00520,2023-10-18,F04,Program,90,41.4,48.6
T0003494,M01175,2023-10-18,F04,Program,80,36.8,43.2
T0003495,M00690,2023-10-17,F04,Program,90,41.4,48.6
T0003496,M01344,2023-10-04,F04,Program,80,36.8,43.2
T0003497,M00827,2023-10-10,F04,Program,75,34.5,40.5
T0003498,M00037,2023-01-02,F04,Program,30,13.8,16.2
T0003499,M01049,2023-01-16,F04,Program,35,16.1,18.9
T0003500,M00741,2023-01-21,F04,Program,30,13.8,16.2
T0003501,M00756,2023-01-21,F04,Program,45,20.7,24.3
T0003502,M00956,2023-01-06,F04,Program,45,20.7,24.3
T0003503,M00436,2023-01-01,F04,Program,45,20.7,24.3
T0003504,M00377,2023-01-05,F04,Program,45,20.7,24.3
T0003505,M00203,2023-01-07,F04,Program,45,20.7,24.3
T0003506,M00262,2023-01-21,F04,Program,30,13.8,16.2
T0003507,M00838,2023-01-09,F04,Program,45,20.7,24.3
T0003508,M00857,2023-01-15,F04,Program,45,20.7,24.3
T0003509,M00577,2023-01-18,F04,Program,45,20.7,24.3
T0003510,M00842,2023-01-19,F04,Program,35,16.1,18.9
T0003511,M00502,2023-01-23,F04,Program,35,16.1,18.9
T0003512,M00088,2023-01-13,F04,Program,35,16.1,18.9
T0003513,M00292,2023-01-05,F04,Program,45,20.7,24.3
T0003514,M01227,2023-01-03,F04,Program,30,13.8,16.2
T0003515,M00744,2023-01-24,F04,Program,35,16.1,18.9
T0003516,M00866,2023-01-24,F04,Program,45,20.7,24.3
T0003517,M01143,2023-01-20,F04,Program,30,13.8,16.2
T0003518,M00763,2023-01-22,F04,Program,35,16.1,18.9
T0003519,M00376,2023-01-16,F04,Program,35,16.1,18.9
T0003520,M01125,2023-01-25,F04,Program,45,20.7,24.3
T0003521,M00982,2023-01-07,F04,Program,45,20.7,24.3
T0003522,M01176,2023-01-23,F04,Program,45,20.7,24.3
T0003523,M01356,2023-01-06,F04,Program,35,16.1,18.9
T0003524,M00732,2023-01-13,F04,Program,45,20.7,24.3
T0003525,M01048,2023-01-19,F04,Program,45,20.7,24.3
T0003526,M00566,2024-06-16,F01,Program,60,27.6,32.4
T0003527,M00798,2024-06-21,F01,Program,60,27.6,32.4
T0003528,M00255,2024-06-14,F01,Program,60,27.6,32.4
T0003529,M00839,2024-06-14,F01,Program,60,27.6,32.4
T0003530,M00349,2024-06-24,F01,Program,50,23,27
T0003531,M00491,2024-06-10,F01,Program,45,20.7,24.3
T0003532,M00751,2024-06-16,F01,Program,45,20.7,24.3
T0003533,M00854,2024-06-19,F01,Program,45,20.7,24.3
T0003534,M01252,2024-06-01,F01,Program,60,27.6,32.4
T0003535,M01397,2024-06-24,F01,Program,60,27.6,32.4
T0003536,M01192,2024-06-22,F01,Program,60,27.6,32.4
T0003537,M01128,2024-06-20,F01,Program,50,23,27
T0003538,M01289,2024-06-16,F01,Program,60,27.6,32.4
T0003539,M00208,2024-06-23,F01,Program,60,27.6,32.4
T0003540,M00201,2024-06-16,F01,Program,60,27.6,32.4
T0003541,M00029,2024-06-08,F01,Program,60,27.6,32.4
T0003542,M00595,2024-06-06,F01,Program,60,27.6,32.4
T0003543,M01359,2024-06-04,F01,Program,60,27.6,32.4
T0003544,M00069,2024-06-22,F01,Program,60,27.6,32.4
T0003545,M00242,2024-06-11,F01,Program,45,20.7,24.3
T0003546,M01358,2024-06-01,F01,Program,60,27.6,32.4
T0003547,M00519,2024-06-14,F01,Program,60,27.6,32.4
T0003548,M00314,2024-06-25,F01,Program,60,27.6,32.4
T0003549,M00936,2024-06-16,F01,Program,60,27.6,32.4
T0003550,M00633,2024-06-03,F01,Program,45,20.7,24.3
T0003551,M00462,2024-06-09,F01,Program,60,27.6,32.4
T0003552,M00256,2024-06-09,F01,Program,60,27.6,32.4
T0003553,M01184,2024-06-18,F01,Program,60,27.6,32.4
T0003554,M00564,2024-06-12,F01,Program,60,27.6,32.4
T0003555,M00875,2024-06-02,F01,Program,45,20.7,24.3
T0003556,M00132,2024-01-15,F01,Program,75,34.5,40.5
T0003557,M00399,2024-01-04,F01,Program,75,34.5,40.5
T0003558,M01358,2024-01-19,F01,Program,75,34.5,40.5
T0003559,M00264,2024-01-18,F01,Program,75,34.5,40.5
T0003560,M00212,2024-01-01,F01,Program,60,27.6,32.4
T0003561,M00511,2024-01-11,F01,Program,65,29.9,35.1
T0003562,M00794,2024-01-05,F01,Program,60,27.6,32.4
T0003563,M01319,2024-01-10,F01,Program,75,34.5,40.5
T0003564,M00656,2024-01-16,F01,Program,75,34.5,40.5
T0003565,M00322,2024-01-20,F01,Program,60,27.6,32.4
T0003566,M01084,2024-01-23,F01,Program,60,27.6,32.4
T0003567,M00368,2024-01-23,F01,Program,75,34.5,40.5
T0003568,M01002,2024-01-12,F01,Program,60,27.6,32.4
T0003569,M00156,2024-01-25,F01,Program,75,34.5,40.5
T0003570,M00857,2024-01-08,F01,Program,75,34.5,40.5
T0003571,M00320,2024-01-19,F01,Program,65,29.9,35.1
T0003572,M00613,2024-01-21,F01,Program,65,29.9,35.1
T0003573,M00803,2024-01-01,F01,Program,65,29.9,35.1
T0003574,M01298,2024-01-12,F01,Program,75,34.5,40.5
T0003575,M00349,2024-01-03,F01,Program,75,34.5,40.5
T0003576,M00216,2024-01-10,F01,Program,65,29.9,35.1
T0003577,M01336,2024-01-05,F01,Program,60,27.6,32.4
T0003578,M00226,2024-01-10,F01,Program,60,27.6,32.4
T0003579,M00914,2024-01-25,F01,Program,60,27.6,32.4
T0003580,M00967,2024-01-16,F01,Program,60,27.6,32.4
T0003581,M00356,2024-01-16,F01,Program,75,34.5,40.5
T0003582,M00018,2024-01-17,F01,Program,60,27.6,32.4
T0003583,M01248,2024-01-02,F01,Program,75,34.5,40.5
T0003584,M01005,2024-01-09,F01,Program,75,34.5,40.5
T0003585,M00350,2024-06-11,F01,Program,90,41.4,48.6
T0003586,M01003,2024-06-16,F01,Program,80,36.8,43.2
T0003587,M00670,2024-06-05,F01,Program,90,41.4,48.6
T0003588,M00690,2024-06-19,F01,Program,90,41.4,48.6
T0003589,M00089,2024-06-14,F01,Program,90,41.4,48.6
T0003590,M00814,2024-06-13,F01,Program,75,34.5,40.5
T0003591,M00700,2024-06-05,F01,Program,80,36.8,43.2
T0003592,M00964,2024-06-20,F01,Program,90,41.4,48.6
T0003593,M01044,2024-06-11,F01,Program,90,41.4,48.6
T0003594,M00384,2024-06-13,F01,Program,75,34.5,40.5
T0003595,M00082,2024-06-17,F01,Program,90,41.4,48.6
T0003596,M00400,2024-06-01,F01,Program,90,41.4,48.6
T0003597,M00206,2024-06-05,F01,Program,90,41.4,48.6
T0003598,M00397,2024-06-09,F01,Program,90,41.4,48.6
T0003599,M01370,2024-06-23,F01,Program,90,41.4,48.6
T0003600,M00116,2024-06-17,F01,Program,75,34.5,40.5
T0003601,M01274,2024-06-25,F01,Program,90,41.4,48.6
T0003602,M01006,2024-06-08,F01,Program,90,41.4,48.6
T0003603,M00294,2024-06-11,F01,Program,90,41.4,48.6
T0003604,M00969,2024-06-07,F01,Program,90,41.4,48.6
T0003605,M00533,2024-06-18,F01,Program,80,36.8,43.2
T0003606,M00980,2024-06-21,F01,Program,75,34.5,40.5
T0003607,M00936,2024-06-24,F01,Program,75,34.5,40.5
T0003608,M00235,2024-06-06,F01,Program,90,41.4,48.6
T0003609,M00717,2024-06-13,F01,Program,90,41.4,48.6
T0003610,M01389,2024-06-22,F01,Program,80,36.8,43.2
T0003611,M00036,2024-06-04,F01,Program,80,36.8,43.2
T0003612,M01271,2024-06-25,F01,Program,90,41.4,48.6
T0003613,M00469,2024-06-16,F01,Program,90,41.4,48.6
T0003614,M01251,2024-06-18,F01,Program,90,41.4,48.6
T0003615,M00301,2024-06-09,F01,Program,90,41.4,48.6
T0003616,M00381,2024-06-01,F01,Program,90,41.4,48.6
T0003617,M00832,2024-06-12,F01,Program,75,34.5,40.5
T0003618,M00883,2024-06-16,F01,Program,80,36.8,43.2
T0003619,M00435,2024-06-04,F01,Program,90,41.4,48.6
T0003620,M00050,2024-06-24,F01,Program,90,41.4,48.6
T0003621,M00843,2024-06-09,F01,Program,75,34.5,40.5
T0003622,M01168,2024-06-25,F01,Program,75,34.5,40.5
T0003623,M00559,2024-01-09,F01,Program,60,27.6,32.4
T0003624,M00550,2024-01-15,F01,Program,65,29.9,35.1
T0003625,M01000,2024-01-10,F01,Program,65,29.9,35.1
T0003626,M00881,2024-01-07,F01,Program,75,34.5,40.5
T0003627,M00915,2024-01-17,F01,Program,75,34.5,40.5
T0003628,M00186,2024-01-17,F01,Program,75,34.5,40.5
T0003629,M00970,2024-01-13,F01,Program,75,34.5,40.5
T0003630,M00168,2024-01-16,F01,Program,60,27.6,32.4
T0003631,M00803,2024-01-16,F01,Program,75,34.5,40.5
T0003632,M00611,2024-01-17,F01,Program,60,27.6,32.4
T0003633,M00660,2024-01-07,F01,Program,75,34.5,40.5
T0003634,M00972,2024-01-13,F01,Program,75,34.5,40.5
T0003635,M00193,2024-01-23,F01,Program,75,34.5,40.5
T0003636,M00403,2024-01-23,F01,Program,60,27.6,32.4
T0003637,M00478,2024-08-14,F01,Program,90,41.4,48.6
T0003638,M00068,2024-08-22,F01,Program,90,41.4,48.6
T0003639,M00596,2024-08-05,F01,Program,80,36.8,43.2
T0003640,M01068,2024-08-12,F01,Program,90,41.4,48.6
T0003641,M00967,2024-08-11,F01,Program,90,41.4,48.6
T0003642,M00423,2024-08-13,F01,Program,90,41.4,48.6
T0003643,M01113,2024-08-04,F01,Program,80,36.8,43.2
T0003644,M00180,2024-08-18,F01,Program,90,41.4,48.6
T0003645,M01299,2024-08-05,F01,Program,75,34.5,40.5
T0003646,M00470,2024-08-21,F01,Program,90,41.4,48.6
T0003647,M00195,2024-08-23,F01,Program,80,36.8,43.2
T0003648,M01199,2024-08-01,F01,Program,90,41.4,48.6
T0003649,M00674,2024-08-21,F01,Program,90,41.4,48.6
T0003650,M00105,2024-08-03,F01,Program,90,41.4,48.6
T0003651,M00774,2024-08-11,F01,Program,75,34.5,40.5
T0003652,M00511,2024-08-19,F01,Program,90,41.4,48.6
T0003653,M00707,2024-08-12,F01,Program,80,36.8,43.2
T0003654,M00253,2024-08-23,F01,Program,75,34.5,40.5
T0003655,M00253,2024-08-07,F01,Program,90,41.4,48.6
T0003656,M00785,2024-08-16,F01,Program,75,34.5,40.5
T0003657,M00254,2024-08-11,F01,Program,90,41.4,48.6
T0003658,M00796,2024-08-08,F01,Program,90,41.4,48.6
T0003659,M00319,2024-09-10,F01,Program,60,27.6,32.4
T0003660,M01252,2024-09-06,F01,Program,50,23,27
T0003661,M00829,2024-09-13,F01,Program,45,20.7,24.3
T0003662,M00731,2024-09-09,F01,Program,50,23,27
T0003663,M01075,2024-09-23,F01,Program,60,27.6,32.4
T0003664,M00678,2024-09-19,F01,Program,50,23,27
T0003665,M00735,2024-09-07,F01,Program,45,20.7,24.3
T0003666,M01280,2024-09-04,F01,Program,60,27.6,32.4
T0003667,M00227,2024-09-13,F01,Program,60,27.6,32.4
T0003668,M01115,2024-09-20,F01,Program,60,27.6,32.4
T0003669,M01238,2024-09-06,F01,Program,60,27.6,32.4
T0003670,M00865,2024-09-22,F01,Program,60,27.6,32.4
T0003671,M00536,2024-09-04,F01,Program,50,23,27
T0003672,M00525,2024-09-13,F01,Program,60,27.6,32.4
T0003673,M01248,2024-09-21,F01,Program,45,20.7,24.3
T0003674,M00216,2024-09-05,F01,Program,45,20.7,24.3
T0003675,M00312,2024-09-24,F01,Program,60,27.6,32.4
T0003676,M00582,2024-09-05,F01,Program,60,27.6,32.4
T0003677,M00027,2024-09-07,F01,Program,60,27.6,32.4
T0003678,M00210,2024-09-02,F01,Program,45,20.7,24.3
T0003679,M00486,2024-09-22,F01,Program,60,27.6,32.4
T0003680,M00250,2024-09-13,F01,Program,60,27.6,32.4
T0003681,M00775,2024-09-08,F01,Program,60,27.6,32.4
T0003682,M00113,2024-09-18,F01,Program,60,27.6,32.4
T0003683,M00361,2024-09-13,F01,Program,50,23,27
T0003684,M00890,2024-09-20,F01,Program,45,20.7,24.3
T0003685,M01365,2024-09-06,F01,Program,60,27.6,32.4
T0003686,M01222,2024-09-14,F01,Program,60,27.6,32.4
T0003687,M01323,2024-09-22,F01,Program,50,23,27
T0003688,M00312,2024-09-03,F01,Program,60,27.6,32.4
T0003689,M00546,2024-09-23,F01,Program,50,23,27
T0003690,M00897,2024-09-18,F01,Program,60,27.6,32.4
T0003691,M00131,2024-09-22,F01,Program,45,20.7,24.3
T0003692,M00137,2024-09-22,F01,Program,60,27.6,32.4
T0003693,M01049,2024-09-05,F01,Program,60,27.6,32.4
T0003694,M00174,2024-09-02,F01,Program,50,23,27
T0003695,M00331,2024-08-08,F01,Program,60,27.6,32.4
T0003696,M00315,2024-08-22,F01,Program,45,20.7,24.3
T0003697,M00279,2024-08-22,F01,Program,50,23,27
T0003698,M00838,2024-08-12,F01,Program,45,20.7,24.3
T0003699,M00050,2024-08-14,F01,Program,60,27.6,32.4
T0003700,M01084,2024-08-20,F01,Program,60,27.6,32.4
T0003701,M01208,2024-08-18,F01,Program,60,27.6,32.4
T0003702,M01384,2024-08-21,F01,Program,60,27.6,32.4
T0003703,M01265,2024-08-19,F01,Program,50,23,27
T0003704,M00531,2024-08-08,F01,Program,60,27.6,32.4
T0003705,M01043,2024-08-08,F01,Program,60,27.6,32.4
T0003706,M01110,2024-08-07,F01,Program,60,27.6,32.4
T0003707,M01240,2024-04-12,F01,Program,65,29.9,35.1
T0003708,M00803,2024-04-14,F01,Program,75,34.5,40.5
T0003709,M00157,2024-04-15,F01,Program,65,29.9,35.1
T0003710,M00014,2024-04-24,F01,Program,75,34.5,40.5
T0003711,M01039,2024-04-15,F01,Program,65,29.9,35.1
T0003712,M00022,2024-04-07,F01,Program,65,29.9,35.1
T0003713,M00354,2024-04-25,F01,Program,60,27.6,32.4
T0003714,M00824,2024-04-03,F01,Program,60,27.6,32.4
T0003715,M00399,2024-04-03,F01,Program,75,34.5,40.5
T0003716,M00922,2024-04-04,F01,Program,65,29.9,35.1
T0003717,M00929,2024-04-11,F01,Program,65,29.9,35.1
T0003718,M01127,2024-04-25,F01,Program,75,34.5,40.5
T0003719,M00814,2024-04-02,F01,Program,75,34.5,40.5
T0003720,M01125,2024-04-08,F02,Program,75,34.5,40.5
T0003721,M00652,2024-04-13,F02,Program,90,41.4,48.6
T0003722,M01271,2024-04-25,F02,Program,90,41.4,48.6
T0003723,M00526,2024-04-05,F02,Program,80,36.8,43.2
T0003724,M00382,2024-04-25,F02,Program,90,41.4,48.6
T0003725,M00882,2024-04-16,F02,Program,75,34.5,40.5
T0003726,M01092,2024-04-17,F02,Program,80,36.8,43.2
T0003727,M01197,2024-04-20,F02,Program,90,41.4,48.6
T0003728,M00679,2024-04-16,F02,Program,75,34.5,40.5
T0003729,M00529,2024-04-25,F02,Program,75,34.5,40.5
T0003730,M00476,2024-04-20,F02,Program,90,41.4,48.6
T0003731,M01370,2024-04-21,F02,Program,90,41.4,48.6
T0003732,M00342,2024-04-21,F02,Program,90,41.4,48.6
T0003733,M00821,2024-04-07,F02,Program,75,34.5,40.5
T0003734,M00346,2024-04-13,F02,Program,90,41.4,48.6
T0003735,M00357,2024-04-22,F02,Program,75,34.5,40.5
T0003736,M01362,2024-04-20,F02,Program,75,34.5,40.5
T0003737,M00536,2024-04-16,F02,Program,75,34.5,40.5
T0003738,M01118,2024-04-12,F02,Program,90,41.4,48.6
T0003739,M00637,2024-04-08,F02,Program,90,41.4,48.6
T0003740,M00158,2024-01-20,F02,Program,50,23,27
T0003741,M00334,2024-01-08,F02,Program,60,27.6,32.4
T0003742,M01348,2024-01-10,F02,Program,45,20.7,24.3
T0003743,M01175,2024-01-16,F02,Program,50,23,27
T0003744,M00260,2024-01-03,F02,Program,45,20.7,24.3
T0003745,M00651,2024-01-18,F02,Program,60,27.6,32.4
T0003746,M00979,2024-01-19,F02,Program,50,23,27
T0003747,M01311,2024-01-20,F02,Program,60,27.6,32.4
T0003748,M00680,2024-01-23,F02,Program,60,27.6,32.4
T0003749,M00939,2024-01-14,F02,Program,60,27.6,32.4
T0003750,M00030,2024-01-22,F02,Program,60,27.6,32.4
T0003751,M01288,2024-01-23,F02,Program,60,27.6,32.4
T0003752,M00192,2024-01-02,F02,Program,50,23,27
T0003753,M00763,2024-01-15,F02,Program,50,23,27
T0003754,M01148,2024-01-03,F02,Program,60,27.6,32.4
T0003755,M00383,2024-01-18,F02,Program,60,27.6,32.4
T0003756,M00915,2024-01-05,F02,Program,45,20.7,24.3
T0003757,M00273,2024-01-14,F02,Program,50,23,27
T0003758,M01104,2024-01-20,F02,Program,50,23,27
T0003759,M00448,2024-01-24,F02,Program,60,27.6,32.4
T0003760,M00013,2024-01-02,F02,Program,45,20.7,24.3
T0003761,M00600,2024-01-04,F02,Program,50,23,27
T0003762,M01096,2024-01-11,F02,Program,60,27.6,32.4
T0003763,M01395,2024-01-08,F02,Program,60,27.6,32.4
T0003764,M00453,2024-01-18,F02,Program,60,27.6,32.4
T0003765,M01302,2024-01-04,F02,Program,60,27.6,32.4
T0003766,M00101,2024-01-08,F02,Program,45,20.7,24.3
T0003767,M00237,2024-01-04,F02,Program,50,23,27
T0003768,M00758,2024-01-01,F02,Program,50,23,27
T0003769,M01193,2024-01-22,F02,Program,60,27.6,32.4
T0003770,M01190,2024-01-02,F02,Program,60,27.6,32.4
T0003771,M00513,2024-01-12,F02,Program,60,27.6,32.4
T0003772,M00467,2024-10-08,F02,Program,60,27.6,32.4
T0003773,M00407,2024-10-20,F02,Program,60,27.6,32.4
T0003774,M01191,2024-10-11,F02,Program,60,27.6,32.4
T0003775,M00161,2024-10-14,F02,Program,65,29.9,35.1
T0003776,M00528,2024-10-01,F02,Program,75,34.5,40.5
T0003777,M00439,2024-10-13,F02,Program,65,29.9,35.1
T0003778,M00779,2024-10-09,F02,Program,75,34.5,40.5
T0003779,M00158,2024-10-23,F02,Program,65,29.9,35.1
T0003780,M00471,2024-10-11,F02,Program,75,34.5,40.5
T0003781,M01004,2024-10-22,F02,Program,75,34.5,40.5
T0003782,M00864,2024-10-01,F02,Program,75,34.5,40.5
T0003783,M00807,2024-10-17,F02,Program,75,34.5,40.5
T0003784,M00885,2024-10-18,F02,Program,75,34.5,40.5
T0003785,M01134,2024-10-10,F02,Program,60,27.6,32.4
T0003786,M00521,2024-10-03,F02,Program,60,27.6,32.4
T0003787,M00941,2024-10-23,F02,Program,75,34.5,40.5
T0003788,M01144,2024-10-17,F02,Program,60,27.6,32.4
T0003789,M00403,2024-10-09,F02,Program,75,34.5,40.5
T0003790,M00617,2024-10-15,F02,Program,60,27.6,32.4
T0003791,M00556,2024-10-18,F02,Program,75,34.5,40.5
T0003792,M00729,2024-10-15,F02,Program,75,34.5,40.5
T0003793,M00713,2024-10-11,F02,Program,75,34.5,40.5
T0003794,M00578,2024-10-07,F02,Program,75,34.5,40.5
T0003795,M00552,2024-10-02,F02,Program,75,34.5,40.5
T0003796,M00483,2024-10-03,F02,Program,65,29.9,35.1
T0003797,M00374,2024-10-22,F02,Program,75,34.5,40.5
T0003798,M00901,2024-10-07,F02,Program,75,34.5,40.5
T0003799,M01355,2024-10-24,F02,Program,65,29.9,35.1
T0003800,M00019,2024-10-08,F02,Program,75,34.5,40.5
T0003801,M00927,2024-10-01,F02,Program,60,27.6,32.4
T0003802,M00484,2024-09-14,F02,Program,80,36.8,43.2
T0003803,M00497,2024-09-03,F02,Program,90,41.4,48.6
T0003804,M00707,2024-09-01,F02,Program,80,36.8,43.2
T0003805,M00460,2024-09-14,F02,Program,90,41.4,48.6
T0003806,M00960,2024-09-07,F02,Program,80,36.8,43.2
T0003807,M00805,2024-09-08,F02,Program,90,41.4,48.6
T0003808,M01288,2024-09-17,F02,Program,90,41.4,48.6
T0003809,M00231,2024-09-07,F02,Program,80,36.8,43.2
T0003810,M00091,2024-09-18,F02,Program,90,41.4,48.6
T0003811,M00863,2024-09-09,F02,Program,90,41.4,48.6
T0003812,M01186,2024-09-11,F02,Program,90,41.4,48.6
T0003813,M00471,2024-09-11,F02,Program,80,36.8,43.2
T0003814,M01182,2024-09-15,F02,Program,80,36.8,43.2
T0003815,M00952,2024-09-01,F02,Program,75,34.5,40.5
T0003816,M00236,2024-09-22,F02,Program,90,41.4,48.6
T0003817,M00345,2024-09-03,F02,Program,90,41.4,48.6
T0003818,M00178,2024-09-16,F02,Program,90,41.4,48.6
T0003819,M00558,2024-09-06,F02,Program,75,34.5,40.5
T0003820,M00610,2024-09-14,F02,Program,90,41.4,48.6
T0003821,M00882,2024-09-02,F02,Program,75,34.5,40.5
T0003822,M00924,2024-09-13,F02,Program,90,41.4,48.6
T0003823,M00458,2024-09-20,F02,Program,90,41.4,48.6
T0003824,M00888,2024-09-25,F02,Program,80,36.8,43.2
T0003825,M01148,2024-09-03,F02,Program,90,41.4,48.6
T0003826,M00270,2024-09-12,F02,Program,90,41.4,48.6
T0003827,M00864,2024-09-08,F02,Program,90,41.4,48.6
T0003828,M00830,2024-09-07,F02,Program,90,41.4,48.6
T0003829,M01274,2024-09-01,F02,Program,75,34.5,40.5
T0003830,M00050,2024-09-14,F02,Program,90,41.4,48.6
T0003831,M00604,2024-09-01,F02,Program,80,36.8,43.2
T0003832,M00340,2024-09-21,F02,Program,75,34.5,40.5
T0003833,M00692,2024-09-09,F02,Program,90,41.4,48.6
T0003834,M01373,2024-09-02,F02,Program,80,36.8,43.2
T0003835,M00486,2024-01-02,F02,Program,90,41.4,48.6
T0003836,M01096,2024-01-02,F02,Program,90,41.4,48.6
T0003837,M00361,2024-01-17,F02,Program,90,41.4,48.6
T0003838,M01117,2024-01-18,F02,Program,90,41.4,48.6
T0003839,M00489,2024-01-17,F02,Program,80,36.8,43.2
T0003840,M00841,2024-01-13,F02,Program,75,34.5,40.5
T0003841,M00515,2024-01-09,F02,Program,75,34.5,40.5
T0003842,M00811,2024-01-23,F02,Program,90,41.4,48.6
T0003843,M00483,2024-01-12,F02,Program,75,34.5,40.5
T0003844,M00512,2024-01-17,F02,Program,75,34.5,40.5
T0003845,M00608,2024-01-02,F02,Program,90,41.4,48.6
T0003846,M00047,2024-01-18,F02,Program,90,41.4,48.6
T0003847,M01302,2024-01-24,F02,Program,80,36.8,43.2
T0003848,M00605,2024-01-20,F02,Program,80,36.8,43.2
T0003849,M01385,2024-01-18,F02,Program,75,34.5,40.5
T0003850,M00283,2024-01-09,F02,Program,90,41.4,48.6
T0003851,M00547,2024-01-04,F02,Program,90,41.4,48.6
T0003852,M01184,2024-01-07,F02,Program,90,41.4,48.6
T0003853,M01271,2024-01-10,F02,Program,80,36.8,43.2
T0003854,M00136,2024-01-03,F02,Program,90,41.4,48.6
T0003855,M00392,2024-01-02,F02,Program,90,41.4,48.6
T0003856,M00956,2024-01-13,F02,Program,75,34.5,40.5
T0003857,M00335,2024-01-23,F02,Program,90,41.4,48.6
T0003858,M00329,2024-01-23,F02,Program,90,41.4,48.6
T0003859,M00536,2024-01-23,F02,Program,90,41.4,48.6
T0003860,M01111,2024-01-18,F02,Program,80,36.8,43.2
T0003861,M00629,2024-01-18,F02,Program,90,41.4,48.6
T0003862,M00434,2024-01-15,F02,Program,75,34.5,40.5
T0003863,M00042,2024-01-18,F02,Program,90,41.4,48.6
T0003864,M01373,2024-01-11,F02,Program,80,36.8,43.2
T0003865,M00014,2024-01-13,F02,Program,75,34.5,40.5
T0003866,M00844,2024-01-22,F02,Program,75,34.5,40.5
T0003867,M00168,2024-01-02,F02,Program,65,29.9,35.1
T0003868,M00491,2024-01-13,F02,Program,65,29.9,35.1
T0003869,M01287,2024-01-07,F02,Program,75,34.5,40.5
T0003870,M01136,2024-01-14,F02,Program,75,34.5,40.5
T0003871,M01229,2024-01-08,F02,Program,60,27.6,32.4
T0003872,M01313,2024-01-09,F02,Program,75,34.5,40.5
T0003873,M00536,2024-01-22,F02,Program,65,29.9,35.1
T0003874,M00608,2024-01-08,F02,Program,75,34.5,40.5
T0003875,M00975,2024-01-16,F02,Program,75,34.5,40.5
T0003876,M00694,2024-01-03,F02,Program,60,27.6,32.4
T0003877,M00441,2024-01-14,F02,Program,65,29.9,35.1
T0003878,M00442,2024-01-19,F02,Program,75,34.5,40.5
T0003879,M00272,2024-01-10,F02,Program,75,34.5,40.5
T0003880,M00361,2024-01-11,F02,Program,75,34.5,40.5
T0003881,M01315,2024-01-10,F02,Program,65,29.9,35.1
T0003882,M01180,2024-01-06,F02,Program,75,34.5,40.5
T0003883,M01002,2024-01-25,F02,Program,65,29.9,35.1
T0003884,M00342,2024-01-07,F02,Program,75,34.5,40.5
T0003885,M00756,2024-01-21,F02,Program,75,34.5,40.5
T0003886,M01180,2024-01-02,F02,Program,75,34.5,40.5
T0003887,M00574,2024-01-22,F02,Program,75,34.5,40.5
T0003888,M01225,2024-01-17,F02,Program,75,34.5,40.5
T0003889,M01384,2024-01-21,F02,Program,65,29.9,35.1
T0003890,M00665,2024-01-10,F02,Program,75,34.5,40.5
T0003891,M00080,2024-01-11,F02,Program,65,29.9,35.1
T0003892,M00032,2024-01-24,F02,Program,75,34.5,40.5
T0003893,M01213,2024-01-18,F02,Program,75,34.5,40.5
T0003894,M00482,2024-01-16,F02,Program,60,27.6,32.4
T0003895,M00479,2024-01-02,F02,Program,60,27.6,32.4
T0003896,M00023,2024-01-03,F02,Program,75,34.5,40.5
T0003897,M00076,2024-01-24,F02,Program,75,34.5,40.5
T0003898,M01147,2024-01-11,F02,Program,75,34.5,40.5
T0003899,M00702,2024-09-16,F02,Program,75,34.5,40.5
T0003900,M00932,2024-09-04,F02,Program,60,27.6,32.4
T0003901,M01311,2024-09-23,F02,Program,75,34.5,40.5
T0003902,M00934,2024-09-11,F02,Program,60,27.6,32.4
T0003903,M00898,2024-09-06,F02,Program,75,34.5,40.5
T0003904,M01080,2024-09-17,F02,Program,75,34.5,40.5
T0003905,M00820,2024-09-11,F02,Program,75,34.5,40.5
T0003906,M00493,2024-09-09,F02,Program,75,34.5,40.5
T0003907,M01326,2024-09-04,F02,Program,75,34.5,40.5
T0003908,M00626,2024-09-01,F02,Program,65,29.9,35.1
T0003909,M00638,2024-09-09,F02,Program,75,34.5,40.5
T0003910,M01069,2024-09-17,F02,Program,65,29.9,35.1
T0003911,M00380,2024-09-14,F02,Program,75,34.5,40.5
T0003912,M00652,2024-09-23,F02,Program,60,27.6,32.4
T0003913,M00860,2024-09-08,F02,Program,75,34.5,40.5
T0003914,M00906,2024-09-17,F02,Program,65,29.9,35.1
T0003915,M00866,2024-09-14,F02,Program,75,34.5,40.5
T0003916,M01345,2024-09-20,F02,Program,60,27.6,32.4
T0003917,M00562,2024-09-08,F02,Program,65,29.9,35.1
T0003918,M00524,2024-09-21,F02,Program,60,27.6,32.4
T0003919,M00892,2024-09-03,F02,Program,75,34.5,40.5
T0003920,M01174,2024-09-04,F02,Program,65,29.9,35.1
T0003921,M00799,2024-09-24,F02,Program,60,27.6,32.4
T0003922,M00070,2024-09-10,F02,Program,65,29.9,35.1
T0003923,M01143,2024-09-13,F02,Program,65,29.9,35.1
T0003924,M00008,2024-09-07,F02,Program,75,34.5,40.5
T0003925,M00104,2024-09-22,F02,Program,60,27.6,32.4
T0003926,M00677,2024-09-04,F02,Program,65,29.9,35.1
T0003927,M00175,2024-09-11,F02,Program,60,27.6,32.4
T0003928,M00471,2024-09-09,F02,Program,75,34.5,40.5
T0003929,M00005,2024-09-08,F02,Program,65,29.9,35.1
T0003930,M01140,2024-09-13,F02,Program,60,27.6,32.4
T0003931,M01011,2024-09-02,F02,Program,75,34.5,40.5
T0003932,M00091,2024-09-14,F02,Program,75,34.5,40.5
T0003933,M00111,2024-09-24,F02,Program,65,29.9,35.1
T0003934,M00910,2024-09-24,F02,Program,65,29.9,35.1
T0003935,M00801,2024-09-24,F02,Program,65,29.9,35.1
T0003936,M00394,2024-08-25,F02,Program,80,36.8,43.2
T0003937,M01052,2024-08-24,F02,Program,75,34.5,40.5
T0003938,M00252,2024-08-16,F02,Program,90,41.4,48.6
T0003939,M01176,2024-08-14,F02,Program,90,41.4,48.6
T0003940,M00127,2024-08-02,F02,Program,75,34.5,40.5
T0003941,M00745,2024-08-24,F02,Program,75,34.5,40.5
T0003942,M01181,2024-08-15,F02,Program,90,41.4,48.6
T0003943,M00128,2024-08-21,F02,Program,90,41.4,48.6
T0003944,M00496,2024-08-05,F02,Program,80,36.8,43.2
T0003945,M01003,2024-08-06,F02,Program,75,34.5,40.5
T0003946,M00208,2024-08-05,F02,Program,90,41.4,48.6
T0003947,M00171,2024-08-22,F02,Program,90,41.4,48.6
T0003948,M00655,2024-08-01,F02,Program,75,34.5,40.5
T0003949,M01239,2024-08-20,F02,Program,75,34.5,40.5
T0003950,M00365,2024-08-13,F02,Program,90,41.4,48.6
T0003951,M01014,2024-08-22,F02,Program,90,41.4,48.6
T0003952,M01338,2024-08-23,F02,Program,90,41.4,48.6
T0003953,M01244,2024-08-14,F02,Program,75,34.5,40.5
T0003954,M00941,2024-08-08,F02,Program,90,41.4,48.6
T0003955,M00704,2024-08-16,F02,Program,80,36.8,43.2
T0003956,M00896,2024-08-03,F02,Program,90,41.4,48.6
T0003957,M01052,2024-08-17,F02,Program,90,41.4,48.6
T0003958,M01202,2024-08-22,F02,Program,75,34.5,40.5
T0003959,M00929,2024-08-16,F02,Program,90,41.4,48.6
T0003960,M00351,2024-08-25,F02,Program,90,41.4,48.6
T0003961,M00287,2024-08-13,F02,Program,90,41.4,48.6
T0003962,M01193,2024-08-02,F02,Program,75,34.5,40.5
T0003963,M00951,2024-08-03,F02,Program,80,36.8,43.2
T0003964,M00218,2024-08-21,F02,Program,80,36.8,43.2
T0003965,M00897,2024-08-19,F02,Program,90,41.4,48.6
T0003966,M00666,2024-08-07,F02,Program,90,41.4,48.6
T0003967,M00541,2024-08-03,F02,Program,90,41.4,48.6
T0003968,M00235,2024-08-10,F02,Program,90,41.4,48.6
T0003969,M00351,2024-08-06,F02,Program,90,41.4,48.6
T0003970,M00995,2024-08-09,F02,Program,75,34.5,40.5
T0003971,M00698,2024-08-16,F02,Program,90,41.4,48.6
T0003972,M00644,2024-08-07,F02,Program,90,41.4,48.6
T0003973,M01358,2024-08-02,F02,Program,75,34.5,40.5
T0003974,M00556,2024-08-03,F02,Program,80,36.8,43.2
T0003975,M01072,2024-08-14,F02,Program,75,34.5,40.5
T0003976,M00271,2024-08-14,F02,Program,90,41.4,48.6
T0003977,M01243,2024-08-20,F02,Program,75,34.5,40.5
T0003978,M00624,2024-08-06,F03,Program,75,34.5,40.5
T0003979,M00534,2024-08-03,F03,Program,65,29.9,35.1
T0003980,M00457,2024-08-14,F03,Program,75,34.5,40.5
T0003981,M01359,2024-08-11,F03,Program,75,34.5,40.5
T0003982,M00545,2024-08-17,F03,Program,75,34.5,40.5
T0003983,M00846,2024-08-04,F03,Program,75,34.5,40.5
T0003984,M00602,2024-08-24,F03,Program,65,29.9,35.1
T0003985,M00580,2024-08-06,F03,Program,75,34.5,40.5
T0003986,M00227,2024-08-22,F03,Program,75,34.5,40.5
T0003987,M00578,2024-08-02,F03,Program,60,27.6,32.4
T0003988,M01267,2024-08-20,F03,Program,75,34.5,40.5
T0003989,M00348,2024-08-18,F03,Program,65,29.9,35.1
T0003990,M01154,2024-08-15,F03,Program,75,34.5,40.5
T0003991,M00176,2024-03-10,F03,Program,60,27.6,32.4
T0003992,M01309,2024-03-12,F03,Program,60,27.6,32.4
T0003993,M00249,2024-03-21,F03,Program,75,34.5,40.5
T0003994,M01254,2024-03-05,F03,Program,60,27.6,32.4
T0003995,M01326,2024-03-01,F03,Program,75,34.5,40.5
T0003996,M00500,2024-03-25,F03,Program,60,27.6,32.4
T0003997,M00959,2024-03-14,F03,Program,75,34.5,40.5
T0003998,M01293,2024-03-06,F03,Program,60,27.6,32.4
T0003999,M01339,2024-03-05,F03,Program,65,29.9,35.1
T0004000,M00704,2024-03-16,F03,Program,75,34.5,40.5
T0004001,M00854,2024-03-02,F03,Program,65,29.9,35.1
T0004002,M00832,2024-03-14,F03,Program,75,34.5,40.5
T0004003,M00176,2024-10-02,F03,Program,45,20.7,24.3
T0004004,M00727,2024-10-08,F03,Program,45,20.7,24.3
T0004005,M01015,2024-10-09,F03,Program,45,20.7,24.3
T0004006,M00351,2024-10-24,F03,Program,35,16.1,18.9
T0004007,M01047,2024-10-08,F03,Program,45,20.7,24.3
T0004008,M01025,2024-10-18,F03,Program,35,16.1,18.9
T0004009,M00618,2024-10-25,F03,Program,45,20.7,24.3
T0004010,M01347,2024-10-19,F03,Program,45,20.7,24.3
T0004011,M01133,2024-10-17,F03,Program,45,20.7,24.3
T0004012,M00933,2024-10-24,F03,Program,45,20.7,24.3
T0004013,M00705,2024-10-25,F03,Program,35,16.1,18.9
T0004014,M01155,2024-10-19,F03,Program,45,20.7,24.3
T0004015,M00254,2024-10-22,F03,Program,45,20.7,24.3
T0004016,M01159,2024-10-01,F03,Program,35,16.1,18.9
T0004017,M00920,2024-10-07,F03,Program,45,20.7,24.3
T0004018,M00030,2024-10-20,F03,Program,45,20.7,24.3
T0004019,M01028,2024-10-12,F03,Program,45,20.7,24.3
T0004020,M00403,2024-10-09,F03,Program,45,20.7,24.3
T0004021,M01266,2024-10-21,F03,Program,35,16.1,18.9
T0004022,M00335,2024-10-11,F03,Program,35,16.1,18.9
T0004023,M00074,2024-10-24,F03,Program,45,20.7,24.3
T0004024,M00393,2024-10-24,F03,Program,45,20.7,24.3
T0004025,M00962,2024-10-21,F03,Program,45,20.7,24.3
T0004026,M01027,2024-10-23,F03,Program,45,20.7,24.3
T0004027,M00628,2024-10-14,F03,Program,60,27.6,32.4
T0004028,M01122,2024-10-06,F03,Program,45,20.7,24.3
T0004029,M01081,2024-10-21,F03,Program,60,27.6,32.4
T0004030,M00230,2024-10-24,F03,Program,60,27.6,32.4
T0004031,M00642,2024-10-16,F03,Program,45,20.7,24.3
T0004032,M00325,2024-10-21,F03,Program,50,23,27
T0004033,M00372,2024-10-01,F03,Program,50,23,27
T0004034,M00775,2024-10-06,F03,Program,60,27.6,32.4
T0004035,M00980,2024-10-21,F03,Program,60,27.6,32.4
T0004036,M00447,2024-10-09,F03,Program,45,20.7,24.3
T0004037,M01366,2024-10-04,F03,Program,60,27.6,32.4
T0004038,M01062,2024-10-20,F03,Program,45,20.7,24.3
T0004039,M00797,2024-10-04,F03,Program,45,20.7,24.3
T0004040,M00377,2024-10-13,F03,Program,50,23,27
T0004041,M00712,2024-10-11,F03,Program,60,27.6,32.4
T0004042,M01175,2024-10-14,F03,Program,60,27.6,32.4
T0004043,M00199,2024-10-02,F03,Program,50,23,27
T0004044,M00216,2024-10-23,F03,Program,60,27.6,32.4
T0004045,M01252,2024-10-04,F03,Program,60,27.6,32.4
T0004046,M00600,2024-10-14,F03,Program,50,23,27
T0004047,M01045,2024-10-14,F03,Program,45,20.7,24.3
T0004048,M01073,2024-09-24,F03,Program,105,48.3,56.7
T0004049,M00122,2024-09-03,F03,Program,120,55.2,64.8
T0004050,M00270,2024-09-10,F03,Program,120,55.2,64.8
T0004051,M01370,2024-09-02,F03,Program,105,48.3,56.7
T0004052,M00802,2024-09-14,F03,Program,105,48.3,56.7
T0004053,M00940,2024-09-03,F03,Program,120,55.2,64.8
T0004054,M00177,2024-09-06,F03,Program,120,55.2,64.8
T0004055,M00427,2024-09-08,F03,Program,120,55.2,64.8
T0004056,M00564,2024-09-18,F03,Program,120,55.2,64.8
T0004057,M00138,2024-09-02,F03,Program,105,48.3,56.7
T0004058,M00191,2024-09-07,F03,Program,120,55.2,64.8
T0004059,M00967,2024-09-12,F03,Program,120,55.2,64.8
T0004060,M00472,2024-09-02,F03,Program,110,50.6,59.4
T0004061,M00339,2024-09-16,F03,Program,120,55.2,64.8
T0004062,M01159,2024-09-05,F03,Program,120,55.2,64.8
T0004063,M00688,2024-09-11,F03,Program,120,55.2,64.8
T0004064,M00462,2024-04-17,F03,Program,65,29.9,35.1
T0004065,M01243,2024-04-21,F03,Program,75,34.5,40.5
T0004066,M00699,2024-04-24,F03,Program,65,29.9,35.1
T0004067,M01230,2024-04-03,F03,Program,75,34.5,40.5
T0004068,M00038,2024-04-08,F03,Program,60,27.6,32.4
T0004069,M01095,2024-04-16,F03,Program,75,34.5,40.5
T0004070,M01310,2024-04-23,F03,Program,75,34.5,40.5
T0004071,M00217,2024-04-13,F03,Program,75,34.5,40.5
T0004072,M00937,2024-04-09,F03,Program,75,34.5,40.5
T0004073,M00605,2024-04-02,F03,Program,60,27.6,32.4
T0004074,M00938,2024-04-18,F03,Program,65,29.9,35.1
T0004075,M00505,2024-04-01,F03,Program,75,34.5,40.5
T0004076,M00563,2024-08-24,F03,Program,45,20.7,24.3
T0004077,M00640,2024-08-04,F03,Program,45,20.7,24.3
T0004078,M00279,2024-08-05,F03,Program,45,20.7,24.3
T0004079,M00200,2024-08-09,F03,Program,45,20.7,24.3
T0004080,M01345,2024-08-24,F03,Program,45,20.7,24.3
T0004081,M00893,2024-08-22,F03,Program,45,20.7,24.3
T0004082,M01017,2024-08-20,F03,Program,35,16.1,18.9
T0004083,M01013,2024-08-25,F03,Program,45,20.7,24.3
T0004084,M00817,2024-08-22,F03,Program,30,13.8,16.2
T0004085,M00169,2024-08-22,F03,Program,45,20.7,24.3
T0004086,M00349,2024-08-01,F03,Program,35,16.1,18.9
T0004087,M01089,2024-08-12,F03,Program,30,13.8,16.2
T0004088,M00084,2024-08-09,F03,Program,45,20.7,24.3
T0004089,M01388,2024-08-03,F03,Program,45,20.7,24.3
T0004090,M00867,2024-01-06,F03,Program,110,50.6,59.4
T0004091,M00097,2024-01-06,F03,Program,120,55.2,64.8
T0004092,M00416,2024-01-17,F03,Program,105,48.3,56.7
T0004093,M00052,2024-01-10,F03,Program,120,55.2,64.8
T0004094,M01125,2024-01-06,F03,Program,120,55.2,64.8
T0004095,M01375,2024-01-13,F03,Program,120,55.2,64.8
T0004096,M00032,2024-01-24,F03,Program,105,48.3,56.7
T0004097,M00385,2024-01-22,F03,Program,105,48.3,56.7
T0004098,M01122,2024-01-11,F03,Program,120,55.2,64.8
T0004099,M00239,2024-01-18,F03,Program,120,55.2,64.8
T0004100,M00206,2024-01-19,F03,Program,120,55.2,64.8
T0004101,M01017,2024-01-02,F03,Program,120,55.2,64.8
T0004102,M00177,2024-01-05,F03,Program,105,48.3,56.7
T0004103,M00499,2024-01-15,F03,Program,110,50.6,59.4
T0004104,M00489,2024-01-22,F03,Program,120,55.2,64.8
T0004105,M00661,2024-01-08,F03,Program,105,48.3,56.7
T0004106,M00232,2024-01-15,F03,Program,120,55.2,64.8
T0004107,M00626,2024-01-06,F03,Program,120,55.2,64.8
T0004108,M00974,2024-01-22,F03,Program,120,55.2,64.8
T0004109,M01062,2024-01-10,F03,Program,120,55.2,64.8
T0004110,M00188,2024-01-01,F03,Program,120,55.2,64.8
T0004111,M00014,2024-09-12,F04,Program,120,55.2,64.8
T0004112,M01077,2024-09-19,F04,Program,110,50.6,59.4
T0004113,M01261,2024-09-11,F04,Program,120,55.2,64.8
T0004114,M01304,2024-09-06,F04,Program,105,48.3,56.7
T0004115,M00247,2024-09-06,F04,Program,105,48.3,56.7
T0004116,M00413,2024-09-18,F04,Program,120,55.2,64.8
T0004117,M00607,2024-09-14,F04,Program,120,55.2,64.8
T0004118,M00597,2024-09-03,F04,Program,120,55.2,64.8
T0004119,M00096,2024-09-18,F04,Program,120,55.2,64.8
T0004120,M00313,2024-09-16,F04,Program,120,55.2,64.8
T0004121,M01052,2024-09-25,F04,Program,120,55.2,64.8
T0004122,M01028,2024-09-25,F04,Program,120,55.2,64.8
T0004123,M01378,2024-09-17,F04,Program,110,50.6,59.4
T0004124,M00787,2024-09-16,F04,Program,110,50.6,59.4
T0004125,M00587,2024-06-17,F04,Program,105,48.3,56.7
T0004126,M00737,2024-06-17,F04,Program,120,55.2,64.8
T0004127,M01033,2024-06-01,F04,Program,120,55.2,64.8
T0004128,M00102,2024-06-06,F04,Program,120,55.2,64.8
T0004129,M00923,2024-06-18,F04,Program,120,55.2,64.8
T0004130,M00894,2024-06-03,F04,Program,120,55.2,64.8
T0004131,M00960,2024-06-04,F04,Program,120,55.2,64.8
T0004132,M00388,2024-06-03,F04,Program,120,55.2,64.8
T0004133,M01273,2024-06-02,F04,Program,120,55.2,64.8
T0004134,M00100,2024-06-04,F04,Program,110,50.6,59.4
T0004135,M00426,2024-06-02,F04,Program,110,50.6,59.4
T0004136,M00704,2024-08-02,F04,Program,60,27.6,32.4
T0004137,M00024,2024-08-12,F04,Program,45,20.7,24.3
T0004138,M00375,2024-08-17,F04,Program,60,27.6,32.4
T0004139,M01149,2024-08-18,F04,Program,45,20.7,24.3
T0004140,M01050,2024-08-09,F04,Program,60,27.6,32.4
T0004141,M00992,2024-08-01,F04,Program,60,27.6,32.4
T0004142,M00614,2024-08-04,F04,Program,60,27.6,32.4
T0004143,M01394,2024-08-10,F04,Program,50,23,27
T0004144,M00366,2024-08-23,F04,Program,50,23,27
T0004145,M00110,2024-08-02,F04,Program,60,27.6,32.4
T0004146,M00018,2024-08-12,F04,Program,60,27.6,32.4
T0004147,M00757,2024-08-08,F04,Program,60,27.6,32.4
T0004148,M00861,2024-03-03,F04,Program,45,20.7,24.3
T0004149,M00325,2024-03-02,F04,Program,45,20.7,24.3
T0004150,M01061,2024-03-11,F04,Program,45,20.7,24.3
T0004151,M00357,2024-03-17,F04,Program,45,20.7,24.3
T0004152,M01124,2024-03-09,F04,Program,45,20.7,24.3
T0004153,M01158,2024-03-25,F04,Program,45,20.7,24.3
T0004154,M00500,2024-03-08,F04,Program,30,13.8,16.2
T0004155,M00436,2024-03-19,F04,Program,45,20.7,24.3
T0004156,M01126,2024-03-14,F04,Program,45,20.7,24.3
T0004157,M00534,2024-03-01,F04,Program,30,13.8,16.2
T0004158,M01271,2024-03-01,F04,Program,45,20.7,24.3
T0004159,M00189,2024-03-03,F04,Program,45,20.7,24.3
T0004160,M00005,2024-03-04,F04,Program,30,13.8,16.2
T0004161,M00385,2024-03-02,F04,Program,35,16.1,18.9
T0004162,M01177,2024-03-25,F04,Program,35,16.1,18.9
T0004163,M00713,2024-03-21,F04,Program,35,16.1,18.9
T0004164,M00790,2024-03-24,F04,Program,45,20.7,24.3
T0004165,M00935,2024-03-04,F04,Program,45,20.7,24.3
T0004166,M00281,2024-03-11,F04,Program,45,20.7,24.3
T0004167,M00010,2024-03-09,F04,Program,30,13.8,16.2
T0004168,M01372,2024-03-07,F04,Program,45,20.7,24.3
T0004169,M01353,2024-03-05,F04,Program,35,16.1,18.9
T0004170,M00075,2024-03-23,F04,Program,45,20.7,24.3
T0004171,M00954,2024-03-20,F04,Program,35,16.1,18.9
T0004172,M00244,2024-03-22,F04,Program,45,20.7,24.3
T0004173,M00448,2024-03-14,F04,Program,45,20.7,24.3
T0004174,M01226,2024-03-12,F04,Program,45,20.7,24.3
T0004175,M00986,2024-03-05,F04,Program,35,16.1,18.9
T0004176,M00700,2024-03-17,F04,Program,35,16.1,18.9
T0004177,M01175,2024-03-05,F04,Program,45,20.7,24.3
T0004178,M00082,2024-03-04,F04,Program,30,13.8,16.2
T0004179,M00547,2024-03-06,F04,Program,30,13.8,16.2
T0004180,M01134,2024-03-08,F04,Program,45,20.7,24.3
T0004181,M01297,2024-03-05,F04,Program,35,16.1,18.9
T0004182,M00076,2024-03-02,F04,Program,45,20.7,24.3
T0004183,M00482,2024-03-01,F04,Program,45,20.7,24.3
T0004184,M00378,2024-03-21,F04,Program,30,13.8,16.2
T0004185,M00072,2024-08-15,F04,Program,65,29.9,35.1
T0004186,M01248,2024-08-16,F04,Program,75,34.5,40.5
T0004187,M00959,2024-08-12,F04,Program,75,34.5,40.5
T0004188,M00661,2024-08-13,F04,Program,75,34.5,40.5
T0004189,M00668,2024-08-19,F04,Program,65,29.9,35.1
T0004190,M00717,2024-08-06,F04,Program,65,29.9,35.1
T0004191,M00380,2024-08-12,F04,Program,65,29.9,35.1
T0004192,M01196,2024-08-07,F04,Program,60,27.6,32.4
T0004193,M00103,2024-08-22,F04,Program,65,29.9,35.1
T0004194,M00775,2024-08-01,F04,Program,75,34.5,40.5
T0004195,M00571,2024-08-01,F04,Program,75,34.5,40.5
T0004196,M01136,2024-08-04,F04,Program,75,34.5,40.5
T0004197,M00983,2024-08-21,F04,Program,75,34.5,40.5
T0004198,M00468,2024-08-04,F04,Program,75,34.5,40.5
T0004199,M00628,2024-08-14,F04,Program,75,34.5,40.5
T0004200,M01307,2024-08-08,F04,Program,75,34.5,40.5
T0004201,M00849,2024-08-16,F04,Program,75,34.5,40.5
T0004202,M00762,2024-08-06,F04,Program,75,34.5,40.5
T0004203,M00687,2024-08-10,F04,Program,75,34.5,40.5
T0004204,M00002,2024-08-04,F04,Program,75,34.5,40.5
T0004205,M00935,2024-08-13,F04,Program,65,29.9,35.1
T0004206,M00120,2024-08-19,F04,Program,75,34.5,40.5
T0004207,M00847,2024-08-18,F04,Program,75,34.5,40.5
T0004208,M00066,2024-08-14,F04,Program,60,27.6,32.4
T0004209,M00997,2024-08-25,F04,Program,75,34.5,40.5
T0004210,M01192,2024-08-07,F04,Program,60,27.6,32.4
T0004211,M00114,2024-01-11,F04,Program,90,41.4,48.6
T0004212,M00002,2024-01-09,F04,Program,90,41.4,48.6
T0004213,M01006,2024-01-13,F04,Program,75,34.5,40.5
T0004214,M00055,2024-01-22,F04,Program,90,41.4,48.6
T0004215,M00831,2024-01-01,F04,Program,90,41.4,48.6
T0004216,M01396,2024-01-21,F04,Program,90,41.4,48.6
T0004217,M00253,2024-01-09,F04,Program,90,41.4,48.6
T0004218,M00891,2024-01-05,F04,Program,90,41.4,48.6
T0004219,M00217,2024-01-15,F04,Program,75,34.5,40.5
T0004220,M00290,2024-01-13,F04,Program,90,41.4,48.6
T0004221,M00979,2024-01-17,F04,Program,90,41.4,48.6
T0004222,M00229,2024-01-07,F04,Program,80,36.8,43.2
T0004223,M00037,2024-01-12,F04,Program,90,41.4,48.6
T0004224,M00813,2024-01-19,F04,Program,90,41.4,48.6
T0004225,M00153,2024-01-14,F04,Program,90,41.4,48.6
T0004226,M01370,2024-01-17,F04,Program,75,34.5,40.5
T0004227,M00629,2024-01-21,F04,Program,80,36.8,43.2
T0004228,M00557,2024-01-14,F04,Program,90,41.4,48.6
T0004229,M00397,2024-01-22,F04,Program,90,41.4,48.6
T0004230,M00110,2024-01-22,F04,Program,90,41.4,48.6
T0004231,M00642,2024-01-13,F04,Program,90,41.4,48.6
T0004232,M00938,2024-01-16,F04,Program,80,36.8,43.2
T0004233,M00326,2024-01-24,F04,Program,80,36.8,43.2
T0004234,M00147,2024-01-01,F04,Program,75,34.5,40.5
T0004235,M01183,2024-01-14,F04,Program,90,41.4,48.6
T0004236,M00121,2024-01-05,F04,Program,75,34.5,40.5
T0004237,M00234,2024-01-22,F04,Program,80,36.8,43.2
T0004238,M01341,2024-01-19,F04,Program,75,34.5,40.5
T0004239,M01391,2024-01-13,F04,Program,90,41.4,48.6
T0004240,M01387,2024-01-24,F04,Program,90,41.4,48.6
T0004241,M01279,2024-01-24,F04,Program,90,41.4,48.6
T0004242,M01017,2024-01-15,F04,Program,90,41.4,48.6
T0004243,M01198,2024-01-21,F04,Program,80,36.8,43.2
T0004244,M01399,2024-01-12,F04,Program,75,34.5,40.5
T0004245,M00310,2024-01-15,F04,Program,75,34.5,40.5
T0004246,M00636,2024-01-14,F04,Program,90,41.4,48.6
T0004247,M01167,2024-01-10,F04,Program,90,41.4,48.6
T0004248,M00306,2024-01-17,F04,Program,65,29.9,35.1
T0004249,M00653,2024-01-15,F04,Program,75,34.5,40.5
T0004250,M00199,2024-01-10,F04,Program,75,34.5,40.5
T0004251,M01047,2024-01-04,F04,Program,60,27.6,32.4
T0004252,M00156,2024-01-01,F04,Program,75,34.5,40.5
T0004253,M01119,2024-01-25,F04,Program,75,34.5,40.5
T0004254,M00457,2024-01-08,F04,Program,75,34.5,40.5
T0004255,M00076,2024-01-16,F04,Program,75,34.5,40.5
T0004256,M00994,2024-01-12,F04,Program,75,34.5,40.5
T0004257,M00370,2024-01-04,F04,Program,60,27.6,32.4
T0004258,M00596,2024-01-20,F04,Program,60,27.6,32.4
T0004259,M00498,2024-04-12,F04,Program,45,20.7,24.3
T0004260,M01325,2024-04-14,F04,Program,45,20.7,24.3
T0004261,M00351,2024-04-11,F04,Program,35,16.1,18.9
T0004262,M00386,2024-04-02,F04,Program,45,20.7,24.3
T0004263,M00544,2024-04-11,F04,Program,45,20.7,24.3
T0004264,M01226,2024-04-14,F04,Program,45,20.7,24.3
T0004265,M00390,2024-04-03,F04,Program,45,20.7,24.3
T0004266,M01382,2024-04-03,F04,Program,45,20.7,24.3
T0004267,M01379,2024-04-05,F04,Program,45,20.7,24.3
T0004268,M00405,2024-04-22,F04,Program,45,20.7,24.3
T0004269,M00253,2024-04-21,F04,Program,45,20.7,24.3
T0004270,M00648,2024-04-02,F04,Program,35,16.1,18.9
T0004271,M00663,2024-04-08,F04,Program,30,13.8,16.2
T0004272,M00638,2024-04-19,F04,Program,30,13.8,16.2
T0004273,M01142,2024-04-05,F04,Program,45,20.7,24.3
T0004274,M01122,2024-04-14,F04,Program,45,20.7,24.3
T0004275,M00558,2024-04-22,F04,Program,45,20.7,24.3
T0004276,M00122,2024-04-19,F04,Program,45,20.7,24.3
T0004277,M00193,2025-08-19,F01,Program,45,20.7,24.3
T0004278,M00160,2025-08-06,F01,Program,45,20.7,24.3
T0004279,M01274,2025-08-05,F01,Program,45,20.7,24.3
T0004280,M00822,2025-08-10,F01,Program,45,20.7,24.3
T0004281,M01352,2025-08-22,F01,Program,35,16.1,18.9
T0004282,M00509,2025-08-14,F01,Program,30,13.8,16.2
T0004283,M00406,2025-08-07,F01,Program,45,20.7,24.3
T0004284,M00752,2025-08-16,F01,Program,45,20.7,24.3
T0004285,M00848,2025-08-05,F01,Program,45,20.7,24.3
T0004286,M00453,2025-08-13,F01,Program,35,16.1,18.9
T0004287,M01344,2025-08-07,F01,Program,30,13.8,16.2
T0004288,M00457,2025-08-24,F01,Program,35,16.1,18.9
T0004289,M00691,2025-08-20,F01,Program,45,20.7,24.3
T0004290,M00576,2025-08-08,F01,Program,45,20.7,24.3
T0004291,M01399,2025-08-09,F01,Program,45,20.7,24.3
T0004292,M01051,2025-08-14,F01,Program,35,16.1,18.9
T0004293,M00821,2025-08-01,F01,Program,30,13.8,16.2
T0004294,M00935,2025-08-12,F01,Program,45,20.7,24.3
T0004295,M00699,2025-08-20,F01,Program,30,13.8,16.2
T0004296,M01142,2025-08-06,F01,Program,35,16.1,18.9
T0004297,M00248,2025-08-05,F01,Program,45,20.7,24.3
T0004298,M00248,2025-08-20,F01,Program,45,20.7,24.3
T0004299,M00026,2025-08-23,F01,Program,45,20.7,24.3
T0004300,M00181,2025-08-03,F01,Program,35,16.1,18.9
T0004301,M01021,2025-08-24,F01,Program,45,20.7,24.3
T0004302,M00407,2025-08-06,F01,Program,45,20.7,24.3
T0004303,M01274,2025-08-09,F01,Program,45,20.7,24.3
T0004304,M00077,2025-08-10,F01,Program,30,13.8,16.2
T0004305,M00162,2025-08-24,F01,Program,45,20.7,24.3
T0004306,M01136,2025-08-04,F01,Program,45,20.7,24.3
T0004307,M00487,2025-01-12,F01,Program,75,34.5,40.5
T0004308,M00752,2025-01-14,F01,Program,65,29.9,35.1
T0004309,M00872,2025-01-05,F01,Program,75,34.5,40.5
T0004310,M00711,2025-01-18,F01,Program,75,34.5,40.5
T0004311,M01368,2025-01-02,F01,Program,75,34.5,40.5
T0004312,M00912,2025-01-12,F01,Program,65,29.9,35.1
T0004313,M00411,2025-01-03,F01,Program,65,29.9,35.1
T0004314,M00568,2025-01-14,F01,Program,60,27.6,32.4
T0004315,M01151,2025-01-13,F01,Program,75,34.5,40.5
T0004316,M00598,2025-01-17,F01,Program,60,27.6,32.4
T0004317,M01252,2025-01-25,F01,Program,75,34.5,40.5
T0004318,M00031,2025-01-25,F01,Program,65,29.9,35.1
T0004319,M00738,2025-01-13,F01,Program,75,34.5,40.5
T0004320,M00013,2025-01-23,F01,Program,75,34.5,40.5
T0004321,M00388,2025-01-02,F01,Program,75,34.5,40.5
T0004322,M01237,2025-01-03,F01,Program,120,55.2,64.8
T0004323,M00373,2025-01-23,F01,Program,110,50.6,59.4
T0004324,M00904,2025-01-07,F01,Program,110,50.6,59.4
T0004325,M01199,2025-01-24,F01,Program,110,50.6,59.4
T0004326,M01202,2025-01-22,F01,Program,110,50.6,59.4
T0004327,M00350,2025-01-24,F01,Program,120,55.2,64.8
T0004328,M01064,2025-01-10,F01,Program,120,55.2,64.8
T0004329,M00977,2025-01-10,F01,Program,120,55.2,64.8
T0004330,M00316,2025-01-03,F01,Program,110,50.6,59.4
T0004331,M00733,2025-01-19,F01,Program,110,50.6,59.4
T0004332,M01141,2025-01-02,F01,Program,120,55.2,64.8
T0004333,M00147,2025-01-06,F01,Program,110,50.6,59.4
T0004334,M00833,2025-01-01,F01,Program,120,55.2,64.8
T0004335,M00359,2025-01-04,F01,Program,120,55.2,64.8
T0004336,M00510,2025-01-22,F01,Program,120,55.2,64.8
T0004337,M01138,2025-01-25,F01,Program,120,55.2,64.8
T0004338,M00986,2025-01-02,F01,Program,120,55.2,64.8
T0004339,M00673,2025-01-11,F01,Program,120,55.2,64.8
T0004340,M00067,2025-01-10,F01,Program,120,55.2,64.8
T0004341,M00217,2025-01-23,F01,Program,120,55.2,64.8
T0004342,M01247,2025-01-24,F01,Program,120,55.2,64.8
T0004343,M00198,2025-01-22,F01,Program,110,50.6,59.4
T0004344,M00974,2025-01-05,F01,Program,120,55.2,64.8
T0004345,M00199,2025-01-25,F01,Program,105,48.3,56.7
T0004346,M00794,2025-01-24,F01,Program,110,50.6,59.4
T0004347,M00922,2025-01-01,F01,Program,120,55.2,64.8
T0004348,M01101,2025-01-08,F01,Program,120,55.2,64.8
T0004349,M01041,2025-01-22,F01,Program,110,50.6,59.4
T0004350,M01248,2025-01-02,F01,Program,110,50.6,59.4
T0004351,M00032,2025-01-07,F01,Program,120,55.2,64.8
T0004352,M00479,2025-01-06,F01,Program,60,27.6,32.4
T0004353,M00108,2025-01-08,F01,Program,65,29.9,35.1
T0004354,M00644,2025-01-16,F01,Program,75,34.5,40.5
T0004355,M00680,2025-01-16,F01,Program,65,29.9,35.1
T0004356,M01115,2025-01-11,F01,Program,75,34.5,40.5
T0004357,M00149,2025-01-23,F01,Program,75,34.5,40.5
T0004358,M01034,2025-01-06,F01,Program,75,34.5,40.5
T0004359,M00545,2025-01-06,F01,Program,75,34.5,40.5
T0004360,M00898,2025-01-24,F01,Program,75,34.5,40.5
T0004361,M00417,2025-01-16,F01,Program,60,27.6,32.4
T0004362,M00584,2025-01-19,F01,Program,60,27.6,32.4
T0004363,M00671,2025-01-01,F01,Program,75,34.5,40.5
T0004364,M00955,2025-01-18,F01,Program,75,34.5,40.5
T0004365,M00046,2025-01-08,F01,Program,60,27.6,32.4
T0004366,M00174,2025-01-19,F01,Program,60,27.6,32.4
T0004367,M00383,2025-01-06,F01,Program,75,34.5,40.5
T0004368,M00880,2025-01-25,F01,Program,65,29.9,35.1
T0004369,M01170,2025-01-11,F01,Program,60,27.6,32.4
T0004370,M00533,2025-01-18,F01,Program,65,29.9,35.1
T0004371,M01311,2025-01-24,F01,Program,60,27.6,32.4
T0004372,M01383,2025-04-09,F01,Program,60,27.6,32.4
T0004373,M01258,2025-04-19,F01,Program,60,27.6,32.4
T0004374,M00618,2025-04-07,F01,Program,50,23,27
T0004375,M00836,2025-04-05,F01,Program,45,20.7,24.3
T0004376,M00400,2025-04-19,F01,Program,50,23,27
T0004377,M00639,2025-04-12,F01,Program,60,27.6,32.4
T0004378,M01328,2025-04-01,F01,Program,50,23,27
T0004379,M00195,2025-04-02,F01,Program,50,23,27
T0004380,M00865,2025-04-12,F01,Program,60,27.6,32.4
T0004381,M01063,2025-04-08,F01,Program,60,27.6,32.4
T0004382,M00030,2025-04-02,F01,Program,60,27.6,32.4
T0004383,M01367,2025-04-07,F01,Program,60,27.6,32.4
T0004384,M01064,2025-04-25,F01,Program,60,27.6,32.4
T0004385,M00056,2025-04-24,F01,Program,45,20.7,24.3
T0004386,M00859,2025-04-08,F01,Program,50,23,27
T0004387,M01022,2025-04-21,F01,Program,50,23,27
T0004388,M00168,2025-04-22,F01,Program,60,27.6,32.4
T0004389,M01383,2025-04-22,F01,Program,50,23,27
T0004390,M00402,2025-04-09,F01,Program,60,27.6,32.4
T0004391,M00257,2025-01-24,F01,Program,75,34.5,40.5
T0004392,M00917,2025-01-15,F01,Program,60,27.6,32.4
T0004393,M00572,2025-01-23,F01,Program,65,29.9,35.1
T0004394,M01146,2025-01-12,F01,Program,65,29.9,35.1
T0004395,M00313,2025-01-20,F01,Program,65,29.9,35.1
T0004396,M00583,2025-01-08,F01,Program,75,34.5,40.5
T0004397,M00841,2025-01-07,F01,Program,75,34.5,40.5
T0004398,M00831,2025-01-14,F01,Program,60,27.6,32.4
T0004399,M00540,2025-01-09,F01,Program,75,34.5,40.5
T0004400,M01036,2025-01-19,F01,Program,75,34.5,40.5
T0004401,M00679,2025-01-18,F01,Program,60,27.6,32.4
T0004402,M00254,2025-01-10,F01,Program,75,34.5,40.5
T0004403,M00751,2025-01-21,F01,Program,75,34.5,40.5
T0004404,M01101,2025-01-18,F01,Program,75,34.5,40.5
T0004405,M00308,2025-01-03,F01,Program,75,34.5,40.5
T0004406,M00027,2025-01-22,F01,Program,75,34.5,40.5
T0004407,M00026,2025-01-05,F01,Program,75,34.5,40.5
T0004408,M01017,2025-01-12,F01,Program,60,27.6,32.4
T0004409,M01392,2025-01-11,F01,Program,75,34.5,40.5
T0004410,M00033,2025-01-13,F01,Program,75,34.5,40.5
T0004411,M00290,2025-01-08,F01,Program,45,20.7,24.3
T0004412,M01084,2025-01-16,F01,Program,45,20.7,24.3
T0004413,M00620,2025-01-18,F01,Program,45,20.7,24.3
T0004414,M00460,2025-01-17,F01,Program,45,20.7,24.3
T0004415,M00470,2025-01-09,F01,Program,45,20.7,24.3
T0004416,M00629,2025-01-03,F01,Program,45,20.7,24.3
T0004417,M01201,2025-01-08,F01,Program,35,16.1,18.9
T0004418,M00332,2025-01-25,F01,Program,30,13.8,16.2
T0004419,M00796,2025-01-14,F01,Program,45,20.7,24.3
T0004420,M00047,2025-01-25,F01,Program,45,20.7,24.3
T0004421,M01279,2025-01-10,F01,Program,45,20.7,24.3
T0004422,M00003,2025-01-25,F01,Program,45,20.7,24.3
T0004423,M00779,2025-01-04,F01,Program,35,16.1,18.9
T0004424,M01049,2025-01-23,F01,Program,35,16.1,18.9
T0004425,M00266,2025-01-15,F01,Program,45,20.7,24.3
T0004426,M00391,2025-01-02,F01,Program,45,20.7,24.3
T0004427,M00650,2025-01-05,F01,Program,35,16.1,18.9
T0004428,M00860,2025-01-15,F01,Program,45,20.7,24.3
T0004429,M00905,2025-01-19,F01,Program,35,16.1,18.9
T0004430,M01064,2025-01-13,F01,Program,45,20.7,24.3
T0004431,M01181,2025-01-14,F01,Program,30,13.8,16.2
T0004432,M01282,2025-01-03,F01,Program,45,20.7,24.3
T0004433,M01300,2025-01-13,F01,Program,45,20.7,24.3
T0004434,M00882,2025-01-22,F01,Program,30,13.8,16.2
T0004435,M00305,2025-01-14,F01,Program,45,20.7,24.3
T0004436,M00073,2025-01-20,F01,Program,45,20.7,24.3
T0004437,M00651,2025-01-10,F01,Program,30,13.8,16.2
T0004438,M00733,2025-01-19,F01,Program,45,20.7,24.3
T0004439,M00802,2025-01-04,F01,Program,45,20.7,24.3
T0004440,M00579,2025-01-16,F01,Program,45,20.7,24.3
T0004441,M01339,2025-01-10,F01,Program,45,20.7,24.3
T0004442,M01260,2025-01-08,F01,Program,35,16.1,18.9
T0004443,M00751,2025-01-12,F01,Program,35,16.1,18.9
T0004444,M01281,2025-01-18,F01,Program,35,16.1,18.9
T0004445,M00099,2025-01-15,F01,Program,45,20.7,24.3
T0004446,M00027,2025-04-01,F01,Program,45,20.7,24.3
T0004447,M01224,2025-04-03,F01,Program,45,20.7,24.3
T0004448,M00258,2025-04-09,F01,Program,35,16.1,18.9
T0004449,M01274,2025-04-06,F01,Program,45,20.7,24.3
T0004450,M00389,2025-04-24,F01,Program,45,20.7,24.3
T0004451,M00844,2025-04-20,F01,Program,45,20.7,24.3
T0004452,M00452,2025-04-03,F01,Program,45,20.7,24.3
T0004453,M01313,2025-04-07,F01,Program,45,20.7,24.3
T0004454,M00781,2025-04-02,F01,Program,45,20.7,24.3
T0004455,M00046,2025-04-09,F01,Program,45,20.7,24.3
T0004456,M00595,2025-04-20,F01,Program,45,20.7,24.3
T0004457,M01377,2025-04-02,F01,Program,35,16.1,18.9
T0004458,M00068,2025-04-18,F01,Program,45,20.7,24.3
T0004459,M01212,2025-04-05,F01,Program,45,20.7,24.3
T0004460,M01089,2025-04-23,F01,Program,45,20.7,24.3
T0004461,M00632,2025-04-12,F01,Program,45,20.7,24.3
T0004462,M01400,2025-04-20,F01,Program,35,16.1,18.9
T0004463,M01377,2025-04-08,F01,Program,30,13.8,16.2
T0004464,M01153,2025-04-10,F01,Program,30,13.8,16.2
T0004465,M01057,2025-04-25,F01,Program,45,20.7,24.3
T0004466,M00697,2025-04-15,F01,Program,45,20.7,24.3
T0004467,M00056,2025-04-17,F01,Program,30,13.8,16.2
T0004468,M00515,2025-04-12,F01,Program,35,16.1,18.9
T0004469,M01326,2025-04-20,F01,Program,45,20.7,24.3
T0004470,M00354,2025-04-16,F01,Program,45,20.7,24.3
T0004471,M00607,2025-04-24,F01,Program,45,20.7,24.3
T0004472,M00100,2025-04-07,F01,Program,45,20.7,24.3
T0004473,M01157,2025-04-04,F01,Program,45,20.7,24.3
T0004474,M00260,2025-04-13,F01,Program,45,20.7,24.3
T0004475,M00612,2025-04-03,F01,Program,45,20.7,24.3
T0004476,M00119,2025-04-08,F01,Program,35,16.1,18.9
T0004477,M00716,2025-04-07,F01,Program,45,20.7,24.3
T0004478,M00329,2025-04-25,F01,Program,35,16.1,18.9
T0004479,M00740,2025-03-13,F02,Program,105,48.3,56.7
T0004480,M00590,2025-03-23,F02,Program,120,55.2,64.8
T0004481,M00768,2025-03-18,F02,Program,120,55.2,64.8
T0004482,M00022,2025-03-17,F02,Program,120,55.2,64.8
T0004483,M00346,2025-03-07,F02,Program,120,55.2,64.8
T0004484,M00646,2025-03-08,F02,Program,120,55.2,64.8
T0004485,M00733,2025-03-24,F02,Program,120,55.2,64.8
T0004486,M01031,2025-03-01,F02,Program,120,55.2,64.8
T0004487,M00436,2025-03-01,F02,Program,120,55.2,64.8
T0004488,M00629,2025-03-02,F02,Program,120,55.2,64.8
T0004489,M00670,2025-03-13,F02,Program,120,55.2,64.8
T0004490,M00871,2025-03-14,F02,Program,120,55.2,64.8
T0004491,M01041,2025-03-23,F02,Program,120,55.2,64.8
T0004492,M00259,2025-03-20,F02,Program,110,50.6,59.4
T0004493,M00218,2025-03-12,F02,Program,120,55.2,64.8
T0004494,M00633,2025-03-15,F02,Program,120,55.2,64.8
T0004495,M01000,2025-03-10,F02,Program,120,55.2,64.8
T0004496,M00169,2025-03-13,F02,Program,120,55.2,64.8
T0004497,M01312,2025-01-11,F02,Program,90,41.4,48.6
T0004498,M00805,2025-01-09,F02,Program,75,34.5,40.5
T0004499,M00923,2025-01-04,F02,Program,80,36.8,43.2
T0004500,M00589,2025-01-13,F02,Program,75,34.5,40.5
T0004501,M00991,2025-01-20,F02,Program,75,34.5,40.5
T0004502,M00653,2025-01-22,F02,Program,90,41.4,48.6
T0004503,M00550,2025-01-21,F02,Program,90,41.4,48.6
T0004504,M00120,2025-01-16,F02,Program,80,36.8,43.2
T0004505,M00570,2025-01-09,F02,Program,90,41.4,48.6
T0004506,M00549,2025-01-02,F02,Program,75,34.5,40.5
T0004507,M00844,2025-01-11,F02,Program,80,36.8,43.2
T0004508,M00169,2025-01-13,F02,Program,80,36.8,43.2
T0004509,M00312,2025-01-02,F02,Program,90,41.4,48.6
T0004510,M00113,2025-01-15,F02,Program,90,41.4,48.6
T0004511,M00672,2025-01-21,F02,Program,90,41.4,48.6
T0004512,M01168,2025-01-25,F02,Program,90,41.4,48.6
T0004513,M00536,2025-01-11,F02,Program,80,36.8,43.2
T0004514,M00589,2025-01-19,F02,Program,90,41.4,48.6
T0004515,M01393,2025-01-25,F02,Program,90,41.4,48.6
T0004516,M00469,2025-01-19,F02,Program,90,41.4,48.6
T0004517,M01033,2025-01-05,F02,Program,90,41.4,48.6
T0004518,M00142,2025-01-01,F02,Program,90,41.4,48.6
T0004519,M01277,2025-01-13,F02,Program,90,41.4,48.6
T0004520,M01093,2025-01-08,F02,Program,80,36.8,43.2
T0004521,M00397,2025-08-09,F02,Program,90,41.4,48.6
T0004522,M01045,2025-08-11,F02,Program,90,41.4,48.6
T0004523,M00280,2025-08-18,F02,Program,75,34.5,40.5
T0004524,M00481,2025-08-11,F02,Program,90,41.4,48.6
T0004525,M00213,2025-08-05,F02,Program,90,41.4,48.6
T0004526,M00745,2025-08-16,F02,Program,90,41.4,48.6
T0004527,M00626,2025-08-14,F02,Program,90,41.4,48.6
T0004528,M01392,2025-08-04,F02,Program,90,41.4,48.6
T0004529,M00598,2025-08-02,F02,Program,90,41.4,48.6
T0004530,M00083,2025-08-03,F02,Program,75,34.5,40.5
T0004531,M00625,2025-08-02,F02,Program,90,41.4,48.6
T0004532,M00409,2025-08-01,F02,Program,90,41.4,48.6
T0004533,M00466,2025-08-07,F02,Program,90,41.4,48.6
T0004534,M00532,2025-08-11,F02,Program,75,34.5,40.5
T0004535,M00661,2025-08-16,F02,Program,90,41.4,48.6
T0004536,M00560,2025-08-19,F02,Program,90,41.4,48.6
T0004537,M00085,2025-08-02,F02,Program,90,41.4,48.6
T0004538,M00651,2025-08-11,F02,Program,90,41.4,48.6
T0004539,M00791,2025-08-22,F02,Program,80,36.8,43.2
T0004540,M00835,2025-08-21,F02,Program,90,41.4,48.6
T0004541,M01334,2025-08-06,F02,Program,90,41.4,48.6
T0004542,M00447,2025-08-06,F02,Program,80,36.8,43.2
T0004543,M00169,2025-08-17,F02,Program,90,41.4,48.6
T0004544,M00757,2025-08-16,F02,Program,90,41.4,48.6
T0004545,M00330,2025-08-16,F02,Program,90,41.4,48.6
T0004546,M01341,2025-08-06,F02,Program,90,41.4,48.6
T0004547,M00119,2025-08-06,F02,Program,90,41.4,48.6
T0004548,M01165,2025-08-01,F02,Program,90,41.4,48.6
T0004549,M00707,2025-08-17,F02,Program,90,41.4,48.6
T0004550,M01349,2025-08-05,F02,Program,75,34.5,40.5
T0004551,M00536,2025-08-03,F02,Program,90,41.4,48.6
T0004552,M00070,2025-08-19,F02,Program,80,36.8,43.2
T0004553,M00427,2025-08-11,F02,Program,90,41.4,48.6
T0004554,M01303,2025-08-20,F02,Program,90,41.4,48.6
T0004555,M01354,2025-04-19,F02,Program,120,55.2,64.8
T0004556,M00377,2025-04-13,F02,Program,120,55.2,64.8
T0004557,M00321,2025-04-15,F02,Program,110,50.6,59.4
T0004558,M01398,2025-04-23,F02,Program,105,48.3,56.7
T0004559,M01363,2025-04-07,F02,Program,120,55.2,64.8
T0004560,M01275,2025-04-06,F02,Program,120,55.2,64.8
T0004561,M00772,2025-04-14,F02,Program,120,55.2,64.8
T0004562,M01019,2025-04-14,F02,Program,120,55.2,64.8
T0004563,M00472,2025-04-11,F02,Program,120,55.2,64.8
T0004564,M00191,2025-04-14,F02,Program,120,55.2,64.8
T0004565,M01007,2025-04-02,F02,Program,120,55.2,64.8
T0004566,M00426,2025-04-07,F02,Program,120,55.2,64.8
T0004567,M01377,2025-04-10,F02,Program,120,55.2,64.8
T0004568,M00168,2025-04-08,F02,Program,105,48.3,56.7
T0004569,M01356,2025-04-12,F02,Program,105,48.3,56.7
T0004570,M01094,2025-04-09,F02,Program,110,50.6,59.4
T0004571,M01124,2025-04-23,F02,Program,105,48.3,56.7
T0004572,M01123,2025-04-01,F02,Program,120,55.2,64.8
T0004573,M00597,2025-04-03,F02,Program,120,55.2,64.8
T0004574,M01154,2025-04-03,F02,Program,120,55.2,64.8
T0004575,M00094,2025-08-06,F02,Program,105,48.3,56.7
T0004576,M00743,2025-08-14,F02,Program,105,48.3,56.7
T0004577,M01223,2025-08-08,F02,Program,120,55.2,64.8
T0004578,M00589,2025-08-09,F02,Program,120,55.2,64.8
T0004579,M00459,2025-08-19,F02,Program,110,50.6,59.4
T0004580,M01034,2025-08-23,F02,Program,120,55.2,64.8
T0004581,M01247,2025-08-16,F02,Program,110,50.6,59.4
T0004582,M00128,2025-08-05,F02,Program,120,55.2,64.8
T0004583,M00614,2025-08-01,F02,Program,110,50.6,59.4
T0004584,M00560,2025-08-08,F02,Program,120,55.2,64.8
T0004585,M00092,2025-08-12,F02,Program,110,50.6,59.4
T0004586,M00650,2025-08-17,F02,Program,120,55.2,64.8
T0004587,M00855,2025-08-20,F02,Program,120,55.2,64.8
T0004588,M00999,2025-08-16,F02,Program,120,55.2,64.8
T0004589,M00435,2025-08-16,F02,Program,120,55.2,64.8
T0004590,M00507,2025-08-24,F02,Program,105,48.3,56.7
T0004591,M00851,2025-08-20,F02,Program,120,55.2,64.8
T0004592,M00309,2025-08-21,F02,Program,105,48.3,56.7
T0004593,M00184,2025-08-04,F02,Program,120,55.2,64.8
T0004594,M00338,2025-08-02,F02,Program,110,50.6,59.4
T0004595,M00579,2025-08-11,F02,Program,120,55.2,64.8
T0004596,M00879,2025-08-17,F02,Program,120,55.2,64.8
T0004597,M00675,2025-08-16,F02,Program,120,55.2,64.8
T0004598,M01212,2025-08-03,F02,Program,110,50.6,59.4
T0004599,M00873,2025-08-19,F02,Program,120,55.2,64.8
T0004600,M00232,2025-08-03,F02,Program,105,48.3,56.7
T0004601,M01273,2025-01-11,F02,Program,105,48.3,56.7
T0004602,M00580,2025-01-03,F02,Program,120,55.2,64.8
T0004603,M00945,2025-01-10,F02,Program,105,48.3,56.7
T0004604,M00206,2025-01-19,F02,Program,110,50.6,59.4
T0004605,M00851,2025-01-19,F02,Program,120,55.2,64.8
T0004606,M01016,2025-01-18,F02,Program,120,55.2,64.8
T0004607,M01171,2025-01-23,F02,Program,110,50.6,59.4
T0004608,M00624,2025-01-11,F02,Program,120,55.2,64.8
T0004609,M01315,2025-01-06,F02,Program,105,48.3,56.7
T0004610,M00047,2025-01-17,F02,Program,110,50.6,59.4
T0004611,M00311,2025-01-15,F02,Program,120,55.2,64.8
T0004612,M00073,2025-01-19,F02,Program,120,55.2,64.8
T0004613,M00372,2025-01-01,F02,Program,120,55.2,64.8
T0004614,M00516,2025-01-14,F02,Program,110,50.6,59.4
T0004615,M00581,2025-01-03,F02,Program,105,48.3,56.7
T0004616,M01200,2025-01-15,F02,Program,120,55.2,64.8
T0004617,M00792,2025-01-24,F02,Program,110,50.6,59.4
T0004618,M00377,2025-01-02,F02,Program,120,55.2,64.8
T0004619,M00419,2025-01-11,F02,Program,105,48.3,56.7
T0004620,M01328,2025-01-03,F02,Program,120,55.2,64.8
T0004621,M00073,2025-01-09,F02,Program,105,48.3,56.7
T0004622,M00952,2025-01-11,F02,Program,120,55.2,64.8
T0004623,M01226,2025-01-04,F02,Program,120,55.2,64.8
T0004624,M00616,2025-01-21,F02,Program,120,55.2,64.8
T0004625,M01354,2025-08-08,F02,Program,120,55.2,64.8
T0004626,M00629,2025-08-06,F02,Program,105,48.3,56.7
T0004627,M00088,2025-08-20,F02,Program,105,48.3,56.7
T0004628,M01197,2025-08-22,F02,Program,110,50.6,59.4
T0004629,M00156,2025-08-11,F02,Program,120,55.2,64.8
T0004630,M00732,2025-08-06,F02,Program,110,50.6,59.4
T0004631,M00649,2025-08-10,F02,Program,110,50.6,59.4
T0004632,M01134,2025-08-07,F02,Program,110,50.6,59.4
T0004633,M00273,2025-08-12,F02,Program,120,55.2,64.8
T0004634,M01272,2025-08-13,F02,Program,120,55.2,64.8
T0004635,M01190,2025-08-08,F02,Program,120,55.2,64.8
T0004636,M01119,2025-08-20,F02,Program,120,55.2,64.8
T0004637,M00290,2025-08-07,F02,Program,105,48.3,56.7
T0004638,M00466,2025-08-08,F02,Program,120,55.2,64.8
T0004639,M00301,2025-08-11,F02,Program,120,55.2,64.8
T0004640,M00921,2025-08-10,F02,Program,120,55.2,64.8
T0004641,M00300,2025-08-09,F02,Program,120,55.2,64.8
T0004642,M00658,2025-08-25,F02,Program,120,55.2,64.8
T0004643,M00266,2025-08-22,F02,Program,105,48.3,56.7
T0004644,M00389,2025-08-10,F02,Program,120,55.2,64.8
T0004645,M00788,2025-08-05,F02,Program,105,48.3,56.7
T0004646,M00243,2025-08-06,F02,Program,120,55.2,64.8
T0004647,M01382,2025-08-21,F02,Program,120,55.2,64.8
T0004648,M00502,2025-08-10,F02,Program,120,55.2,64.8
T0004649,M00928,2025-08-19,F02,Program,120,55.2,64.8
T0004650,M00338,2025-08-22,F02,Program,120,55.2,64.8
T0004651,M01155,2025-08-11,F02,Program,120,55.2,64.8
T0004652,M00182,2025-08-18,F02,Program,105,48.3,56.7
T0004653,M00268,2025-08-17,F02,Program,120,55.2,64.8
T0004654,M00928,2025-08-02,F02,Program,110,50.6,59.4
T0004655,M00953,2025-08-03,F02,Program,120,55.2,64.8
T0004656,M00880,2025-08-12,F02,Program,120,55.2,64.8
T0004657,M00343,2025-08-19,F02,Program,120,55.2,64.8
T0004658,M00806,2025-08-19,F02,Program,120,55.2,64.8
T0004659,M00720,2025-08-11,F02,Program,120,55.2,64.8
T0004660,M01334,2025-08-09,F02,Program,120,55.2,64.8
T0004661,M00953,2025-08-24,F02,Program,105,48.3,56.7
T0004662,M00480,2025-08-12,F02,Program,110,50.6,59.4
T0004663,M00495,2025-08-09,F02,Program,120,55.2,64.8
T0004664,M00062,2025-08-04,F02,Program,120,55.2,64.8
T0004665,M00191,2025-04-03,F02,Program,75,34.5,40.5
T0004666,M01145,2025-04-24,F02,Program,75,34.5,40.5
T0004667,M00961,2025-04-24,F02,Program,75,34.5,40.5
T0004668,M01168,2025-04-02,F02,Program,75,34.5,40.5
T0004669,M01045,2025-04-15,F02,Program,75,34.5,40.5
T0004670,M00046,2025-04-14,F02,Program,65,29.9,35.1
T0004671,M00903,2025-04-17,F02,Program,75,34.5,40.5
T0004672,M00057,2025-04-05,F02,Program,75,34.5,40.5
T0004673,M01356,2025-04-04,F02,Program,60,27.6,32.4
T0004674,M00690,2025-04-18,F02,Program,65,29.9,35.1
T0004675,M00081,2025-04-06,F02,Program,60,27.6,32.4
T0004676,M01288,2025-04-14,F02,Program,60,27.6,32.4
T0004677,M00087,2025-04-07,F02,Program,65,29.9,35.1
T0004678,M01214,2025-04-08,F02,Program,75,34.5,40.5
T0004679,M01111,2025-04-09,F02,Program,60,27.6,32.4
T0004680,M01247,2025-04-24,F02,Program,75,34.5,40.5
T0004681,M00643,2025-04-03,F02,Program,75,34.5,40.5
T0004682,M00034,2025-04-24,F02,Program,65,29.9,35.1
T0004683,M01146,2025-04-21,F02,Program,65,29.9,35.1
T0004684,M00325,2025-04-24,F02,Program,60,27.6,32.4
T0004685,M01352,2025-04-15,F02,Program,75,34.5,40.5
T0004686,M00783,2025-04-22,F02,Program,75,34.5,40.5
T0004687,M00980,2025-04-06,F02,Program,75,34.5,40.5
T0004688,M01089,2025-04-18,F02,Program,75,34.5,40.5
T0004689,M00697,2025-04-08,F02,Program,75,34.5,40.5
T0004690,M00542,2025-04-22,F02,Program,75,34.5,40.5
T0004691,M00403,2025-04-25,F02,Program,60,27.6,32.4
T0004692,M00812,2025-04-18,F02,Program,75,34.5,40.5
T0004693,M00309,2025-04-16,F02,Program,65,29.9,35.1
T0004694,M00378,2025-04-21,F02,Program,65,29.9,35.1
T0004695,M00015,2025-04-02,F02,Program,75,34.5,40.5
T0004696,M00083,2025-04-02,F02,Program,75,34.5,40.5
T0004697,M00433,2025-04-10,F02,Program,75,34.5,40.5
T0004698,M01240,2025-04-10,F02,Program,60,27.6,32.4
T0004699,M00304,2025-04-06,F02,Program,65,29.9,35.1
T0004700,M01359,2025-04-19,F02,Program,60,27.6,32.4
T0004701,M00961,2025-04-23,F02,Program,60,27.6,32.4
T0004702,M01323,2025-04-07,F02,Program,75,34.5,40.5
T0004703,M00691,2025-04-04,F02,Program,75,34.5,40.5
T0004704,M00871,2025-04-13,F02,Program,75,34.5,40.5
T0004705,M00717,2025-06-14,F03,Program,35,16.1,18.9
T0004706,M01153,2025-06-05,F03,Program,35,16.1,18.9
T0004707,M00371,2025-06-24,F03,Program,35,16.1,18.9
T0004708,M00490,2025-06-17,F03,Program,45,20.7,24.3
T0004709,M00739,2025-06-10,F03,Program,45,20.7,24.3
T0004710,M00204,2025-06-16,F03,Program,45,20.7,24.3
T0004711,M00018,2025-06-22,F03,Program,35,16.1,18.9
T0004712,M00789,2025-06-11,F03,Program,45,20.7,24.3
T0004713,M01200,2025-06-23,F03,Program,45,20.7,24.3
T0004714,M01199,2025-09-01,F03,Program,45,20.7,24.3
T0004715,M00121,2025-09-17,F03,Program,30,13.8,16.2
T0004716,M01364,2025-09-23,F03,Program,45,20.7,24.3
T0004717,M01318,2025-09-19,F03,Program,45,20.7,24.3
T0004718,M00443,2025-09-13,F03,Program,30,13.8,16.2
T0004719,M01276,2025-09-14,F03,Program,35,16.1,18.9
T0004720,M01211,2025-09-09,F03,Program,45,20.7,24.3
T0004721,M00949,2025-09-23,F03,Program,45,20.7,24.3
T0004722,M00435,2025-09-18,F03,Program,45,20.7,24.3
T0004723,M00405,2025-09-13,F03,Program,30,13.8,16.2
T0004724,M01082,2025-09-18,F03,Program,45,20.7,24.3
T0004725,M00017,2025-09-10,F03,Program,35,16.1,18.9
T0004726,M01021,2025-09-01,F03,Program,30,13.8,16.2
T0004727,M01189,2025-09-18,F03,Program,45,20.7,24.3
T0004728,M00255,2025-09-19,F03,Program,45,20.7,24.3
T0004729,M01232,2025-09-09,F03,Program,45,20.7,24.3
T0004730,M00671,2025-09-16,F03,Program,45,20.7,24.3
T0004731,M00104,2025-09-21,F03,Program,45,20.7,24.3
T0004732,M00429,2025-09-02,F03,Program,45,20.7,24.3
T0004733,M00689,2025-09-16,F03,Program,45,20.7,24.3
T0004734,M00985,2025-09-16,F03,Program,45,20.7,24.3
T0004735,M00052,2025-09-13,F03,Program,45,20.7,24.3
T0004736,M00967,2025-09-09,F03,Program,45,20.7,24.3
T0004737,M01140,2025-09-19,F03,Program,45,20.7,24.3
T0004738,M00145,2025-09-16,F03,Program,30,13.8,16.2
T0004739,M00824,2025-09-15,F03,Program,45,20.7,24.3
T0004740,M00382,2025-09-02,F03,Program,30,13.8,16.2
T0004741,M00749,2025-09-02,F03,Program,45,20.7,24.3
T0004742,M01191,2025-09-01,F03,Program,45,20.7,24.3
T0004743,M00982,2025-09-18,F03,Program,45,20.7,24.3
T0004744,M01200,2025-09-25,F03,Program,45,20.7,24.3
T0004745,M00054,2025-09-16,F03,Program,35,16.1,18.9
T0004746,M00636,2025-09-20,F03,Program,30,13.8,16.2
T0004747,M00888,2025-08-02,F03,Program,120,55.2,64.8
T0004748,M01191,2025-08-20,F03,Program,105,48.3,56.7
T0004749,M00805,2025-08-18,F03,Program,120,55.2,64.8
T0004750,M01279,2025-08-21,F03,Program,105,48.3,56.7
T0004751,M00031,2025-08-03,F03,Program,120,55.2,64.8
T0004752,M01388,2025-08-16,F03,Program,105,48.3,56.7
T0004753,M01351,2025-08-21,F03,Program,105,48.3,56.7
T0004754,M00906,2025-08-22,F03,Program,105,48.3,56.7
T0004755,M00442,2025-08-22,F03,Program,120,55.2,64.8
T0004756,M00932,2025-08-13,F03,Program,120,55.2,64.8
T0004757,M00465,2025-08-10,F03,Program,110,50.6,59.4
T0004758,M00265,2025-08-22,F03,Program,120,55.2,64.8
T0004759,M00788,2025-08-01,F03,Program,120,55.2,64.8
T0004760,M00330,2025-08-16,F03,Program,105,48.3,56.7
T0004761,M01277,2025-08-20,F03,Program,110,50.6,59.4
T0004762,M01268,2025-08-22,F03,Program,120,55.2,64.8
T0004763,M00089,2025-08-11,F03,Program,120,55.2,64.8
T0004764,M00825,2025-08-13,F03,Program,120,55.2,64.8
T0004765,M01136,2025-08-19,F03,Program,120,55.2,64.8
T0004766,M00693,2025-08-02,F03,Program,120,55.2,64.8
T0004767,M00248,2025-08-16,F03,Program,110,50.6,59.4
T0004768,M00378,2025-01-01,F03,Program,105,48.3,56.7
T0004769,M00796,2025-01-18,F03,Program,105,48.3,56.7
T0004770,M01280,2025-01-07,F03,Program,110,50.6,59.4
T0004771,M00608,2025-01-06,F03,Program,110,50.6,59.4
T0004772,M00022,2025-01-04,F03,Program,110,50.6,59.4
T0004773,M00807,2025-01-25,F03,Program,110,50.6,59.4
T0004774,M00027,2025-01-03,F03,Program,120,55.2,64.8
T0004775,M00669,2025-01-23,F03,Program,120,55.2,64.8
T0004776,M00929,2025-01-25,F03,Program,120,55.2,64.8
T0004777,M00816,2025-01-04,F03,Program,120,55.2,64.8
T0004778,M01321,2025-01-22,F03,Program,110,50.6,59.4
T0004779,M00650,2025-01-09,F03,Program,120,55.2,64.8
T0004780,M01345,2025-01-10,F03,Program,110,50.6,59.4
T0004781,M00084,2025-01-14,F03,Program,110,50.6,59.4
T0004782,M00460,2025-01-15,F03,Program,110,50.6,59.4
T0004783,M00673,2025-01-14,F03,Program,120,55.2,64.8
T0004784,M00510,2025-01-21,F03,Program,120,55.2,64.8
T0004785,M01330,2025-01-22,F03,Program,105,48.3,56.7
T0004786,M01225,2025-01-16,F03,Program,120,55.2,64.8
T0004787,M00086,2025-01-08,F03,Program,105,48.3,56.7
T0004788,M00144,2025-01-23,F03,Program,120,55.2,64.8
T0004789,M00886,2025-01-17,F03,Program,110,50.6,59.4
T0004790,M00238,2025-01-11,F03,Program,105,48.3,56.7
T0004791,M00976,2025-01-23,F03,Program,120,55.2,64.8
T0004792,M01323,2025-01-13,F03,Program,110,50.6,59.4
T0004793,M00395,2025-01-08,F03,Program,110,50.6,59.4
T0004794,M01094,2025-01-02,F03,Program,120,55.2,64.8
T0004795,M00070,2025-01-15,F03,Program,120,55.2,64.8
T0004796,M01076,2025-01-07,F03,Program,105,48.3,56.7
T0004797,M00206,2025-04-02,F03,Program,45,20.7,24.3
T0004798,M01087,2025-04-21,F03,Program,45,20.7,24.3
T0004799,M01379,2025-04-04,F03,Program,45,20.7,24.3
T0004800,M00029,2025-04-03,F03,Program,35,16.1,18.9
T0004801,M00085,2025-04-07,F03,Program,45,20.7,24.3
T0004802,M01007,2025-04-08,F03,Program,45,20.7,24.3
T0004803,M00349,2025-04-05,F03,Program,35,16.1,18.9
T0004804,M00681,2025-04-23,F03,Program,45,20.7,24.3
T0004805,M00010,2025-04-04,F03,Program,45,20.7,24.3
T0004806,M00070,2025-04-15,F03,Program,45,20.7,24.3
T0004807,M00404,2025-04-19,F03,Program,30,13.8,16.2
T0004808,M00643,2025-04-21,F03,Program,45,20.7,24.3
T0004809,M00817,2025-04-08,F03,Program,45,20.7,24.3
T0004810,M00217,2025-04-11,F03,Program,45,20.7,24.3
T0004811,M01011,2025-04-24,F03,Program,90,41.4,48.6
T0004812,M00822,2025-04-08,F03,Program,75,34.5,40.5
T0004813,M01116,2025-04-06,F03,Program,75,34.5,40.5
T0004814,M00974,2025-04-19,F03,Program,80,36.8,43.2
T0004815,M00651,2025-04-01,F03,Program,90,41.4,48.6
T0004816,M00329,2025-04-11,F03,Program,90,41.4,48.6
T0004817,M00323,2025-04-10,F03,Program,90,41.4,48.6
T0004818,M01351,2025-04-19,F03,Program,90,41.4,48.6
T0004819,M01094,2025-04-03,F03,Program,90,41.4,48.6
T0004820,M01036,2025-03-05,F03,Program,60,27.6,32.4
T0004821,M00409,2025-03-05,F03,Program,50,23,27
T0004822,M01088,2025-03-23,F03,Program,45,20.7,24.3
T0004823,M00883,2025-03-09,F03,Program,60,27.6,32.4
T0004824,M00832,2025-03-06,F03,Program,60,27.6,32.4
T0004825,M01233,2025-03-13,F03,Program,60,27.6,32.4
T0004826,M00475,2025-03-18,F03,Program,60,27.6,32.4
T0004827,M00609,2025-03-06,F03,Program,45,20.7,24.3
T0004828,M00951,2025-03-11,F03,Program,60,27.6,32.4
T0004829,M01129,2025-03-16,F03,Program,60,27.6,32.4
T0004830,M00210,2025-03-21,F03,Program,60,27.6,32.4
T0004831,M01232,2025-03-17,F03,Program,50,23,27
T0004832,M00514,2025-03-21,F03,Program,45,20.7,24.3
T0004833,M00386,2025-03-01,F03,Program,60,27.6,32.4
T0004834,M00302,2025-03-23,F03,Program,60,27.6,32.4
T0004835,M00438,2025-09-01,F03,Program,45,20.7,24.3
T0004836,M00833,2025-09-05,F03,Program,45,20.7,24.3
T0004837,M00856,2025-09-19,F03,Program,35,16.1,18.9
T0004838,M00939,2025-09-17,F03,Program,45,20.7,24.3
T0004839,M00273,2025-09-14,F03,Program,35,16.1,18.9
T0004840,M00357,2025-09-15,F03,Program,45,20.7,24.3
T0004841,M00532,2025-09-04,F03,Program,45,20.7,24.3
T0004842,M01158,2025-09-12,F03,Program,35,16.1,18.9
T0004843,M00297,2025-09-20,F03,Program,45,20.7,24.3
T0004844,M00866,2025-09-24,F03,Program,35,16.1,18.9
T0004845,M00676,2025-09-01,F03,Program,45,20.7,24.3
T0004846,M01265,2025-09-21,F03,Program,35,16.1,18.9
T0004847,M00853,2025-09-24,F03,Program,45,20.7,24.3
T0004848,M01158,2025-09-02,F03,Program,30,13.8,16.2
T0004849,M00712,2025-09-14,F03,Program,35,16.1,18.9
T0004850,M01327,2025-09-10,F03,Program,45,20.7,24.3
T0004851,M00221,2025-09-23,F04,Program,75,34.5,40.5
T0004852,M01054,2025-09-04,F04,Program,75,34.5,40.5
T0004853,M01280,2025-09-03,F04,Program,75,34.5,40.5
T0004854,M00356,2025-09-09,F04,Program,75,34.5,40.5
T0004855,M01338,2025-09-09,F04,Program,60,27.6,32.4
T0004856,M01313,2025-09-21,F04,Program,65,29.9,35.1
T0004857,M01177,2025-09-16,F04,Program,75,34.5,40.5
T0004858,M00156,2025-09-05,F04,Program,75,34.5,40.5
T0004859,M00677,2025-09-07,F04,Program,75,34.5,40.5
T0004860,M01228,2025-09-20,F04,Program,75,34.5,40.5
T0004861,M00191,2025-09-16,F04,Program,65,29.9,35.1
T0004862,M00082,2025-09-13,F04,Program,75,34.5,40.5
T0004863,M01021,2025-09-18,F04,Program,75,34.5,40.5
T0004864,M00771,2025-09-15,F04,Program,75,34.5,40.5
T0004865,M00902,2025-09-05,F04,Program,75,34.5,40.5
T0004866,M00861,2025-08-08,F04,Program,75,34.5,40.5
T0004867,M00952,2025-08-24,F04,Program,75,34.5,40.5
T0004868,M00156,2025-08-25,F04,Program,75,34.5,40.5
T0004869,M00195,2025-08-18,F04,Program,65,29.9,35.1
T0004870,M00265,2025-08-10,F04,Program,60,27.6,32.4
T0004871,M00500,2025-08-05,F04,Program,75,34.5,40.5
T0004872,M00323,2025-08-08,F04,Program,65,29.9,35.1
T0004873,M00761,2025-08-14,F04,Program,60,27.6,32.4
T0004874,M01132,2025-08-07,F04,Program,75,34.5,40.5
T0004875,M00116,2025-08-17,F04,Program,65,29.9,35.1
T0004876,M00363,2025-08-17,F04,Program,75,34.5,40.5
T0004877,M00609,2025-08-18,F04,Program,65,29.9,35.1
T0004878,M00065,2025-08-14,F04,Program,75,34.5,40.5
T0004879,M00696,2025-08-02,F04,Program,75,34.5,40.5
T0004880,M00840,2025-08-04,F04,Program,75,34.5,40.5
T0004881,M00014,2025-08-23,F04,Program,75,34.5,40.5
T0004882,M01152,2025-08-05,F04,Program,75,34.5,40.5
T0004883,M00810,2025-08-25,F04,Program,75,34.5,40.5
T0004884,M01190,2025-06-21,F04,Program,30,13.8,16.2
T0004885,M00755,2025-06-11,F04,Program,45,20.7,24.3
T0004886,M00348,2025-06-17,F04,Program,45,20.7,24.3
T0004887,M00863,2025-06-17,F04,Program,45,20.7,24.3
T0004888,M00307,2025-06-25,F04,Program,45,20.7,24.3
T0004889,M00165,2025-06-15,F04,Program,45,20.7,24.3
T0004890,M01130,2025-06-24,F04,Program,35,16.1,18.9
T0004891,M01137,2025-06-22,F04,Program,45,20.7,24.3
T0004892,M00697,2025-06-04,F04,Program,45,20.7,24.3
T0004893,M01345,2025-06-14,F04,Program,35,16.1,18.9
T0004894,M01131,2025-06-19,F04,Program,45,20.7,24.3
T0004895,M01337,2025-06-18,F04,Program,45,20.7,24.3
T0004896,M00611,2025-06-02,F04,Program,30,13.8,16.2
T0004897,M00639,2025-06-02,F04,Program,35,16.1,18.9
T0004898,M01161,2025-06-02,F04,Program,30,13.8,16.2
T0004899,M01117,2025-06-02,F04,Program,30,13.8,16.2
T0004900,M00717,2025-06-19,F04,Program,45,20.7,24.3
T0004901,M01109,2025-06-12,F04,Program,45,20.7,24.3
T0004902,M00946,2025-06-17,F04,Program,30,13.8,16.2
T0004903,M01165,2025-06-08,F04,Program,45,20.7,24.3
T0004904,M00177,2025-06-01,F04,Program,45,20.7,24.3
T0004905,M00212,2025-06-14,F04,Program,45,20.7,24.3
T0004906,M01328,2025-06-25,F04,Program,35,16.1,18.9
T0004907,M00811,2025-01-02,F04,Program,65,29.9,35.1
T0004908,M00251,2025-01-17,F04,Program,75,34.5,40.5
T0004909,M00213,2025-01-22,F04,Program,75,34.5,40.5
T0004910,M00597,2025-01-15,F04,Program,65,29.9,35.1
T0004911,M00113,2025-01-01,F04,Program,75,34.5,40.5
T0004912,M00784,2025-01-21,F04,Program,75,34.5,40.5
T0004913,M00647,2025-01-12,F04,Program,60,27.6,32.4
T0004914,M00960,2025-01-25,F04,Program,60,27.6,32.4
T0004915,M00369,2025-01-23,F04,Program,65,29.9,35.1
T0004916,M00656,2025-01-18,F04,Program,65,29.9,35.1
T0004917,M00642,2025-01-01,F04,Program,75,34.5,40.5
T0004918,M00629,2025-01-18,F04,Program,60,27.6,32.4
T0004919,M01328,2025-01-10,F04,Program,75,34.5,40.5
T0004920,M01066,2025-01-09,F04,Program,75,34.5,40.5
T0004921,M00963,2025-01-08,F04,Program,75,34.5,40.5
T0004922,M00447,2025-01-14,F04,Program,75,34.5,40.5
T0004923,M01085,2025-01-06,F04,Program,75,34.5,40.5
T0004924,M01223,2025-01-19,F04,Program,60,27.6,32.4
T0004925,M00101,2025-01-11,F04,Program,60,27.6,32.4
T0004926,M01350,2025-01-19,F04,Program,45,20.7,24.3
T0004927,M00019,2025-01-02,F04,Program,60,27.6,32.4
T0004928,M00815,2025-01-01,F04,Program,60,27.6,32.4
T0004929,M00987,2025-01-19,F04,Program,60,27.6,32.4
T0004930,M00144,2025-01-20,F04,Program,50,23,27
T0004931,M01310,2025-01-05,F04,Program,60,27.6,32.4
T0004932,M00256,2025-01-25,F04,Program,50,23,27
T0004933,M00961,2025-01-18,F04,Program,60,27.6,32.4
T0004934,M01016,2025-01-05,F04,Program,60,27.6,32.4
T0004935,M01075,2025-01-21,F04,Program,60,27.6,32.4
T0004936,M00499,2025-01-08,F04,Program,60,27.6,32.4
T0004937,M01139,2025-01-15,F04,Program,60,27.6,32.4
T0004938,M00698,2025-01-19,F04,Program,60,27.6,32.4
T0004939,M00009,2025-01-10,F04,Program,45,20.7,24.3
T0004940,M01067,2025-03-06,F04,Program,90,41.4,48.6
T0004941,M01381,2025-03-16,F04,Program,75,34.5,40.5
T0004942,M01350,2025-03-20,F04,Program,75,34.5,40.5
T0004943,M00993,2025-03-08,F04,Program,90,41.4,48.6
T0004944,M00408,2025-03-25,F04,Program,90,41.4,48.6
T0004945,M00841,2025-03-17,F04,Program,80,36.8,43.2
T0004946,M00702,2025-03-16,F04,Program,90,41.4,48.6
T0004947,M00056,2025-03-06,F04,Program,90,41.4,48.6
T0004948,M00264,2025-03-22,F04,Program,90,41.4,48.6
T0004949,M00843,2025-03-05,F04,Program,90,41.4,48.6
T0004950,M00088,2025-03-14,F04,Program,90,41.4,48.6
T0004951,M00022,2025-03-20,F04,Program,90,41.4,48.6
T0004952,M01217,2025-03-08,F04,Program,80,36.8,43.2
T0004953,M00070,2025-03-09,F04,Program,90,41.4,48.6
T0004954,M00350,2025-03-20,F04,Program,90,41.4,48.6
T0004955,M00560,2025-03-04,F04,Program,80,36.8,43.2
T0004956,M01276,2025-03-01,F04,Program,90,41.4,48.6
T0004957,M00435,2025-03-11,F04,Program,75,34.5,40.5
T0004958,M00219,2025-03-18,F04,Program,90,41.4,48.6
T0004959,M00823,2025-03-16,F04,Program,80,36.8,43.2
T0004960,M01383,2025-03-02,F04,Program,90,41.4,48.6
T0004961,M01044,2025-08-13,F04,Program,75,34.5,40.5
T0004962,M00728,2025-08-05,F04,Program,75,34.5,40.5
T0004963,M01142,2025-08-10,F04,Program,90,41.4,48.6
T0004964,M01360,2025-08-09,F04,Program,80,36.8,43.2
T0004965,M01195,2025-08-20,F04,Program,90,41.4,48.6
T0004966,M00324,2025-08-10,F04,Program,90,41.4,48.6
T0004967,M01190,2025-08-23,F04,Program,90,41.4,48.6
T0004968,M00108,2025-08-14,F04,Program,75,34.5,40.5
T0004969,M00699,2025-08-07,F04,Program,75,34.5,40.5
T0004970,M01239,2025-08-05,F04,Program,90,41.4,48.6
T0004971,M00060,2025-08-22,F04,Program,90,41.4,48.6
T0004972,M01331,2025-08-14,F04,Program,75,34.5,40.5
T0004973,M00200,2025-08-14,F04,Program,80,36.8,43.2
T0004974,M01182,2025-08-18,F04,Program,75,34.5,40.5
T0004975,M00469,2025-08-02,F04,Program,90,41.4,48.6
T0004976,M00813,2025-08-02,F04,Program,90,41.4,48.6
T0004977,M00250,2025-08-11,F04,Program,90,41.4,48.6
T0004978,M01074,2025-08-23,F04,Program,90,41.4,48.6
T0004979,M01315,2025-08-08,F04,Program,80,36.8,43.2
T0004980,M00196,2025-08-12,F04,Program,75,34.5,40.5
T0004981,M00649,2025-08-18,F04,Program,90,41.4,48.6
T0004982,M00128,2025-08-25,F04,Program,90,41.4,48.6
T0004983,M00887,2025-08-13,F04,Program,80,36.8,43.2
T0004984,M01268,2025-08-14,F04,Program,90,41.4,48.6
T0004985,M01298,2025-08-20,F04,Program,90,41.4,48.6
T0004986,M00980,2025-08-05,F04,Program,60,27.6,32.4
T0004987,M00365,2025-08-23,F04,Program,60,27.6,32.4
T0004988,M00849,2025-08-13,F04,Program,60,27.6,32.4
T0004989,M00088,2025-08-07,F04,Program,50,23,27
T0004990,M00980,2025-08-19,F04,Program,50,23,27
T0004991,M00623,2025-08-21,F04,Program,45,20.7,24.3
T0004992,M01052,2025-08-13,F04,Program,60,27.6,32.4
T0004993,M00842,2025-08-04,F04,Program,50,23,27
T0004994,M00122,2025-08-06,F04,Program,60,27.6,32.4
T0004995,M01315,2025-08-05,F04,Program,45,20.7,24.3
T0004996,M01297,2025-08-07,F04,Program,45,20.7,24.3
T0004997,M00334,2025-08-19,F04,Program,60,27.6,32.4
T0004998,M00479,2025-08-24,F04,Program,45,20.7,24.3
T0004999,M00258,2025-08-06,F04,Program,60,27.6,32.4
T0005000,M00923,2025-08-10,F04,Program,60,27.6,32.4
T0005001,M00633,2025-08-15,F04,Program,45,20.7,24.3
T0005002,M00781,2025-08-02,F04,Program,60,27.6,32.4
T0005003,M01149,2025-08-15,F04,Program,60,27.6,32.4
T0005004,M00913,2025-08-05,F04,Program,45,20.7,24.3
T0005005,M00118,2025-08-19,F04,Program,60,27.6,32.4
T0005006,M00014,2025-08-04,F04,Program,45,20.7,24.3
T0005007,M00403,2025-08-20,F04,Program,45,20.7,24.3
T0005008,M00818,2025-08-22,F04,Program,60,27.6,32.4
T0005009,M00641,2025-08-22,F04,Program,60,27.6,32.4
T0005010,M00912,2025-08-18,F04,Program,60,27.6,32.4
T0005011,M00688,2025-08-14,F04,Program,60,27.6,32.4
T0005012,M00227,2025-08-08,F04,Program,60,27.6,32.4
T0005013,M00576,2025-08-15,F04,Program,45,20.7,24.3
